AA_A,AA_C,AA_D,AA_E,AA_F,AA_G,AA_H,AA_I,AA_K,AA_L,AA_M,AA_N,AA_P,AA_Q,AA_R,AA_S,AA_T,AA_V,AA_W,AA_Y,mol_weight,isoelectric,gravy,instability,aromaticity,aliphatic
-0.0019261676721338086,0.016993137541624768,0.07309285834899826,0.02058347782844157,-0.0011088744862040594,-0.011875285405667792,0.014823767290081936,-0.0006833148334640227,0.04683747672657545,0.029640194019654117,0.0007646656336778395,0.006400241309483644,-0.00022385232795840763,0.054498889063247166,-0.0005476266403524084,-0.037255935715103446,-0.002997253874810285,0.02174991164213357,-0.003339345555049952,0.009617821061359272,0.010270706254384903,0.0041567086202866374,0.12225235908173589,0.009644591164061574,0.030165849159494326,0.03389644035712128
0.0052157795325068375,-0.005166764139699493,0.05658663559486648,-0.002572577588327074,-0.005160302284270905,0.05493959504853801,-0.006183322861169175,0.024972751792855494,0.053106352482350974,0.0018096636660591182,0.0016607832288200689,0.02380427755292658,0.0037303603143604433,-0.04496764819617475,0.006860741003307774,0.009776697465161294,0.0035988600711183015,0.05769896161713155,0.00025367121937341436,0.010190285316422446,0.0858158364973404,0.002967781465696546,0.07517028806572175,0.0011285097228720877,0.023739805805010117,0.006454416198811757
-0.006973511718585686,-0.024408527559184847,0.00898028028104755,-0.013608522719404942,0.015917684409672485,0.0374428444670754,-0.024060321018469562,-0.0021080087033763743,-0.0074405647400346145,-0.009677018633230358,-0.008246857834261597,-0.017836734364769135,0.005372084451079998,-0.020040251925671798,-0.0028959229896102453,-0.03817174455880714,-0.002665486512543806,-0.01781489293488727,-0.010705646254986245,0.015278994881734946,-0.12225148990626122,-0.01295501464017837,-0.03845141056631539,-0.02072328712100704,0.012047600754801326,-0.02062045499965241
-0.01166050265790898,-0.008565861251120913,0.010711314187589633,-0.03046609314972249,-0.009337798392161626,-0.09287280051698399,-0.020384187386912708,0.002350101490700632,-0.011509696934577237,-0.008774805235944916,-0.005198435737543141,0.015844495297315186,-0.00856102113977391,-0.05553246066923203,-0.009033502815343111,-0.028323703423219222,-0.014665753141438753,-0.02393969883962353,0.008294036069330935,-0.029827454336620523,-0.20212163834538513,-0.00897011815848026,0.026488314601870004,-0.014087375237016893,-0.01938537329619027,-0.0050385423896166905
-0.003963433440641049,0.04124377928516737,-0.00847133896573291,0.032887225735618454,0.03779811400838059,-0.011166209717078018,0.04442500862158211,0.014775310882890717,5.6933559835089465e-05,0.02387193662570401,0.0027872814675787175,-0.01409712331637034,0.012494442441616134,0.0026621741339055115,0.0011727503469221776,-0.012081854459639767,0.013882166912865293,0.01025124824755505,0.033106847444548435,-0.004173615575467787,0.1339812261058358,0.0043938308987387575,0.060903558191282736,0.001449619269296636,0.01878687147578991,0.008454688411436064
-0.011555112626316866,-0.01704661318818147,0.0031346564463639,-0.012141955095275558,-0.009539329387679877,0.0052324403505206885,0.015863654217908883,0.015573721157024314,-0.008655499816902034,-0.017895386442369602,-0.0011841454278798034,-0.009993315701666181,-0.004724883565823671,-0.030394159510184395,-0.01028617265956548,-0.05861941128422997,-0.013565610818966735,-0.035035341044729086,-0.014381505402611612,-0.01262374688409998,-0.01711350757373952,-0.009880345987230303,-0.06943873339369831,-0.042375966360471494,-0.022684717624046263,-0.008570907117860516
0.0280395939203428,-0.0006058691644938692,0.004626275831064638,-0.0007727214765863228,0.03545150763716371,0.05142819279170285,0.012959551080586561,0.022255001416654954,-0.004102156063803621,0.001909550713379526,0.0011483900182790712,-0.025209539771845927,0.003912102687996937,-0.007157196224733722,0.00425684328294189,0.026898365159921674,0.0043745131352250066,0.001832629454649011,0.03390250832598604,0.0283682119770237,0.15030966238502322,-0.007746640252382403,0.01487447441294635,0.012856957828217023,0.05272129991212934,-0.0011000704257766128
-0.019102495371614524,-0.030463568762722482,-0.03445694391003842,0.003837658774848582,-0.029863939274521155,-0.00784425000157791,0.005453108819330173,0.01850560825619886,-0.021302486374459875,-0.012721948471969814,-0.0054904994160391565,-0.014630440011239726,-0.02233982056404211,-0.017764233923162006,-0.010148043350285352,-0.03268423279507385,-0.014562255899851795,-0.013718958669342196,-0.013995272277369054,-0.027251858958199683,-0.1533111276516304,-0.01435209834543345,-0.021441270776319247,-0.01711909641198273,-0.025317270127313007,-0.0024828259143040896
0.03609472921355757,0.00945020019310277,0.012559828844530177,-0.0005943382696923431,0.02228824680682746,0.0882581902758325,0.0032331876340089766,0.016977404669114175,0.006994172294157173,0.003075944810003715,0.013269435108477088,0.1010925175361657,7.439514618653867e-05,0.006207697475166376,0.0041154647758023,-0.02618134457843585,0.014646064757586542,-0.002992523208039244,0.023617235147189393,0.022639621011016804,0.06793929993169968,0.0073464372101277615,-0.00023514421996719822,0.01108609517107464,0.0005429856822997599,0.003925635173700428
-0.0025545727635526384,0.007437611509937233,0.0770335378560181,0.013556658195702233,0.0016591421079499952,0.033851758756557535,0.0030825816939734846,0.0070827488771550715,0.05279233962624834,0.02252135221010611,-0.00957267638898072,0.045437324992665305,0.0017219972900904446,0.024768613175912585,0.00028702918966941625,-0.01939145221586117,-0.0022553710881456383,0.03304631717083386,0.002082417911591425,0.014707897524013743,-0.05307561344741674,-0.0008193282959628488,0.11011971751252794,0.016504521572848138,0.03644618878336913,0.02896069683435465
-0.011401483907792548,-0.01239320597347223,0.016117420294524582,-0.02999977327966555,-0.013586215712654014,-0.08106018896033666,-0.017439750397282693,-0.021692056987667983,-0.029295743364411354,-0.005900365705298807,-0.006531476453093061,-0.012170272506895695,-0.010699989272881969,-0.048371852744673864,-0.0016769335159278651,-0.02382591928507819,-0.01395765568207305,-0.021532394518132426,-0.013517312222429648,-0.024273771278299345,-0.17293039861435883,-0.005106448464129555,0.034723423654805415,-0.003508915764780394,-0.02140866849748054,0.00020472108428000547
0.02425568923042638,0.015595366826171258,0.06661430424653611,-0.004777614033743511,0.0052558232578978565,0.04200793565756295,-0.01122947497619895,0.01943955221171095,0.012978566928939369,0.002803416016831296,0.0018028461367471384,0.020247261947025284,0.003953786202801465,-0.017345832851052553,-0.0021823819294971986,0.0010250755252405768,0.0030247820780256785,0.058567053475125426,4.4867389022408575e-05,-0.0015534740337700235,0.06211131847886138,0.010793466478931018,0.10427048171072548,0.015316630436100131,-0.006120776667835205,0.018532768849062613
0.004513756980145679,-0.000280395353878143,0.008069437520182758,-0.0012757825022234523,0.0219104819664577,0.04208737857213302,-0.016142672154689078,-0.03520635355201399,0.01191472279901968,-0.0012216029279196357,-0.0044321805219449855,0.07640323418343689,0.00417659618419677,0.03173723985754763,-0.002409676732262217,0.023071606938926844,-0.0015185244069487976,-0.006894892841639047,-0.0012831324356546046,0.007116865976825042,0.07595896225573145,0.0019589802652602794,0.011977658228972902,0.013381220316685559,-0.002551870472641415,0.001037047114570235
-0.0093503548980087,-0.023423551739140416,-0.025330124462686242,-0.018690660876838048,0.001825087758712081,0.01448474502594519,-0.02306388783313571,-0.0013009707312117635,-0.01861730144977931,-0.010253950412421227,-0.006074179743108199,-0.023477313135573646,-0.0025289512958372984,-0.03156266103308814,-0.009878481899691115,-0.03276614480999556,-0.009686263182923042,-0.020823959021113368,-0.013748897049606926,-0.010629299196077246,-0.15738990725908358,-0.005122461395304816,-0.055834188007775655,-0.022919699715149337,-0.01708290901019679,-0.021322276035115054
0.00044321420234426405,-0.007543961571302827,0.039220621124015316,-0.019399422372108295,-0.009729423026520781,0.03607672961842855,-0.002409166879945597,0.002527571661600167,-0.032664877880939434,-0.0073537525805024255,-0.003518996181530041,-0.0554664736347617,-0.011241645055623747,0.022816246273102594,-0.008704841794418394,-0.010890439601713554,-0.006735371913819334,0.018557666624913486,-0.006896504314971648,0.014905038344820267,0.004379677698974828,0.004950786213524318,0.051959162996003797,-0.0064027292151536885,-0.006639493991391031,-0.0031415094847281194
0.005805071070463582,0.04343863314445244,0.047322898288974485,0.001507526208959198,0.01953233551009141,0.008246333738825731,0.02555538346380267,0.016438630501811994,-0.0013623567250562426,0.08042978653686488,0.01837388375930411,0.0013468095036975336,0.03255820057967579,0.006701498404421792,0.0010484231573020595,-0.0121754226591252,0.011288793067015591,0.0028321805344690477,-0.0013563048952279944,0.01564742010351264,-0.05861823380123398,0.000520708144678308,0.04530218118097444,0.012106532250925107,0.029931263349691217,0.09300926417236392
-0.009681459139377286,-0.021569717106293167,0.011086773394007805,-0.018498334227805245,-0.001732489385859737,0.017215648139224632,-0.01837661689466198,-0.012146642388414385,-0.003622324394966768,0.0008928849687798903,-0.018852028512875835,-0.05819304172973475,-0.0020596545563325496,-0.045466682722675775,-0.00601250156242493,-0.02960915984941486,-0.005994941316824535,-0.014879408956070565,-0.016359352697949702,0.008587476058405697,-0.1281082649943852,-0.005789652688695958,-0.04649391291094433,-0.021315463276410387,-0.003786051902094584,0.00619635724538744
0.009221587804651038,0.0015729829209692532,0.04044837189660282,0.03680490899800379,0.0136817762289739,0.10014062535135652,0.018542189018540895,0.05565562448089623,0.04519799161345392,0.010010001006864316,0.049817077358302014,0.06388740684098289,0.006400859535243535,0.004760422622921472,0.013955445855226215,0.006412107333776363,0.0036584469988938245,-0.0062732206732049175,0.006704956547532942,-0.002187912969825213,-0.021918633293445816,0.009696409728954128,-0.01908184701039621,0.006016767269380573,0.0006118291957402024,-0.008304736068808858
-0.001413061653211744,-0.007100963668909485,0.0012996442121787153,0.004493111064590114,0.015533058750123667,0.05034007121707644,-0.004972802721825052,0.07250888354111726,0.03473804967599114,0.006235406323555083,0.004882097573722486,0.0765910461447482,0.011185512094273861,0.0634183618567441,0.002027425581045199,-0.02910376590974335,-3.4685937244322094e-06,0.002084448570355219,-0.0037190309244036807,0.015111749854930813,0.08450931020570787,0.005183223820665945,-0.01296076205258325,-0.006857608241286693,0.012783080976865983,0.015305087560283571
-0.009125034478480301,-0.01929015895932447,-0.02205478411870024,-0.004995991132353281,-0.007899952412146092,-0.04363163231535191,-0.024296481704193042,-0.015922095855487997,-0.015009373093829206,-0.008455164642389408,-0.009094460752610454,-0.027001826318101867,-0.010139848629124077,-0.031347369309007785,0.0022334373698211056,-0.028090097823493042,-0.011933969286333768,-0.017946042588738238,-0.011316407036181527,-0.01965743942330315,-0.13998204092776292,-0.0050840924942910865,-0.025327771273104604,-0.01544929092055099,-0.01819761988041075,-0.01555305340331658
-0.017094880197252096,-0.01634278004625259,-0.02339988325288684,-0.021999119724550795,-0.03405587052350704,-0.04589188424451471,-0.03250675032341562,-0.035328751724871335,-0.02106744461322259,-0.0028001203978605927,-0.008262336346530083,-0.04610841367180304,-0.015073549484903359,-0.03412355573097969,-0.0071807382378344595,-0.03705342310857348,-0.011932700545933568,-0.017853611656231727,0.015554394336112408,-0.020345293568682594,0.07823030690667822,-0.005217159069538497,-0.049882292173682105,-0.00963178817080708,-0.011387735172155784,-0.023813180665192762
0.012829074215468892,0.030269617756943635,-0.013000907099516368,-0.004562269563846081,0.0078281433817208,0.027063944311144575,0.016423109259090993,0.01349630939123702,0.0010115795939794258,0.003398815488635848,-0.018822710482906346,0.06923871286675444,0.010387316852159698,0.05478961520371944,0.013419099208493013,0.08021927923855128,-0.0035692184643118094,0.02074978766141751,-0.003572190962140328,-0.006289614782637696,0.05475240890675702,0.003524614966357207,0.043599735033171966,0.006545444474043897,-0.00474463118151422,0.017113039985487355
0.014953996670485567,0.00384421112758337,-0.0065527090608350855,0.0009237193491485195,0.05458048989841381,-0.007411101651563587,0.10220654634756668,0.005484414759349753,-0.002333913798544387,-0.0008111973467079661,0.0068479664426390535,0.014655009661728535,0.00019383573069694447,-0.0005466105045786622,-0.002178940935590869,0.013661065515621993,0.0023712768797884013,0.0014808747777867726,0.0419042428784615,-0.0016130246107759131,0.1524317617825053,0.01718022543254334,0.006600614474291009,0.003575264696536406,0.026198187075160837,-0.002214767000077673
-0.003192845624836183,-0.004067647369252734,-0.01791018091308577,0.017662645937051535,0.034398309498201295,0.05557391116845251,-0.005196671886294375,0.06695083613139632,-0.008111972565264917,0.0012883695560468947,0.008202660536596067,0.04175895259969276,0.027051471904862057,0.004610890026689989,0.0009816505807964421,-0.00844891353321473,0.002316524699805869,0.038144272253278086,0.02911991073962881,0.025612594061081993,0.11527392331974763,0.0072457151423293105,-0.005540706087954089,0.019546320988863556,0.007306841515883384,-0.005145424088885045
-0.0003966523181373985,0.0031976727848326996,-0.006957643758382104,0.030741194815696784,0.009806471657496568,0.0038476818426821957,0.0976971051097281,0.014392856933915253,-0.004987284316332069,0.001444988387589421,0.0051418142092715035,0.03795630012524374,-0.001569861662863324,-0.003976414870178416,-0.0012038331202915097,-0.004119864044270457,0.0023304538892676987,0.0017722540567557737,0.033336913406414835,0.014356131838108566,0.15657580435556515,0.017528787147855236,0.013384303908521642,0.004726049119570969,0.017015011767322546,0.0033911973263277377
-0.009285598321903584,-0.017375506629835186,-0.018298374955926056,-0.021523455630425195,-0.01191604497171357,-0.06816050536755831,-0.01342562861253907,-0.017256924048892768,-0.019366859137287,-0.0084547294808431,-0.00740144817665074,-0.029469124478193828,-0.012106561958084187,-0.04425012478361826,-0.008895087015177147,-0.012406110692874405,-0.011378119325085513,-0.025798045436839615,-0.012807309663600653,-0.0030721394974543696,-0.14687597922308926,-0.006390835031034743,0.0027538398440274253,-0.012664989658641075,-0.018926927775218892,0.00018402862013360222
-0.015019738862769938,-0.017417330633591962,-0.030614472230065214,-0.01679200569691972,-0.056029508601353334,-0.01775637705946174,0.0065494116834840235,-0.005754773777055677,-0.01700585126180124,-0.016428420535657566,-0.019665451631788365,-0.052281257664543855,-0.016463178425434266,-0.01014913752433659,-0.013109879379502929,0.0477751425908823,-0.010598003395034002,-0.010625661591910866,0.008299750501052057,-0.02191833193041989,0.049119559828385534,-0.017222044556379993,-0.040459132257396495,-0.008074710718565296,-0.014443032801928456,-0.026817458809606152
-0.009968174585340746,-0.005775438108192588,0.006074851492896506,0.012760844571246693,-0.008449762905994999,0.04225361498766708,-0.011720285629662265,-0.015579420906826853,-0.01566841728851727,-0.00667758362258458,0.0001412865251427889,0.0444747770773725,0.0015826329940654262,-0.020447107928200654,-0.00811038605054817,0.07727426767648225,0.005090581784750506,-0.004106528049326737,-0.002701370881990758,0.030532220226733492,0.0923949769019587,-0.0015521828002723198,-0.010610742906263097,0.010820255762580598,0.018893966018068805,-0.0016065468747021145
-0.016997766645320843,-0.03768293959191224,-0.027430415822247357,0.0021712971051449466,-0.03243264172721524,0.0016370424757523446,-0.020697722682774176,-0.0022058461902457745,-0.0073376423300069125,-0.0189587561801059,-0.011605603023797591,-0.03437623021095636,-0.019859563570720117,-0.03663194774864249,-0.0150175964461392,-0.0318449557334561,-0.009475729557361734,-0.03301041152039682,-0.02276880707979941,-0.03460181189911127,0.014863763912430826,-0.027203405454399882,0.025192668411539623,0.00198773550361487,0.0013506126242928906,-0.03829855469325743
-0.0013437390338440073,0.006912225946450181,-0.0037189049577016245,0.001261383247751216,-0.011528546651068347,0.0019905987758595794,0.043188037288346394,0.07184529788229044,-0.006875091112442615,0.0023510194548839914,0.010999116062945107,-0.005783532535827709,-0.00343910876477003,0.17804240219517103,0.0009941850696445205,-0.005121207974770831,0.01618397232980231,0.0008455441278782623,0.02426690056589351,0.007993788019916175,0.04268998802005894,-0.005365480654727644,0.006451479301795956,0.005150806059026762,0.00019161433673270715,0.011693136036779595
0.03285412650234317,0.006166438488875262,-0.010116704266563794,0.04194201964236039,0.04315672183833599,-0.0026160181011416666,0.07472657565442127,0.006669903240470681,-0.007126493652730598,0.0005192552585491995,0.0008340869919680059,0.04756031768306137,-0.0057809508438984745,-0.007340545158013488,-0.001300827119253868,0.00845679991023449,0.014577509476730869,-0.0008415709233616686,0.03118749845161735,-0.007147827070619182,0.07076727920434696,0.013091532511387421,0.042126831666674,0.005847994798098986,0.04983044038220136,-0.0026129559744759974
0.019739754159850784,0.002628718541257753,-0.0025649710437506876,0.0004211592555453694,0.01982881030032632,0.015659418591499996,0.014021790083886496,0.001158835922360264,0.028402099490431473,0.0042188021992264615,0.009815573996470237,0.03796160305110132,0.0050455730336013745,-0.010798964362851195,0.008429750838810028,0.015062675849984644,0.0010043622525790037,-0.0049840475807161585,0.01675444210056052,0.0035081058235675727,0.24495750791908166,0.011924221777475824,-0.015647272881033843,0.016985090356541117,0.000659031862381727,0.0012393670534210385
-0.0034389927798596674,-0.017088382396981454,-0.0164426368834236,-0.015719982849805702,-0.00634417442389446,-0.06323383649415644,-0.013564780447178312,-0.0027830940252765108,-0.013935510630753246,-0.0104674219179095,-0.005303052782690391,0.00791740786937943,-0.008561344088977555,-0.057716117876967274,-0.008842979248372542,-0.02964436362821255,-0.014107238450361685,-0.009662238312765963,-0.01239822426224867,-0.023937509895123967,-0.21842151225822665,0.0018066991341712734,0.031693483309630614,-0.018304215010892928,-0.023559830654584123,-0.002508712402892374
-0.0064168391343976065,-0.01518897419029575,-0.005921920330809968,-0.006305853864683355,0.0027517587601569244,-0.05640804800256535,-0.01979340333369761,-0.018508098855727975,-0.020082096508560954,-0.012203695775028667,-0.0036929014282739317,-0.031655875730426185,-0.012986372255692881,-0.04170281092714244,-0.006736044790812753,-0.023211736694512198,0.015660741319699252,-0.019763291027442648,-0.01249734597133589,-0.01984144314104512,-0.14070821965727068,-0.00614914033939932,-0.04396701407427425,-0.010924017615997463,-0.0070573025946362175,-0.01325861524457244
0.013750172681054365,0.0024831574827003638,0.006155646783836828,0.045790639650695034,0.013913651254226415,0.006708468524139951,0.10958260302997895,0.03278377016754095,-0.008934741222540355,-0.002272056625044608,0.0003265041742619949,0.007310726514552694,0.0024410262420654985,0.004512609242457583,0.014524893304531166,-0.014772605473031206,0.0180823447906602,0.0017007437459981073,0.0015464661388580787,-0.0050639256316031105,0.14714909054276026,0.0261369598148803,0.006315469907643157,0.013710630470749162,0.0047880813448383675,-0.0032388882645400757
-0.00873957413876104,-0.01782398178134574,0.0021806403649783515,-0.01262769369864208,-0.004674640094893462,-0.04081097869441977,-0.018924312336641155,-0.016961337463436293,-0.01571150600319576,-0.008597367432784695,-0.007147158057619899,-0.027134067756073844,-0.008148078586014504,-0.03873349225855485,-0.007067206755162608,-0.029274902680017693,-0.008998236333155758,-0.01981301366970966,-0.012604390532394986,-0.018057136378090956,-0.1409155624387275,-0.003478626128180158,-0.04460210415734933,-0.015379891575402224,-0.016049530409842645,-0.01447441241307995
-0.008430691133961355,-0.022345266326634434,-0.03072436401379835,-0.010075424362364095,0.0010529018746953543,-0.04193234191265825,-0.03619421465816895,-0.02476955347864473,-0.023896629966016956,-0.014149038818654553,-0.012866529561701966,-0.007161167196498803,-0.014463720491000118,-0.05511022675922076,-0.0034155324981714696,-0.018781426378603843,-0.00785886424580103,-0.03391952212794547,-0.018775278634126515,-0.009338333081196613,0.007281669229639643,-0.00963021727968292,-0.07637008500594859,-0.023974691040197556,-0.022121629304627053,-0.03659838423636927
-0.010571256142388385,0.003807244552697363,0.059234914266433285,0.007826491499943066,-0.0014395766718062833,0.06455250010368853,-0.0038826421692464965,0.023856051584105736,0.0177383466340477,0.011189166079183077,-0.005989201762837599,0.02639798938767275,0.025692990660433377,-0.012334893590415731,0.0021930765521465017,0.023535905967067405,0.0026370388599060227,0.041263721970212254,0.031503151873517245,-0.006222461994213723,0.03437884217870996,-0.002070598132112505,0.07736551763375121,0.020033928899041733,0.0065701809433915005,0.00816500940864579
-0.013989346921986633,-0.015348106364934501,0.0008448406580699916,-0.018665644228420833,-0.025042905202814963,-0.038812712151239596,0.0026224890002626284,-0.045427982097797956,-0.032784139250397054,-0.023359444171490742,-0.014398809436598933,-0.042663242071893676,-0.0165974645639098,0.07809627958696111,-0.017511848179894686,-0.0432746769133207,-0.016840489748646704,-0.01634232278573834,-0.01770434378403152,0.0035149081533914074,0.04466677307719796,-0.01795120115465978,-0.02127453438509727,-0.024759083088564258,-0.007471369197207747,-0.02409418618564035
-0.0004532780329451158,0.04355855156931365,0.06468234236779426,0.017258283373241045,-0.003646419932548183,0.036536033173996244,0.04125404288072399,-0.017460652431920545,-0.007654234394997269,0.0020461504664074505,0.0008641075864976045,-0.0011010227423211756,-0.013862394884994918,-0.023631258853024233,-0.007236143843843665,-0.0052847031018786305,-0.0009582387553831377,-0.0015255213139652552,0.0008298139620123914,0.0027145834948526988,0.05862499548959429,-0.0022369597694078328,0.09827346882844305,0.0018510342335436795,0.02486685039133841,0.020233119942184637
-0.008212428879924839,-0.017268762376464943,-0.02308459206245434,-0.016486644288682895,0.001156741765840623,-0.05995566985676901,-0.023457326125426246,-0.012886192022940274,-0.010406768607226247,-0.006519398033253969,-0.004991718624036257,-0.02963882722723457,-0.00016240482946701558,-0.04866121404984233,6.490415264436488e-05,-0.03115264836669217,0.0034751906037831237,-0.024521009028217737,-0.01575620998966097,-0.011240229899739867,-0.11524224784766411,-0.007862896261006865,-0.04444693742379143,-0.018225669157215848,-0.01626498319428301,-0.01282061977828108
0.011808073151421442,0.021868823047960714,-0.013901297118537603,-0.012145196087313058,-0.020712840609707996,-0.03934009344306057,-0.018316548954198125,-0.014862390203231846,-0.03191033821980537,-0.011925747236351288,-0.015445759150707618,0.04763556427953587,-0.014959823678371825,0.03140858257584087,0.010654135921515356,-0.028202413211139952,0.0014888436142518292,-0.014070706248001448,0.010307519348648625,-0.011362446033039745,0.07807544509691267,-0.0321661748387201,-0.059704082140363,-0.006117151220213276,-0.016650043691730083,-0.017800274137708242
-0.015731779110345123,-0.020712513959319005,-0.013792289452622624,-0.021510684451401887,-0.015591920253203048,-0.009038415256256734,0.0026965816921905813,-0.05981305617141355,-0.05666742170835903,-0.03596975428068898,-0.0186493523431467,-0.010010269186710701,-0.017549705128932846,-0.02893236946477909,-0.020214429266802725,0.041769879679421265,-0.00902678813422808,0.002062036022358804,-0.006673029350363796,-0.00505051218275341,0.03442996083498186,-0.016358849872077558,0.0013478919684961125,-0.021265319148507246,-0.014177690860785097,-0.004625941510307795
0.02700324929776431,0.004128273254707686,0.029174984847325693,0.01188875578631393,0.008632814845540352,-0.012523732954893506,0.02533235833494882,0.032809144727004684,0.016010114490176527,0.007818981522455068,0.0010479498559275622,0.06368169878672945,0.0005502080682275771,0.07598210789223477,0.019414531896029992,0.03601605396247684,0.00272954630480585,-0.020045903065993884,0.006995857698467554,-0.005428855107869425,0.06781787582621018,-0.0003321531379674182,0.014248795483505067,-0.005624237826330643,-0.004301170318204675,0.015737521455371477
0.005036274568952589,-0.016891147107569646,0.06971636234711898,0.01759651378410213,-0.0031745213572714017,0.019951918284772014,-0.006278720302139666,-0.01766915631708536,0.04305276913073434,0.03230609228074549,-0.0026092103171497312,-0.02580955873481696,-0.00048219597428410244,0.06345440659275452,-0.000753590172100456,-0.008005901032129214,0.008703681004392002,0.027862896765110747,0.012866232823465473,-0.002919165320335485,0.042031432898010056,0.0030971468357880805,0.11472180753083494,0.006632790397992029,0.030132737369290754,0.03286154261247426
-0.014744677963635619,-0.007949948615794677,0.03428501812479466,-0.018962448150138957,-0.012184853612286495,-0.08546292210577071,-0.022894155357597132,0.0009595860353145715,-0.018055949199653427,-0.009109311181447049,-0.005544854912752997,-0.026321243728740066,-0.012085394829408729,-0.04802674214166526,-0.013528847239170931,-0.03605833342223328,-0.013803672123632368,-0.021719824275008515,-0.013853654407225666,-0.011146915666190322,-0.1660380225503622,-0.0030532302335414922,0.0022514678106279906,0.0003247184997671065,-0.023127657333041354,-0.008716692829445297
0.0037126906340825506,0.04756834878823384,0.07183812479862371,-0.0002646807235444265,-0.009884057278769346,0.008834499213884241,-0.000859683882917021,0.01773763653980193,-0.0014624802746217682,0.0017268622532533467,0.002147673146485022,-0.02658676882201297,-0.002412760173182952,0.04207735174648707,0.010210444739098556,-0.01980904767164443,0.0032254146704259164,0.004251985067865896,0.04754772800237998,0.008684620705395107,0.09298305719666837,0.004879626848360968,-0.008475290017261801,0.01722271005517903,0.03364076407959178,-0.006436664383582602
-0.010600689571718542,-0.03077704348116767,-0.05111084911660185,0.009111527190478431,-0.013259164043263756,-0.003621261994414724,-0.019185174705268905,-0.03476015314815014,-0.013934685170299025,-0.010445029030780166,-0.007831146527443636,-0.017936667095026892,-0.027318406779399337,0.03375555708749149,-0.012781035258250029,-0.038680446735622084,-0.01539418132530585,0.00486856978679899,-0.01521839267360159,-0.0037676451366045346,-0.16602432006941342,-0.013326888218205274,0.05390714364115363,0.001608108471349988,0.01362088038539324,0.007866165442803672
0.002815317451407941,0.010792705314683028,0.08313546337568463,0.017935798349286384,-0.004956591364136082,0.038997698243752474,0.03570851782163827,-0.02377158865959594,0.04675641553360948,0.009894513137257725,-0.0003819680204166756,0.0052626041728309906,-0.0018061186933142315,0.000755931859706075,0.002615507349531362,-0.003908258664118107,-0.003496111580477612,0.02641832760837747,-0.0008137590916903303,-0.016092620028931078,0.01507124887455178,0.008187946025337848,0.12450354143944933,0.013932161016270244,0.0306340311187668,0.02724072600215684
-0.007510616698921371,-0.015297532114406778,-0.01716577990336543,-0.01200133183425527,-0.005752305809208692,-0.038121595300604716,-0.01720247194784746,-0.002632200372593996,-3.578394807850015e-05,-0.005650892335572863,-0.004059502478866175,-0.021649994597250578,-0.0038867935431600572,-0.04351899703734445,-0.0026327610367731843,-0.02522231456231416,-0.010013259624767719,-0.018833881532206314,-0.011320059876547916,-0.01816699446595156,-0.14581208616486435,-0.006363472733556033,-0.04329382701729383,-0.015414322657204443,-0.013279391420104935,-0.011397059061938691
-0.014385471963746364,-0.024786363348598482,0.01193669307355803,-0.015064158058884915,-0.004375180660964613,0.018418735607878354,-0.027444795397359424,0.0011879001817856065,-0.0072740240351752,-0.018061049006265747,-0.007795508525756695,0.030521468624944145,-0.004239712374883525,-0.03940525082432568,-0.012916180228591726,-0.0589194193213475,-0.009106499084580534,-0.04093236657772488,-0.017976572599101532,-0.02510264356063797,-0.08213685440710951,-0.005546544508679376,-0.08441203582579491,-0.056929377279263386,-0.017108060281386457,-0.04271529102632443
-0.014936763627217183,0.04732514810642102,0.015724643891303406,-0.002125957676807856,-0.007006570856687098,0.02548139416205292,-0.0027432977195809304,0.030154781413028832,-0.02098896489737204,0.014211069364050503,0.0002578713091231714,0.0392144522486757,0.001667541886194116,0.04555736381956061,0.003636720541217888,-0.0007325104860601315,0.008057426792539738,0.04628970535891102,-0.006868629179625287,0.011515537849645003,0.11733720122744871,0.012526705768798177,0.059883673983348144,0.007969623455519053,0.0050114019881435925,0.009011869869048103
0.0012791528846180368,-0.007029763204103312,0.007497816452244551,0.012258895781299779,0.011192045328498325,0.008722760734617006,-0.0043789051698809285,-0.010821705270124084,0.04392073862374368,0.004794894649196676,0.00243526290378042,0.02507800646387115,0.011644272787908633,0.051678805046349786,0.009787367544103105,-0.027626366694881374,0.002991752688361139,0.06506910814628315,-0.0049317495364767094,-0.008183789673619815,0.06219215276502833,-0.0029705001519907065,0.14301202513868305,0.015659796819664014,0.0013086618115612624,0.03085070172285365
-0.016809231017938724,-0.023685136921185693,-0.030358338206960284,-0.021711006234786695,-0.010008994971418193,-0.05490152786900984,-0.021556067008829984,-0.02746068399503967,-0.020857929927957857,-0.011952655545348191,-0.010183323998419872,-0.0373796136440946,-0.00977386072206343,-0.024793841525272697,-0.010031676137984816,-0.0207084039811981,0.0021111445137259703,-0.02655456203732909,-0.008005019788318779,-0.018261415350897363,-0.014197995752075827,-0.006096467333987006,-0.07065818432067716,-0.014275698640619831,-0.018738439702702864,-0.024689328257745117
-0.00788674986086133,-0.01242919304217078,-0.008597385807981391,-0.01805568866066683,-0.002266939719059982,-0.043830828695995784,-0.020835402554828956,-0.00461851787059339,0.009807215368492366,-0.008824320309406278,0.0016232166924944544,-0.021080029760118656,0.004252180784478169,-0.055303686430680885,-0.00572607936556213,-0.029850292868998308,-0.011788539414122513,-0.025391637773962344,-0.013491744460707316,-0.017894400285124318,-0.16367150900938113,-0.003059154592641026,-0.045074812687376294,-0.026172790018306472,-0.012800744253145289,-0.011600726811875864
-0.0054971140649223375,0.001977148974697528,0.022060468691333532,-0.0014751984733848752,0.013605738611482508,0.037573342410817924,-0.004557074352417776,-5.944264324918835e-05,-0.0010817250652984673,0.013103355573284285,0.0030472096355767015,0.021087390388096292,0.02252335520809154,-0.026568375908436123,0.008446686783999159,0.011919709674919057,0.015485604452613395,0.08995413591882821,-0.0007534977082470763,-0.008915858377530379,0.13120699373733855,0.012771327987524686,0.059141702480610306,0.009463705284740428,0.0014329418170947166,0.01953890755404678
-0.009983161052185637,-0.024699131186055063,-0.006778076575326695,-0.0005365258073135912,0.012432368435485517,-0.05162136933881817,-0.028032874611262523,0.021212590082763407,-0.0014113949106629444,-0.01889453722510322,-0.007486706641194107,0.0031746539180323797,-0.010121575179377122,-0.0699646992696278,0.003175033713229541,-0.020683620417080627,-0.010964368296200415,-0.024413119434429264,-0.01361235748021212,-0.013352857087398232,-0.17194266292879337,-0.007754806476441813,-0.04626950627581385,-0.025746757642159335,-0.008983563807312363,-0.01797620258107552
0.00414110311096872,0.005562647333199775,-0.003053165926894061,0.06014874976055751,0.006078004275542303,0.0075169621986879934,0.002463206827608311,-0.00891013782749184,0.010934388309589853,0.0021197768377921294,0.0038787549584617938,-0.01692391546808424,0.024939707314517078,-0.0026265235252345338,0.04465503854241539,-0.0029513441848700657,0.019098612202691934,0.004884250894513874,0.01660377620228677,0.05134684793094568,0.04690141203162041,0.008094202919454424,0.07033482866818166,0.009269447658559003,0.06965943696528987,0.011265370581153828
0.030000837906017427,-0.008743852535775653,-0.0062788911783114455,-8.594376842086089e-05,0.008447764104762449,0.03403127861871726,-0.01580190328173387,-0.021407244816674876,0.005069283048919304,-0.006737638418986512,0.0010737306037553603,0.09436529336657296,0.0014460649091409673,0.02855491621745517,-0.015336261171009703,0.10456117997176177,-0.023552368811361104,0.01659305495064827,-0.004912756060576372,0.006446157005910746,0.05395473802899545,0.001974900859778561,0.03898081108994238,-0.008586903547690046,-0.0037427195673444503,-0.0009932000440222794
0.02331890233579022,0.0012584985711192444,0.0031723484582794168,0.004169034342617216,-0.001884383555769134,0.03353428736460885,-0.0032840400672387044,0.043661245589891116,0.026335790527124314,0.016467866789823534,0.003964457858622789,0.06637703768040257,0.006260771903710313,0.08299484446351806,0.014870572923180756,0.12245338186799364,0.004342668752988044,-0.014212413298551628,0.014946926465395865,0.003879404512190216,-0.06060689273432136,-0.0007689644087387476,0.003517368363984286,0.004761998505016302,0.017686616632663788,-0.0056747801415719
-0.0166790122983447,-0.012554147588630047,-0.06957187382937766,-0.009949484230469097,-0.00524247965322155,-0.014874486173546543,0.00633551240064278,-0.0029721658155803144,-0.019550218601374306,-0.019857098466929887,-0.007003367619503948,-0.05715112602124777,-0.030232731369148055,-0.05516532747151443,-0.0075460479559797105,-0.024584346953107964,-0.013844245130728213,-0.004527460291749082,-0.00477696160399978,-0.0015045935513513236,0.04644900607639039,-0.0054012178172704066,-0.03789282765238985,0.0009605533373477289,-0.01980402183333776,-0.017628391293958507
-0.005790124598448033,0.017250247928513783,0.06222146385976873,0.0020436784709450912,0.010312217086238366,-0.00807276095015147,0.010575673269246421,0.006408683394988914,-0.01594238965749159,0.025090433125975566,-0.0019453918181504997,-0.02015635937725109,0.014316620155684395,0.07128821645409436,0.0004669208961818506,0.021156215642041322,0.011618548847074544,0.05253191005529048,0.0029073051735753184,-0.002582915329297935,0.1082944824831406,0.0008125562306583424,0.058023260608971845,-0.002822254457278176,-0.0029070892261292064,0.030332290323415303
-0.012609408605612226,-0.02182250117438106,-0.021834380573461168,-0.01910284550509155,-0.02631008893513598,-0.04098097331150963,-0.023961433647063265,-0.02839828600168611,-0.02563161150125422,-0.007272709984159282,-0.010879029856139718,-0.0450799464724664,-0.0044905527428628555,-0.04198905243852494,-0.005694266001612897,-0.027831972960196016,-0.011254401803521087,-0.02274537312980813,-0.015634496394612892,-0.014382711896658467,0.006759948957090831,-0.008876021830635078,-0.07275243136635501,-0.005780065785774891,-0.021580305506839002,-0.0244336429401681
-0.0024645948544372077,-0.0015185532610664755,0.041418313475130045,-0.021691072996699968,-0.009725959728799338,-0.004932647740086015,-0.0047486868169853876,-0.06588983000682813,-0.01351494022207228,-0.002735024280837079,-0.00465677351692508,0.03347398173267323,-0.006169415705375818,0.03403518263379926,-0.00745813634856254,-0.01802413547490541,-0.00634205061809016,-0.016081464701695337,-0.01601361233562821,-0.02635970519956394,0.043747480363276775,-0.02044195324880203,0.05665873538606028,-0.005926061478861289,0.013761193897581177,0.01164228075043367
0.00669508951529009,0.0173735676990628,0.04311727180868346,0.010910071972931841,-0.004669017535841544,-0.007486322593530785,0.03017759623287023,0.011446006403103514,-0.019535463343273433,0.016750225956302066,-0.002603783998963081,0.0192455648621943,-0.005286319609577487,0.044075570280965745,-0.0015035265214953506,-0.021984578377164703,0.0043308085563911825,0.02797581524152316,-0.0028777223747258555,0.015948224196120585,0.10981368918512457,0.011087848688039581,0.10959281169933796,0.005772782465626449,0.003010350628770832,0.024054877553856217
-0.01073713528168668,-0.0210642985935414,0.0012188840306440341,-0.018200284405461484,-0.007308380379790125,-0.04715693132634007,-0.02057507907465428,0.001398150420686897,0.004785096440871136,-0.01617018728547545,-0.007186238813671212,0.019949933328432222,0.004909027737949493,-0.034261828208468306,-0.006243356832753112,-0.04017120161986633,-0.0035631451849044635,-0.02744692524877676,-0.011602820452496642,-0.004499781997691604,-0.12946601587228668,-0.020169634130680597,-0.05426051807698274,-0.03264826999094272,-0.011393465269812662,-0.02159304420951201
-0.01019579458104083,-0.016561185562389603,-0.015568122573600492,-0.024247387097626538,-0.00852725782374236,-0.06302898344984899,-0.007363848118534659,-0.017890864385504694,-0.011773711698209509,-0.013235041341831021,-0.010073705108995992,-0.02827626909422007,-0.004081303917391425,-0.04937460572774382,-0.00047235093007205747,-0.029790648903277026,-0.011958190948790417,-0.012693706473827964,-0.011825167156651292,-0.02169532588958638,-0.11451411936725629,-0.004096973480625745,-0.03177004653431408,-0.00013918623905620177,-0.020071544598911,-0.008676553738584707
-0.002455058267214235,0.022517728566116755,0.06944262308740447,0.01740012087877889,0.00031072163337504373,-0.01139866934279403,-0.011635067493533088,0.011951080142406558,0.0026908365560721005,0.01793556409363946,-0.0002716376815072182,0.0684249356419076,-0.0010238758778435193,-0.02138614233639473,-0.0007257478911008397,-0.01688096900559557,0.006975678316709319,-0.001618746030406569,0.01330410554836889,0.010880173507957622,0.08269932460433567,0.0016983322964052427,0.10617431442296321,0.013254401651813673,0.03915374909608534,0.021346995807005026
-0.0014066738278792352,0.08195493041021587,-0.004066966080836016,0.0395054419968115,0.010774558242837568,-0.010010135393983696,0.013258265201580174,0.07490619500579022,0.00013388371949663188,0.010770395645302723,0.001926756545233987,0.025663318550966346,0.0028362449193485013,-0.023244106842222566,0.008224524743458056,0.15720750795777433,4.320159583429913e-05,-0.000521109990300109,-0.0015704468248073805,-0.006948258561242338,0.023051465828807866,0.006010971294841196,0.034335891116814066,0.0028502138150528185,0.006251364437773279,-0.006505994915061973
0.029738449008078344,0.007502157214052045,0.007767642485652128,0.028464451563637184,0.00011896071774479551,0.09913053784743937,-0.00020453980972624284,-0.00933904970846941,0.009983371605668567,0.003379779966287887,0.005285720912769214,0.00644778870054989,0.003924884669121651,0.009661600119737858,0.010287251318753843,0.023435389130691573,0.0032198390758258017,0.0036517050682620105,-5.989649490647016e-05,0.025865913790447136,-0.0021667909582047842,0.022311707205416403,0.10891549534077703,0.02800814382761822,0.004452848894321022,0.015648077100107162
0.003424265988974656,0.012975863653637693,-0.014575617607818177,-6.770741746747562e-05,0.02814982924963077,0.0839056454295676,0.05058378115292462,-0.0032772985535738496,-0.0036853811637319834,0.003004826733201049,0.002779986695087594,0.01781933968344101,-0.003851771095073777,0.003978838116652807,0.0121113202016636,0.01651689492409703,0.0007465857624102713,0.0022816150015358377,0.007258222883518393,0.05470431253886043,0.06142819186980817,0.005944213621896798,0.05490821394672993,0.013138884379314738,0.010923741127313659,0.017637974802308255
0.02120352304857913,-0.016095057466534383,-0.012166245379647129,-0.023494861509240114,-0.00034353756011726934,-0.01626774814022093,0.011289546752443815,-0.0028504008608876475,-0.024899641729288532,-0.013330765901463584,-0.009587786449402952,-0.0013436978945913613,-0.012845645326589895,-0.03236300278636106,-0.011726586708102091,-0.048681506556158105,-0.004865605547305034,-0.028010698740391485,-0.010416882016655799,-0.024796976694860754,-0.1452104561870688,-0.0151547496927592,-0.07402428807021148,-0.006285517895127115,-0.01896590434231001,-0.03333406775405183
0.0007346606989644871,-0.0009734110319596512,0.03888427813967162,0.008547559537700703,-0.011330346844612087,0.018936645170165224,-0.0042844534358276645,0.041699606795572955,-0.004857300775049369,0.012989146429790667,-0.003283551566973268,0.07222421671972007,0.002408392938463294,-0.006071201794115605,0.0023933475308984017,0.10517754103252641,0.006365366904274569,0.03438575346578413,0.002464036980002162,0.0013622571248858046,0.06320713101075963,0.0031625682117133328,0.026200929891610814,-0.00431820579636671,-0.0022693274204888506,0.01167579867450263
-0.0108808785973269,-0.0179974250170516,-0.009117107265667229,-0.012670397672272552,0.0038495789881704975,-0.05433007003791974,0.01895257604418886,-0.02465411635685885,-0.019719927801353038,-0.012608370364319936,-0.009218042688224215,-0.03240229132925733,-0.012606938099310202,-0.047935538600088805,-0.010269851544701926,-0.03302307556325814,-0.008373778226929678,-0.021910799886696825,-0.013909544878916363,-0.023712744665409503,-0.11035547939524325,-0.00818425412606015,-0.044472360274932635,-0.012040113302357276,-0.014759871948832213,-0.012217738797822605
-0.01726753572046361,-0.019720654224827192,-0.019008614774275796,-0.01870366115411226,-0.025197438023122395,0.012620140870499457,-0.020181766451623118,0.0019446174048507918,0.00878896714848506,-0.01630989463667856,-0.013266538997781551,-0.026792747836051376,-0.015831682214595574,-0.014500649599529472,-0.007637129538243077,-0.03953266362583595,-0.005854513670517404,-0.018401000857620156,-0.019097075084774283,0.007777378162846251,-0.033006173203496615,-0.0040855872087657555,-0.08271378029924947,0.0007965701486859853,0.0038462946863189944,-0.02339762029194179
-0.01846995170117413,-0.013972548179939254,-0.004079492919618439,0.012750898562913584,-0.021770853094496577,-0.018460337884387182,-0.025706245990956403,-0.020828612446615196,-0.009623041892251204,-0.00949135904889705,-0.005501299513348606,-0.01791637820066324,-0.0008795555281408128,-0.013950450617767418,-0.0011312600055746272,0.015081044527536978,-0.0014158567444841257,0.049070524970857204,-0.007434519398647209,0.002328250553792835,0.12377171993926155,-0.021344518881978688,-0.040559774540838665,-0.018716024239460477,-0.011471419157308487,-0.008022103150789306
-0.013288501357864219,-0.004801334443170394,0.016425863386765733,-0.016307207302907245,-0.01998914540921797,-0.023476684856012887,-0.014131163102834675,0.03984607323116506,0.007039720124519845,-0.008135076268109033,-0.0018519673419742063,0.0207531602338217,0.006945053475460205,-0.04540120129143297,-0.011776278472579838,-0.04629038323680514,-0.011420512521053947,0.03448175740597218,-0.011683607078271884,-0.014108421239231329,0.08904697045415225,0.001601692477285707,-0.05687092664324224,-0.02342583332557154,-0.015409622425695902,-0.020674319214677113
0.00023610578347574708,0.03647507030885481,0.01651456875491618,-0.0002498522157909477,-0.0027537779585464326,0.030461317104393332,0.009327449781051083,-0.003218446161221291,-0.005848509943757202,0.0009993361868125751,0.002434457481890844,0.04042392551000266,0.01925445643654631,0.10271027713939264,0.01048570053549598,-0.006245831811178458,-0.0023408857549171054,0.032146600448896584,5.5359230715792875e-05,0.04826487924949907,0.029135026808983402,0.008652318565671224,0.046698553570101255,0.007962212657495773,0.035438399477706,-0.011587272594853584
0.0022056471112462833,0.017004146238073222,0.08930988480119927,0.04304311726719512,0.016078938098221442,0.02932089907101253,0.0005662478131427415,-0.012910514290770076,-0.005741490221739204,0.01604530292952707,0.0005461043228253073,-0.02788669076718599,-0.005136804321083101,0.06161168134161767,0.011475500773138077,-0.011880541237389464,0.0008458429089242598,0.0009629713860794953,-0.0037206755555177513,0.011767965227341314,-0.040063663900072176,0.0022707189842623415,0.14596694783217362,0.008969249304808281,0.053444482412869906,0.03466950439503273
-0.016278569932426993,-0.015491923365867665,-0.017353069740383417,-0.025505530498687624,-0.018194553964783068,0.026312928516415344,0.03878811756555223,-0.022586608399140364,-0.02788792040337315,-0.01478648019058393,-0.010743694358287712,-0.030638621498347913,-0.015428050928330045,-0.007134058319437494,-0.011732100966303111,-0.030980776271781894,-0.013845611374720065,-0.01726140649175487,-0.00746923057157507,-0.02387589360194949,-0.1174498241508244,-0.006595212535793437,-0.07030624661019606,-0.0062574386909223685,-0.009700606920419817,-0.035499511037946734
0.0012066117931496905,0.027348769307899624,-0.003497709865831953,-0.00014414591632089455,0.0038377193347792302,0.02358084735273887,-0.015277978146672984,0.030494300464681903,0.028822626023426015,0.007600892203254844,-0.000235160116777283,0.07350766339904112,0.006982062882242955,0.04451791341859598,0.013490441778149634,0.0022147574514915355,0.004315465689749393,0.029679248892840248,-0.007885175618096388,-0.002697298161781336,0.059352408983757814,-0.008985189747439047,0.026118217966106593,-0.006702260696615195,-0.006935410694783622,0.017737693629945157
-0.006829644208941325,-0.012409044177468222,-0.012865034771446751,-0.01452363110129569,-0.014602461183279283,-0.048642756812780415,-0.014080647590614975,-0.008947722835447584,-0.0172197685629846,-0.009552866008540342,-0.007037983991271093,-0.021710332951774044,-0.0073394870252087765,-0.03486880044374966,-0.00536810374225789,-0.02775292972888049,-0.011006039204992471,-0.021283432079664176,-0.011561377913185582,-0.016421094898616557,-0.12915984339606876,-0.005623675047065443,-0.04883273340556556,-0.01834892087975609,-0.016006057182019157,-0.012574172266072804
-0.02015321515778464,-0.017530456698611162,-0.06104670414805583,-0.02874066256892956,-0.0051667266460582876,0.0037794968930363253,-0.014829881395585023,-0.025605446827815636,-0.023684803361622816,-0.016578298965145503,-0.005011727901805578,-0.022597656926023182,-0.019213674969586248,-0.03429479788977653,-0.008563158016697275,-0.0010977583027706737,-0.014153789286536708,0.015265490308054082,-0.014485950696240247,-0.008046223150381723,-0.1188091567476539,-0.01883613176237383,0.011961606564880597,0.0003491953555569224,-0.022059357631068546,0.0012478951873026714
0.007600169397923002,0.0009598581628887142,-0.0010630842564370992,0.0005314349747339675,0.00577200194395511,-0.010675240394871905,0.04788851821583703,0.10323210627516909,-0.0042447338142534595,0.012315940543978408,0.005784723180017397,-0.005026828964416587,-0.0044560603701366145,0.17300998609857313,-0.001900770149334123,-0.0046328008523128265,-0.003251584889881252,-0.00043232269150013706,0.024273170584254624,0.03210668634945369,0.020066898911336943,-0.004712966121467595,0.006866627169522318,0.009903821749686036,-0.004848258791317274,0.022956738922811595
0.004734917301419132,0.0033120590068269245,-0.004365107508473346,0.01163976049247489,0.044705373562130585,-0.006297275070752114,0.007421358844453824,0.02757665472708836,-0.003998092252669179,0.010737526790720195,0.004112056746824071,-0.010378322376350474,-0.0028177899967794656,0.07856299467718973,0.00614846558152496,0.003681266290940879,0.001386407547923002,0.003732720309215516,0.01045337651206343,0.01447418649228859,0.16083006778522677,0.0057833005694171834,0.014856681438799101,0.016733454948162873,0.0010534754029997997,0.04135192076895313
0.005285628511835399,0.007799105299825587,0.004654119493548089,0.003971400814003998,0.004880516906228498,0.007720266072931456,0.012947375916869803,-0.0004949107203492777,0.0031013214571979503,0.03384040403536391,0.026644446734260196,-0.0033328083638687936,0.023176051374282813,0.02193524227438939,0.01585431452782902,-0.0026770174559839423,0.1636782371575016,0.008011679562068934,0.0033213753431898534,0.04106389071606556,-0.006695302166498491,0.00817311704456878,-0.016527477996139836,0.04970702099675608,0.014717699532176255,0.0013424081902707824
0.008305459205239198,0.05897181017010425,0.003450573504330816,0.0022876096073718303,0.020045635938868288,0.019523147132423247,0.004811005407882626,-0.0010858731846444271,0.016482286304654797,0.0017925173624648231,0.0005685646442155295,0.0017167581690461472,0.006109139606403696,-0.013264576199348935,0.02398685342235805,-0.003824747094301568,0.010265828646295503,0.09285550934404953,0.0007956262232643555,0.022044705719483575,0.15986180367908182,0.0009383785982925376,-0.011026733771684161,0.01224828560566379,0.003255583946861754,0.004316286603225036
-0.003353213878375235,0.038256170304778264,0.0711763850218344,0.014535357703168727,-0.004880427926947895,0.02282057614795022,-0.0033094021353235054,-0.01537512456869816,0.0275622229274909,0.0006365671309291495,-0.007666330493301027,-0.02056520099805498,-0.00949157039873335,0.039712956224779,0.0019005155957627006,-0.0038573039578395324,-0.009589499471293506,-0.0011766675915306723,0.006316993857278505,0.013835032384128493,0.055369837840736895,0.00888843364058014,0.12953105719432073,0.003099126971872512,0.028345585347854443,0.019376028384934456
0.0061750580323387755,-0.002956671826586793,0.03160450724482371,0.0073444712710010185,0.02353435776823196,0.029021549066416623,0.04188334188536034,0.01960652229978389,0.012893455868832811,0.008041104451019963,0.008425000660456702,0.002351291477296882,0.018525078006407614,0.03569378512696544,-0.003135825634374508,0.09468519418590554,0.009534011119488393,-0.004824086471651607,-0.0042184393323076224,-0.0039376197556931026,-0.05073813467581811,-0.003488513019636721,-0.012810232913619221,0.01261137191364818,0.015323198835673246,0.02984321856321136
0.004388637641516023,0.025593393994331273,0.019646893143990273,0.009868030707142456,0.008891566205184819,0.06536649327265157,-0.001505345913648695,-0.004465715807527622,0.028674913923851707,0.002116432737438935,-0.000847623089558837,-0.02597914433103568,0.012836827874836563,-0.004564345617236316,-0.0014300940356478786,0.10220602563440775,0.005349055514739456,0.056516596408071815,0.0005591586658903157,-0.01885998222324567,0.04213406481646401,0.005918039469324768,0.08853093964138638,0.019035445551513423,-0.004096145047771941,0.009547319454517377
-0.0045879926021786905,0.01768489694751031,-0.02337552068624369,0.000568483419573776,0.01094744696430778,0.01461230646830017,-0.016101972619623307,0.004214787640159951,-0.0028396853233667325,0.03224332837464174,0.020631615071507226,-0.008789123648836902,0.01840784898333184,0.06034371616867646,0.00785033839949382,-0.027960330724059523,0.0024969128847844085,-0.007397782313982514,-0.004842279906436805,-0.013188098861505055,-0.06262333246338422,-0.0002458956206631037,0.010932672342396175,-0.005261564428140814,-0.01224671513565444,0.03908354013714612
0.0032505033565284253,0.0515151659038108,0.009791015734571326,0.028837590774850985,0.004121787911573374,0.02828850526568975,-0.001955652516030711,-0.001755581749834275,0.0032777171962603854,0.010009672443877968,0.01015836063820047,-0.014413576886838265,0.0013019030460044477,0.08275575739498105,0.005727312057195826,-0.009699506723851664,0.015085031369348382,0.004288122219941426,-0.0025836904890506767,0.009786441995796024,0.034465107363694944,0.01965043216749475,0.10703366054191486,0.028921078089443334,-0.001459996071987146,0.019034277558023806
-0.02049428262770717,-0.0031567321108055633,-0.02012793791977294,-0.014357121214412025,-0.004104989907420422,-0.0007876207945026063,-0.022046419937268212,-0.01438523199612125,-0.03725702382107849,-0.015676368755514574,-0.009883612991439314,-0.05514047357050577,-0.02290854517773749,-0.0551594666168282,-0.017067421874600024,0.10452677162348088,-0.012207245331311529,-0.017633736386259112,-0.01327576616886007,-0.02414079765531017,-0.10857922800378106,-0.004052053820330337,-0.021837964505724082,-0.009439412798464428,-0.018960004552034893,-0.0005825411607493308
0.01921154106578292,0.04988426774885584,0.06620067445862951,0.019588080877104855,-0.0009228943794032369,0.039925156908829626,0.001656265857047025,-0.003749555850246539,-0.019700440843856037,-0.0029384988451115644,-0.00044912560416831074,0.007062923281608295,0.010116633629813602,0.03233851666985018,-0.005165585683473345,-0.004699355590157594,-0.005309200666239487,0.043427824130921965,0.0005385999187796353,-0.0134552105503809,0.055637049886742375,0.0066298457024838815,0.12618380739182386,0.004656841177984333,-0.008260182852348728,0.02702346075074749
-0.008896024674983625,-0.016782469473519083,-0.023273463950405044,-0.022047738931491766,-0.009087301001413898,-0.05665681210883243,-0.018390249249476867,-0.016912769474159768,-0.00454411398577762,-0.010305768719059163,-0.004692619702950051,-0.017626328778557507,-0.01136257469023853,-0.04414451607076103,-0.007161948874106279,-0.03663902325885884,-0.013515056122253283,-0.025782592897893995,-0.01049789814963807,-0.0054645252677721825,-0.13835999797359133,-0.010447364152046624,-0.0026050555606399513,-0.013558044876973024,-0.017648128233992148,-0.008166175228950358
-0.0058313222047231186,0.018955390744946926,0.00315749954809783,0.00255126819155963,-0.0050464996507742065,0.04257647188925294,0.07449185465848801,-0.012348093823225962,-5.42017265165818e-05,-0.003423987211383505,0.0003162185446484908,0.01197603335514072,-0.006270914559726349,-0.006598003761064546,0.0021682614389134484,-0.006404299211084812,0.005477996642207414,0.05782058694937654,1.806616856570584e-05,0.03490522818873796,0.11897321634125105,-0.011227042013162608,0.04199466926428042,0.012478256596835794,0.0030677382116510985,0.0015240567854489554
-0.006313106039659308,0.020180075730089106,0.08649838906525956,0.02212669425862273,-0.010657423075298654,0.004181871747512548,-0.0006324188539300743,0.005417228143132122,0.031130128100877157,0.02830967042203624,-0.007462521688096335,0.006712163458320809,-0.002225080318820571,0.04174110241396136,-0.0016973156900005565,-0.009221772493043331,-0.0031912872259673513,-0.01159495181539189,0.0006671909714517681,-0.001705769227639693,0.05038955400664731,-0.005576425202626866,0.14225772057149566,0.004322901003742667,0.03375463216084152,0.02802018816810333
0.03803728980275584,0.003857325740384142,-0.0120020289001393,0.0007142708778002013,0.01074541761494713,0.08542097562061385,0.042079098050180605,-0.005598927943583028,0.0005823161480751121,0.0008410465832795308,0.005266249176344737,-0.01969964797374472,-0.0050003102417785425,0.06040750051739641,0.003600451058647202,0.017841331727021837,0.02194471411411688,0.007542506049539437,0.0017509483909883283,0.012176018040650086,0.04660551035091428,0.0033723725894072303,0.07654718435794336,0.022121957678022053,0.0031037224392400403,0.023174146722601322
-0.0008314435981510179,0.0546261060408422,0.05111543983723437,0.024986513596251935,-0.0026683339085041263,0.013800669329586587,-0.0072278149266568475,0.05642994766566286,0.0007421966710922114,0.02336901651185835,-0.004788691526165102,-0.03851333816036722,-0.008336412933099386,0.05177390494541963,0.0026406345965768276,-0.003982622303729403,0.0004378154122685829,-0.0009117643752286477,0.006332799315792087,0.005770234809917969,0.08455509919468614,0.012159456275448748,0.10271617394789309,0.005700238083132364,0.015416650039354864,0.0001189640508131076
-0.0063247407085893015,-0.00103655732378275,0.05698834542201743,-0.003981143084004119,0.02395787436049257,0.05809418377394309,0.01573789992992558,0.016184505934139285,-0.003946554039513701,0.011162126060505304,0.0020798632957604144,0.01837268330470506,0.005377478139852212,0.0002123220469786678,0.02252634926384093,0.011487456539642412,0.00977949259408693,0.03253173454687553,-0.0013557368934265135,0.021850139771293117,0.1303364764390182,-0.003945125657466684,-0.026793221109902402,-0.004185684647217762,0.0019343903894779363,0.0006091024651711057
0.0007791663319789708,-0.0008890584263958454,0.018150781412877792,0.016538589500572493,0.030360145315371328,0.02480333135303736,0.0025345865053060827,-0.0015934118154569358,-0.011595374027473085,-0.0008232944844323725,-0.001149268949304944,-0.01741925160786099,0.007150157280783668,-0.014403792289178874,0.0161370759265533,0.016851293038945402,0.002900595994550493,0.06660333226241896,0.0016088383724774758,-0.010519290663207895,0.11326549755748372,-0.0019926686365813007,0.005246784498212764,0.02622937661887516,0.0004521743002968218,0.012871789888415634
0.0032097143060909345,0.009317889906731632,0.004543202379534916,0.028347570804162715,-0.0026055909846945343,0.04198632671949891,-0.00039041947208264406,-0.012893816927524074,0.0005887811825477974,0.017442010693899973,0.0032307866341734753,-0.001118053468250551,-0.0036829325988918487,0.057873943551770446,0.0034220744534148215,0.007003384085527346,-0.0001776992237755431,0.06785163341276623,-0.003255038367667497,-0.016009659061240095,-0.017152716955305035,0.01095424008994803,0.12602319957467223,0.014091424101022874,-0.009885128464490786,0.043382978886457174
-0.006491130738244815,-0.03544466038720366,-0.030383506555368048,-0.003259287641761278,-0.00947935472715217,-0.00486973298906196,0.004954322995783967,-0.035182068778910724,-0.01848616155329519,-0.0136768907925344,-0.0153600162525491,-0.06101131992214872,-0.022893533569377286,0.024185569195947818,-0.04274312564465869,-0.023228613139098384,-0.0025586974010828097,0.010567444455764798,-0.023040129799949412,-0.018377623507363897,-0.03145362200793962,-0.00596895786379632,0.028651185607283167,-0.013250504413556102,-0.022700205316584243,0.0035987260051366155
-0.0033737138031535935,-0.05451696918379265,0.025116052383259157,-0.004562545670250824,-0.010004864349474096,0.002681364224866375,0.011531789444975434,-0.036030148085383074,-0.019112881255106712,-0.033327364248365215,-0.011132691619202079,-0.08576556120605533,-0.020467881261439166,-0.006135504279932014,-0.014552609395935204,-0.0725166159998642,-0.017353310840406293,0.006628824786230926,-0.025034807227337,-0.027287937585185936,0.04506790478932286,-0.005906442914100571,0.028679043397514058,-0.012924934910818597,-0.02851694520233258,-0.02463870028529298
-0.01959245376690953,-0.02294026097982529,-0.03564043474414816,-0.01716481101876158,-0.023805061290676822,-0.040229326958096584,-0.020437435336545483,-0.023986922059023127,-0.028337792156319843,-0.013731309108457488,-0.005603702800261572,-0.03353142114589601,-0.00376437415276976,-0.002407194718289859,-0.0010888521153116007,0.05118031772666514,-0.008029393441615131,-0.015614694896085498,-0.012000395974379054,-0.010756974205236459,-0.0393622083724728,-0.010254627781308595,-0.04283400010380952,-0.012807757771717741,-0.011502327682937704,-0.023658479887532783
0.024387801846732657,0.000566420934023856,-0.012045373858410598,0.024067912600204217,-0.006623239750165828,0.06364091627439743,-0.0009945021983651225,0.0482978624970135,0.07167388612886735,0.007937015002092956,0.0010126607764292745,0.010711940770423001,0.013819893676921333,-0.004114817437491922,0.0066241708552483595,0.016288963130304274,-0.0003842478092721909,-0.014529291338268035,0.030460224209966517,0.009658150073126036,0.018813718877606123,0.010814052520354566,0.06730261959365845,0.02609876891764493,0.031941656857864244,4.27544074619618e-06
-0.00788674986086133,-0.01242919304217078,-0.008597385807981391,-0.01805568866066683,-0.002266939719059982,-0.043830828695995784,-0.020835402554828956,-0.00461851787059339,0.009807215368492366,-0.008824320309406278,0.0016232166924944544,-0.021080029760118656,0.004252180784478169,-0.055303686430680885,-0.00572607936556213,-0.029850292868998308,-0.011788539414122513,-0.025391637773962344,-0.013491744460707316,-0.017894400285124318,-0.16367150900938113,-0.003059154592641026,-0.045074812687376294,-0.026172790018306472,-0.012800744253145289,-0.011600726811875864
-0.008697384199503683,-0.017488089134550754,-0.019040345972781696,-0.01613997261825838,-0.015729449823271985,-0.04935895678289694,-0.018804844483439234,-0.005227580240928865,-0.01935212185944166,-0.008635896677785295,-0.005755105041983061,-0.01132934208744158,0.0037259262030216018,-0.03932379305904174,-0.006495643756722752,-0.017803829859176872,-0.00808583075635996,-0.02025852176373355,-0.014224157147678246,-0.011540206748165882,-0.1322799320084392,-0.0057979442226146274,-0.06044502043180439,-0.014992275682393827,-0.01410261636997204,-0.017385626882868176
5.8813096656202574e-05,0.0004632628162726564,0.0855668359180511,0.015408561013716173,-0.006209551527615792,0.027742679207734693,-0.004599576116313874,-0.01283461887764598,0.0011538508460620421,0.03069759806490624,-0.0007806337223468432,-0.019156108426002887,0.00044492695372262545,0.0888915523985775,-0.0025150496257455505,-0.00685057859090193,-0.0016459952809580489,-0.012003207195691411,-0.004030404770034598,0.007024099234330051,0.021175277136759204,0.005560610512324128,0.1312568764469109,0.012511205184315992,0.05069260743187674,0.03740840646272494
0.010399263197292065,-0.012645389094358514,0.041932597163475104,0.008402386329587393,0.018266149752869578,0.08510478843290843,-0.01486445167119949,0.07406560656756841,0.0038574019716551126,0.03560983318052341,0.0020715135553881323,-0.0038252493416233877,0.015394382978270747,0.001216710333175742,0.0041799538173933025,-0.0035469412362335562,-0.00012753143547710542,-0.00018988059406961004,-0.0016527242287583952,0.0034286809970597637,-0.06754696165518603,0.004934640795382292,0.021009083747576995,0.012404128899746845,0.008358591720454854,0.10252818774156765
0.014781606956910675,0.017280351298205626,0.00705924179136602,0.015511138006394877,0.004376680684840532,0.03074732507305697,-0.0173672553466154,0.02078029904217768,0.04148767545310862,-0.002945366189458532,-0.0015428904535297234,0.017035873538986827,-0.0071228243195245655,-0.016890771419857575,-0.00428685888695964,0.005038822311948455,-0.0022196338842829376,0.03060627606694007,-0.00033009307773229244,0.001218188439087461,0.07827038219744124,-0.004277621350969552,0.0935903620886826,0.00636541128000341,-0.005815812116665397,-0.0005857352586133033
-0.00916409631465885,-0.015260532390365842,-0.02404457276441415,-0.017496027288414012,-0.013992494847395329,-0.04438053434382939,-0.017701356884465308,-0.0046254417365839545,-0.015625644094115567,-0.008172282585578538,-0.00665920421142803,-0.020367544831159164,-0.010484152668742652,-0.027712558644357878,-0.007470885194392809,-0.024280955146002165,-0.005708484807610508,-0.019959066519642396,-0.011992998517855968,-0.007416184015396155,-0.1252988084681177,-0.0059796929505794745,-0.05824138126936153,-0.012752058652835865,-0.014907245747756894,-0.017652134291396084
0.023324421118290015,0.024101131701639453,0.03379635828230027,-0.00033192600044358096,-7.280554214198145e-05,-0.02836028668278076,0.022482408352667998,0.027312182007267264,0.012798102295511492,0.014662183784285323,0.001037111498829048,0.07228935925495471,0.00882505979584843,0.03964734824335685,0.005969956263832091,0.02837845789777909,0.006289700301035185,0.03353315740660767,-0.005523304888714591,-0.008230922119430602,0.06071051843903102,-0.013511159868213525,0.060910194251818796,0.005164747467298052,-0.004536939001272945,0.02143305099891878
0.005609428832976922,0.03424279251646393,-0.014134738974473858,0.026904980227492836,0.017287925423127213,0.06319550554055016,0.010293324963638072,0.03805341297677729,0.0247622958985582,0.0014124887585640956,-0.0026279648827877665,0.008914112439145803,0.03416648618767171,0.04251753915208524,0.013561110443965064,0.002656030331006129,0.02803485275674443,-0.0025142112311974125,0.029836997844718088,-0.004491752305823983,0.057748973601768665,0.00972651401862829,-0.005642945680471608,0.029316392104648807,0.0029606104881914497,-0.006358722840343899
-0.009322256821224029,-0.009540695506068102,-0.02682447639730423,-0.007061553395717923,-0.007211567065333439,-0.04871234451125203,-0.011335866745044642,0.02429443828757631,0.010582248189119757,0.003163857218375211,-0.002219398864826092,-0.012080126517899366,0.007229763873394189,0.012431900158180567,-0.0016892663477787707,-0.036348246418305356,-0.0026554158022221524,0.04813360705898549,0.043163326361664416,0.004297483277550041,-0.08242976973570548,-0.008155276249548949,0.009975552340123891,-7.607492093018406e-05,0.007035070631558751,-0.004880140172196982
-0.010333517190827434,-0.024555777781169304,-0.0029929473034034687,-0.005248385761750729,-0.017036265864911547,0.010634758173762408,-0.020270713783828484,0.03597946311598068,0.009333968022277503,-0.01498208612093493,-0.016991957718062854,-0.07046824936624188,-0.003299657175726746,-0.04939798275920049,-0.011345497313831353,-0.031997712867970846,-0.010561717616903435,-0.016934985589788207,-0.006654375723163187,-0.008487348075962268,-0.025727075875137746,-0.005316718673000135,-0.07421575440473861,-0.026106159213830773,-0.016649727981856474,-0.007305772921844324
0.0009989803949173237,-0.026885834819343694,-0.019830340932932684,-0.00750144029703161,-0.019057337764102907,0.020040425889033216,-0.02233438889780491,-0.021157852426019034,-0.03978608973626446,-0.023166291179388288,-0.02225746898027801,-0.02315119799004447,-0.0236376588414302,-0.0268226307812151,-0.012269178802927092,-0.0034771873972344195,-0.006016389086751075,-0.024865683668527174,-0.0016133855081242037,0.0007559629244342322,-0.06661924365437277,-0.013585818014069186,-0.055330365395333515,-0.00034674050628837185,0.02068311804281471,-0.04066785731339236
0.012026508677249158,-0.029517809525600954,0.016519070505751684,-0.018887826021516736,-0.031617621625666746,0.012045815805704395,-0.031382578663961526,-0.021724271277632445,-0.020553499570535174,-0.014304323451656976,-0.03226551364391192,-0.08332275573762482,-0.0014830346458271746,-0.0425584894935418,-0.011349178506005498,0.02773294402361399,-0.01463232605227151,-0.024174693463089682,-0.024888063475071845,-0.010101456207480463,0.048914106705921744,-0.029284324994587756,-0.011596235797870086,-0.0027739493845836917,-0.014518868955984051,-0.014870186632153934
-0.0070755656554228295,0.02927125773664404,0.007070104120796501,0.012408753710440553,-0.005976315155773319,0.004360843520370009,0.027143584618076744,-0.006650514767174142,0.0015917407678494643,0.00723151549654785,-0.0009135365429220517,-0.030588029669494636,-0.0009478740639266642,0.087836665223704,0.00899376391957488,0.01269553019200166,0.014958427468083275,0.032621866138207424,0.001335816042044639,0.0035723919495743283,0.06638727058575654,-0.004491558993107048,0.10508778710382348,0.009886382009206844,0.028410979357299235,0.041210153479441965
-0.0145702144678725,-0.01756152090200866,-0.019643856031979174,-0.00558813702146118,0.0005068226869304668,-0.033275536549989236,-0.009952706551443041,-0.009581778956225206,0.0028340362800230853,-0.0042813504366859744,0.00048366334609462204,-0.04318203299443477,-0.011794804619072419,0.02228758777486635,-0.005469255845959235,-0.04278115896056219,-0.013006137486409181,0.012127123274790172,-0.010810621775519126,-0.042728129343039524,0.05885634160846221,-0.0022460086490615626,-0.0015234545415661793,0.004917403181246161,-0.016657318404408206,-0.005260849356413689
-0.009339684952567906,-0.0071487856719009354,-0.036827529520129014,-0.023283891401521293,-0.018712087909867704,-0.07834182384300552,-0.022520352997932938,-0.007694280643582172,-0.026731976800437488,-0.007307008131925319,-0.007851894919555982,0.0034487824338811125,-0.01715792096823157,-0.03769112722731217,-0.010870143163932878,-0.01310027156539347,-0.008093733519738642,-0.03267085938448371,-0.01895008522885747,-0.0068269007478085,-0.02141952619033342,-0.0015631859761373542,-0.04972139824329196,-0.011889499582636947,-0.011560144480608145,-0.01074323077111642
-0.005237290430861717,-0.0132872132090749,-0.004207933602648068,-0.026925593973108952,0.0036794048144024034,-0.0025017416043984437,-0.04934680533648314,-0.05305992542637809,-0.04176491939053396,-0.023792668558852394,-0.024398007750829488,0.011797559600172728,-0.031531950530156276,-0.02753865675059778,-0.013546586909271335,-0.04765042293096789,-0.018023688520710374,-0.021510740540154,-0.009975399032797141,-0.02370773820935819,0.02959192603502235,-0.054697038115953764,-0.05185342968828737,-0.01830894501451944,-0.013001008494289564,-0.023769747837757597
-0.005837434632419425,-0.022878186180975667,-0.028117165942066334,-0.02098375330276691,-0.0016601120967397222,-0.005983342467027501,-0.010519708474576646,-0.006512191472620314,-0.013630672673675903,-0.0065150868643312175,-0.008057192894943563,-0.010535902312625313,-0.013268572042430154,-0.041465906207662655,-0.010542539663532215,-0.034605501827882974,-0.013002860012927065,-0.023769041119046843,-0.01568138426250796,0.003075483025540347,-0.16261433036481263,-0.004589180072194625,-0.04469587474383944,-0.023482226302398386,-0.024652893161195594,-0.004042985338894368
0.021147136589258632,0.024467473805038546,0.012459824627419408,0.027480801556592584,-0.0030785424536123856,0.05865410714494495,0.0030763820624551074,-0.009908162388174602,0.002239519301134752,0.011742063574048722,0.004815393097558166,-0.008992472794616544,-0.006619089678546927,0.05347095070795945,0.018646994718717627,-0.005294593330506268,0.05327103590888239,0.02174387368252082,0.0008763615894990659,0.029688175762040574,0.003094312423983612,0.010152602729612992,0.06316224095339483,0.04533001897273063,0.003180217068740216,0.010624812960519222
-0.020956954345561277,-0.01101822737770869,-0.03243099981087906,-0.02001298565699588,0.013136195186407696,-0.03240521987368008,0.007175518442639325,-0.033764774986145836,-0.01754547980156786,-0.008056030910925297,-0.0010659398604987735,-0.031374037901903316,-0.00966902983856151,0.055949740300248116,-0.007689336136387814,-0.024093324318507976,-0.016845597541382828,-0.013123390061331886,0.006143513952172621,-0.01936028608421768,0.07701063231300652,-0.014491906465924242,-0.03720435529743897,-0.0046618742165938434,-0.01080595730466665,-0.02629734270082353
-0.010046733911832344,0.032276224243543095,0.0654029900544962,-0.008367389438392691,-0.0070651405510661226,0.03797530601641796,0.0019202054207625998,0.015113475300220528,-0.009519305527588924,0.003997437999173082,0.0009607231500178531,0.011298896192897949,-0.010231565493296074,0.0023764857116420983,-0.00211535592955622,-0.01207108783694399,0.005827229845507028,-0.0017824761636170438,-0.013562020650336648,-0.005778097463457652,0.053032126342042775,0.014524843861763686,0.030882200914888892,0.008667538601619505,-0.003698193771289363,0.002079788340669391
-0.015451773161022081,-0.00547346229673314,-0.0162629444260563,0.012980705132671291,-0.0013846497937685237,-0.043332326402259085,-0.02636185296796953,-0.004060607506833616,-0.01927615863204489,-0.011666372539836201,-0.012535070090269999,0.006275458745688078,-0.009588571283537536,-0.03284841618847443,0.005106826895120099,-0.0331667756169956,-0.014408535902634526,-0.025686311979504103,-0.014637043341745886,-0.02345954929087254,-0.17301306703487573,-0.008557432161890574,-0.03137001321371779,-0.027427214715579004,-0.015489261634192609,-0.013474142001362377
-0.02234094871636951,-0.011389255414895943,-0.01906596064975102,-0.024024458096134696,-0.00998465399982857,-0.06457308022508199,-0.020013179489034277,-0.03771077182709306,-0.01435820073443801,-0.017096892218959034,-0.010471031987254579,-0.048404880207975794,-0.01687574645475442,0.020907850134519963,-0.015928159935016745,-0.019585235982001254,-0.009723886585452153,-0.021360790984845404,-0.016127898829041004,0.010309458799155012,-0.04595845835494663,-0.0027319169841099555,-0.07940647771792245,-0.0005499451688354401,-0.018948744729484147,-0.01582196171554191
-0.009952066113171905,-0.01333479026705808,-0.005038345013585476,-0.015477882233157526,-0.008081158824563306,-0.024659206122916565,-0.021505320626858587,0.009663239269480331,-0.008797321390552245,-0.010876928020125312,-0.007994117153941181,-0.016332019460403552,0.005113881046280156,-0.0445192172487362,0.0010381923945864046,-0.03215873733746649,-0.013197084104656504,-0.023575875523647045,-0.014640639210288473,-0.016578632121393194,-0.1646681448392396,-0.007551214954972046,-0.04853022005861821,-0.025451284841828823,-0.015734654069511328,-0.010895681248703236
-0.001719798296622673,0.0342248106614711,0.06556949301406347,0.031468682788085865,0.0013318734535986022,-0.020467581782630077,-0.005448470613539401,0.015380344957018774,0.003912737314861556,0.0051414279637474,-0.0006649722545553847,-0.013173931016814555,-0.0005439215308323167,0.02882134405338136,-0.0042658015398589835,-0.01789670012447478,-0.0038881083869945665,-0.01637468699865328,0.032788271942891634,0.013513504382539924,0.025977098065593396,0.0017701307553795109,0.05696700952075281,0.006536394490554376,0.05430597382654452,-0.019341622561860027
0.02043425371799118,-0.009653441005986916,0.04303802516577645,-0.001267753941570956,0.007988450235151908,0.04147243015535916,0.046518120251441274,0.04830757608079517,0.017896447709979092,0.007724062418862895,0.0022107314461296923,0.06861527231343967,0.008721976190681793,-0.010130388231762367,0.013732594349446304,0.09257849946468147,0.001967073659326533,-0.011710452402391996,-0.002184573126310027,-0.006763184353853303,0.06603750766501194,8.125012168129453e-05,0.01874923109603235,-0.015930891798969476,-0.00018197357141398,-0.002819405017909803
0.020216912903207096,0.01991109474755866,0.03325134269243785,-0.004353378820684236,-0.003229743570363284,0.03359188996300129,-0.0017767109425391176,0.03779714421960588,0.03657664513331734,0.018249200404696644,0.001089735303197232,0.058434051258698536,0.007532128773615094,0.06068180514892249,0.008355944152153611,0.08026458399299413,0.0020546217439676366,-0.006198046451520514,0.0001943950153844669,-9.176113478340697e-05,-0.031239358607848277,-0.008311788356509206,0.05288303708907291,0.009061772339545601,-0.0003459849515194023,0.017498573212663543
-0.008413395549081645,-0.00945597708291062,-0.014632453668861699,0.006618859901373251,0.00843671733600419,0.040298455507303176,-0.004234987660997388,0.007431686684499395,-0.028202457907811236,-0.01005466367598132,-0.003393430735905485,0.0902792549938225,-0.00014357255934756042,0.023791763707185998,0.0059681107481166975,-0.04312021914084166,-0.0008760054578897834,0.035396199838606306,0.015090153657157596,0.01935521085850944,0.07791487533493698,-0.012565283260833452,0.029799587152241565,0.009241074770117066,0.0036819067661387193,-0.0011133052972738789
-0.009117357497027365,-0.015196515751345457,-0.016813461589173392,-0.019238459261847567,-0.01490145174666112,-0.04508884034197918,-0.015253553453693497,-0.00616922100819206,-0.01444546558522618,-0.010189765722635453,-0.0055842095451592915,-0.023160804212449777,-0.011552507245971988,-0.03087070538016818,-0.007322581916939529,-0.022855401866441007,-0.007433163875786834,-0.021437380008484597,-0.0064321177133240025,-0.013063984442210566,-0.12858641255881303,-0.0029353881627860573,-0.056615264344738264,-0.017242036835317776,-0.013994133652777898,-0.019068377689329983
-0.012385451927373996,-0.01921898234151281,-0.025411779791107127,-0.017610330755727047,-0.020058923396820694,-0.041044192853160806,-0.024723676616639975,-0.03778129458445247,-0.022574595859476312,-0.008830347164329067,-0.007388124775855634,-0.03615196900367902,-0.010336328183238711,-0.02419973292821903,-0.000718710310533876,-0.023750850222448425,0.00042611032953303074,-0.014982778560107027,-0.016597601721396245,-0.019636373549592467,0.005039654518348008,-0.008835457817189469,-0.048851858110791624,-0.007968740876316563,-0.016545316420007422,-0.014430908486347063
0.001875759506449246,-0.0057513445358727475,-0.00826281611057501,0.01544990075114458,0.0628977748153936,-0.006370032330538437,0.05829628032532971,0.017963893260571618,-0.005374633138411016,0.013971972462637589,0.0029146819000297483,0.0571086588662758,0.013264441398876621,0.036803629888458665,0.022439072479216282,-0.0152910018307626,0.004213477061128916,0.00079849663594399,0.02692615175454072,0.026574255799513963,-0.041008078377250234,0.0004924841197283494,0.04684813516121034,0.005432361213767974,0.059562176478786734,0.053655741036074414
0.01748478947998266,0.03696444296791424,0.02496461789863889,0.018659229609867087,0.007056854310262155,0.07659858925601572,-0.0015091978003830698,-0.010287655369970219,-0.01340259578412325,0.003495390654815662,0.001622259052712971,-0.0043909315396863415,-0.0038526645923965567,0.04728988379880954,-0.0033644227654869366,0.024453504538231988,-0.00012632604473726964,0.06188760280736933,0.0012403405706054994,-0.008523243670616725,0.028083026767952504,0.01674450590347026,0.10168087686875353,0.009725490410275463,-0.0022721808119517046,0.015209252075252203
0.04282006440804572,0.0022111231131857674,0.01257381332355559,-0.0004203319962973178,0.002030532507328312,0.007890814920780656,0.005290937645234287,0.02971402930383725,0.01140541655201845,0.0006290893756601134,0.009088033055212363,-0.024539858725370976,0.005731420499568886,0.009673330230186078,0.003328258469274363,0.03398041078271421,0.006181066611871929,-0.0048110249562604915,0.009174527183309189,0.030484812848206744,0.18173210961948583,0.009684511263229605,0.01103976284013478,0.030884461997040157,0.01997251757681084,-0.0003183898571718798
-0.01665908778538315,-0.022734680412692387,-0.028256477764809166,-0.016771143751444544,0.0025625962768337537,-0.03701759534006748,-0.00536922687606278,0.0012911696086366914,-0.01999851329846189,-0.00860153252357527,-0.004468548162863229,-0.041832167890676716,-0.0157176921641167,-0.057251739144677204,-0.010039297096199542,-0.011303694558527238,-0.0029469536496186657,-0.024178081812718435,-0.023991979048969676,-0.02527375816388252,0.0988483997454009,-0.02031578058085617,-0.03871685688569206,-0.018071991936320263,-0.017516540787939117,-0.005237387403308374
-0.005756850636634177,-0.030713694067266976,-0.0271433503068278,0.0023622561636772194,-0.015929828884568894,0.004324278602020183,-0.013837156244409437,-0.034823027568261014,0.0222652661303296,-0.030121184472162103,-0.009162509084009283,-0.049382090586953836,-0.020664976138888375,-0.01373323075361818,-0.008179710866425006,-0.061446332482048796,-0.008623834867516765,0.019774307510715947,-0.01820359584365305,-0.00789859514685618,-0.009912197177992722,-0.006646990205834036,0.03768278049356723,0.004020559828807372,0.003239338228144627,-0.022724859698375593
-0.041831042798112616,-0.05048306062670569,-0.05422000408233553,-0.03192028863971247,-0.027352127767922948,-0.005122584774965312,-0.028845903865203512,-0.014311192330816675,-0.006127490507580753,-0.023796923085176874,-0.021197239725175045,-0.012114460586619235,-0.025686637877777592,-0.021116774359225612,-0.019921864789966805,-0.021098156563210162,-0.01842371596450316,0.004260385654666396,-0.021887155228591717,-0.021259925290319434,0.003944380592901397,-0.011510728814590124,-0.02287311823610734,-0.004841409416029154,-0.023024962023076984,-0.030473226968832576
-0.003277983920176938,0.0916330273402096,0.04793506935342501,0.0010707775486707028,0.01304599304885679,0.003905472757985463,0.009009759336864232,0.030040584133720037,0.014582490855322204,0.0012283102855935879,0.009791830892817132,-0.015588478458374718,0.0034619961892132576,0.05761605112653585,0.015461350608231585,-0.012201467713496436,0.0016582964335793305,0.0036022276364426364,0.010141003707726118,0.002642011357061373,0.08965501502475735,0.004372630795971825,0.06333542698613731,0.004746586796638386,-0.000611215946947182,-0.0018253275851310019
-0.02031831645391455,-0.010816920721457774,-0.017960959757218852,-0.027320664384687554,0.00204133929814187,-0.045886430677411084,-0.015835402742061522,-0.009064633309297824,-0.02292637609975025,-0.021015642461142167,-0.011458462612557969,-0.01956136255115644,-0.002128201479161368,0.004959627800281465,-0.017845108446937097,-0.03130813613093315,-0.018055255196814012,-0.016256345857429584,-0.01827300924325291,-0.013724388524010566,-0.07317948792065405,-0.009787229940294073,-0.05698513592117807,-0.03320008490913365,-0.027334321000833852,-0.02132765216542376
0.029211865275137267,-0.011906739488429506,0.04376577317334256,0.007165654509343726,0.000805511025335719,0.027591484424630438,-0.00774396321390248,0.03946957391117666,0.025183703342409058,0.012599382428819294,0.003993429798842353,0.052895538680991436,0.010438812250198475,0.08659598162543662,0.013368754180870732,0.13789124544934156,0.006156403157133935,-0.00981918394344038,0.004417272500611414,0.005344139095914381,-0.07887357406825918,0.004549427183533136,0.010600434193471946,0.02054840451082734,-0.0054336692987953595,0.003282444553735146
-0.003932603154542136,0.06020177614060627,-0.005225571901301905,-0.002755383164201248,0.04583813988669429,0.000764842097451543,0.005223726634236765,0.013491610247818546,-0.0067502409777280845,0.005483989134019838,0.011747154563282503,0.0032973065474952374,0.01734509311873742,-0.013210454069812885,0.0017317727655346805,0.04744105942718085,0.0077464353851534025,-0.00040314495121878503,0.0789177946180321,0.005276763368488375,0.16664284826609646,0.011179857542539903,-0.012037958901870286,0.008251634653293732,0.0013523041517232316,-0.002187312836257953
-0.0036130416317841367,-0.017855046505890242,-0.01040947753216649,-0.0037473376253316293,-0.008227375122913744,-0.030278312819175607,-0.024248822069630707,0.002490610277579275,-0.001078236023823045,-0.00985736168586531,-0.004154918595040053,-0.03646763206731621,-0.0011822795031508802,-0.04281778761535519,0.005513695036716728,-0.028892992985371294,-0.0036787064767581936,-0.0238548369945889,-0.01690291156587142,-0.021471515064076026,-0.12161446799634686,-0.0037591680664919363,-0.05308115651595272,-0.028334458743908258,-0.01566885089938894,-0.015573142313915107
0.0184528742485498,0.020317846751208648,0.006254775459503808,0.03976188524097495,0.0072064863376403885,0.10367119426653795,-0.002994860328498935,0.018618251991674543,0.028093967298648756,0.0032021451982913907,0.005913771756746408,0.019906123894244034,-0.007048163619436971,0.052555518663464564,0.0030882917099058337,0.011009874514714971,0.011590536126236364,0.006009251937932325,-0.0008604400134185538,0.03565837413256134,-0.055217347014564946,0.017159446584496387,0.05453030895379206,0.04066049835348143,0.003228116009389556,0.004662710137511334
-0.009198411043239808,-0.002169526253782777,-0.028212744822713628,-0.012898926667619416,-0.0035749636724782263,-0.017198041750881344,0.00010550238159515862,0.00022985197910312276,-0.02137730906343823,-0.01931475093287473,-0.0032227851799340942,-0.03879872761619659,-0.0005962314758756914,-0.024983339534651972,-0.00444445356358155,0.07048988203240175,-0.0033468563906472026,0.02678159097664349,0.016220121967584687,-0.01418440229537913,0.10209727969360595,-0.00332723859604341,-0.03955755721086913,0.004301912156753102,-0.009137594377347059,-0.015917508815187442
0.012345715530944225,0.019418978461773154,0.011956011784938584,0.020109629240664423,-0.0028387662524405706,-0.008385338299509007,0.008166653847345936,-0.011097805587787897,0.011242721911444676,-0.0003555606655961607,0.0018971255964523306,0.027994741568614024,0.009333731818894993,-0.024000326674192468,0.0030830698801138368,0.05797651282772672,0.0029133190436522786,0.06494214594411969,0.01924255644027226,0.0066102275991548835,0.07293233397659435,-0.0010604140558933839,0.10139686561508152,0.014369450922551293,0.0019343162635445312,0.015303541853154561
-0.011085416168789441,-0.020987540160968578,0.0013386608301510822,-0.0075915735291107725,0.0042543341165322225,-0.03901306849535204,-0.02461511779795472,-0.002098325508934964,-0.009775412383554921,-0.018475099618185133,-0.007345473474770564,0.006243964882034591,-0.0028394431794067764,-0.056859946707659974,-0.0083801932156887,-0.032860219077720215,-0.012598233824261675,-0.023898782313024964,-0.01389696840801117,0.006343628742334333,-0.1725488701974716,-0.007017585916361037,-0.049462208454585,-0.027562477977796426,-0.0014938488942053566,-0.022343344675929012
0.01364401744439614,0.002674588631440272,0.04026165770337206,0.0034953758093425086,0.004620890148863203,0.044847302342104024,-0.005812084329434854,0.030452105820429672,0.019763326660531665,0.0013867486605084333,0.0017152032287556939,0.07399888023614061,0.0020366739898806715,0.0004779788279219105,0.0028946622851813396,0.006716583320231412,-0.012410910325560034,0.04592057433724544,0.0008214019837499057,-0.010840709637950958,0.08021798524779941,0.010709506890357937,0.08182862507194945,0.008996550270438854,-0.007049590832509678,0.004064094806292836
-0.0185712787656564,-0.03660335799428564,-0.02261775847588502,-0.009097841824027668,-0.018853793340031785,0.013067922081468062,-0.023741354693862113,-0.03932626316930995,-0.036210078502631096,-0.01599086082089795,-0.012267486030950313,-0.054417993898005834,-0.019262287692937002,0.0315039141535924,-0.014217385672215473,-0.0333304396965764,-0.022305413687916033,-0.0036571887379023955,-0.016414614923014412,0.004778328412906748,-0.0416265482765273,-0.007402709085834489,-0.012489425645726072,-0.0035185546950159997,-0.019460252878320886,-0.019202504215550448
-0.01007743045722687,-0.02114295408997733,-0.015363767996569314,-0.011572725419082611,0.0006407993078964543,-0.03993284836546087,-0.009908964217543106,-0.0010636128074162162,-0.011538212518902871,-0.00981543654920882,-0.002651070790344041,0.0062488655767008175,-0.00935332227244958,-0.04660105901126817,-0.007527994114434114,-0.03136725887928484,-0.011459101204766753,-0.02098772006621222,-0.0136823821294099,-0.017437181561545445,-0.17292247986257853,-0.005859676937510442,-0.045859705079950804,-0.0177409728296781,-0.013431495720387251,-0.014160853411874116
0.020519342693452125,-0.0030628537360733164,-0.009257123219817592,-0.0007267502240097703,-0.005859991468214566,0.029708527459846985,-0.002805493551341893,-0.01932100998589105,-0.00861718139676843,-0.002581152419456304,0.0032698829270043847,0.1095550451653616,0.00952743603096363,-0.004074316977780413,-0.0033678014274523714,0.01152956929268349,-0.0019184350154798557,-0.0034775693685644557,-0.00419049879257357,0.026128401982366812,0.02785087403192421,0.007940605261831078,0.03997681170021685,0.024767415836903086,0.006109721743831833,0.0011413153819931872
0.00342316206185927,0.012234515504505546,0.001466883389543936,0.03785866247949307,0.0038426598480141914,0.055097268687019786,-0.0058937855471761355,-0.011616846378933296,0.06160109581547103,0.010765506765934914,0.0027266804763388594,0.020391987320695384,-0.006028369758206112,-0.004275450701280679,0.002688287925924255,-0.011616935768898292,0.0035585870477905894,0.0012203669901364915,0.004636342394072009,-0.00411371281529646,0.040004206407397803,0.013297172466892417,0.13050506482980778,0.010864466315791558,0.04327268028150457,0.029520942553164377
0.02693940765114241,-0.01021639337426806,0.015183005013713542,-0.004713927363078005,0.002822644247514121,0.048277725465660504,0.001412268690560019,-0.011340036930836109,0.04039131323540517,0.00522601990046255,0.0029899368694730854,-0.009263024293272911,-0.006868871286756373,0.047312548379108435,0.018031142180885317,0.12094338297700127,-0.00497727218901311,-0.019694478681599122,-0.009173852537377292,-0.011551970056139447,0.015864218852298814,0.006079309688028063,0.06147698015226857,0.00650279135020026,-0.00907131971346304,0.01951655703037426
0.01749877697178132,0.028082368025969705,-0.013428968501187093,0.0247526702580862,0.011040182665919909,0.0041455289695928555,-0.005823072299270283,0.018417934065626137,-0.000649054381069669,0.011096591498355658,0.005674628538248558,-0.009233520901951644,-0.004478029446333758,0.06690406373624215,0.001590692165486336,-0.007188945167586645,0.016320248746456417,0.05974827749629936,-0.0016168489814937725,-0.014270407402573418,0.07250784313391041,0.014022763744628698,0.11326415413449209,0.010617148632424305,-0.007834856839338315,0.03427126972889712
-0.015699174273278115,-0.010994750049770198,-0.04824163348934813,-0.03567314425607138,-0.01283257912809999,-0.056665077656824034,-0.024291434130498894,-0.025358694990697737,-0.022392412875479273,-0.004409895279419157,-0.007197842464422878,-0.021088927126934442,-0.024836450714285738,0.05516066423112233,-0.008060795244770795,-0.03980980694209278,-0.00802483838647571,-0.02026377455390436,0.004829436646461035,-0.010043254379772036,-0.11618876740962941,-0.024102177975578936,0.02242621258243526,-0.00362722920321436,0.019228512686755284,-0.009744060358042124
-0.004567986662723888,-0.007008676380100303,0.00758358544736156,0.02565253629893188,-0.005507012607631259,0.04863585959225959,0.003027740066394576,0.026848215891327836,0.01555364805210326,0.0026620533271415362,0.011900771806093639,-0.004564068100971185,0.04192817422406779,0.04696287266401321,0.004974962193173044,-0.004202147383244719,-0.00042695021645427995,-0.002856390990337018,0.08556573555015058,0.03700171724737355,0.031594278054642065,0.010602033785977625,-0.012065725038185584,0.030900321343970288,0.06511266539655589,-0.009876774970248331
-0.010879792620771416,-0.008473186503299458,-0.034297926517209074,-0.012872116710377003,0.012617990694561465,0.02270033244507602,-0.020375242728486776,-0.00858366325327924,-0.011675578391188898,-0.009710343177547856,-0.006473831009001107,0.008982118621173416,-0.007958156029474417,0.038406963179195806,-0.010631263369097255,-0.042452850378324046,-0.01088258770256836,-0.020778918318870365,-0.010537510534172645,-0.025352011200030822,-0.14993051283864856,-0.004379822223929634,-0.0643284055208038,-0.013675156850336963,-0.012100435960329725,-0.02425998784385712
0.00027607600083821447,-0.009201425376616928,-0.0015238491983435261,-0.003309613094606786,0.004926281319941034,0.03128913756341661,-0.002930098941179574,-0.01198576430691459,-0.0028480988203305013,-0.003634275697201208,0.0021666190219622058,0.029511473065507218,0.029033772165657033,0.05259177975224923,-0.007706606733221483,0.017334620650113104,0.0003072483746910058,-0.009005584388297336,-0.003517861741276666,0.007776232919801031,0.018754322091886867,0.0063804431582608345,0.06498692199812224,0.01091778276658338,-0.006596620020283009,0.024771859394176643
0.00324804735277619,0.046840572109669895,-0.010136345699045028,-0.005077878448613019,0.03408332086679966,-0.018251326532505916,-0.01967878331896491,0.008383909454562624,-0.0040829337167520435,0.0032382354530247457,-0.0018166657737337818,-0.016100691376100946,-0.007617411651042663,-0.00940876468669962,0.0017701402302168884,-0.0204543356020362,0.005150392374007674,0.0008512974837815905,0.04582815013889349,-0.008761458578087165,0.12857104388245444,0.0017707168448221945,0.04717798560249732,0.007262858927931296,0.024560479708323545,0.018857939822001745
0.032517832642379126,0.0051411137814127905,-0.007861413316820547,-0.0009588608235133012,-0.005164754461762612,-0.007512530910454281,0.06596166554849536,0.03181645698697079,0.014942554896873829,-0.0012809182716118953,0.002986963216974286,0.007623299143471007,0.011364528442108099,0.12616683625753708,0.013618592724443117,-0.010482442221610143,0.01799878361727659,-0.0014378280572709126,0.018218996332952365,0.003820191190231416,0.13267712135685306,-0.0006086513917980165,-0.00602484768998766,-0.003379390881527732,0.015312209663769633,-0.013357402517100367
-0.03141277569954965,-0.009166369365960861,-0.06576986954729214,0.001430579257774109,-0.01674446927961899,0.027076638517880947,-0.033939006955604215,-0.03016149521570504,-0.01747274267464622,-0.013848783024479517,-0.01803107928742706,-0.016568261924773977,-0.021602362304073034,-0.05155570035570649,-0.010279797241738902,-0.007139231887544526,-0.009702201459206451,-0.02622791066949707,-0.016635831909534535,0.0015623737454764917,0.002722053022250661,-0.00838588423304352,-0.06826148316026173,-0.004628402023149976,-0.012540315069008646,-0.020619565997295485
-0.010066542097753255,-0.034528335105213755,-0.007410579146674301,-0.004871310770246969,-0.016750294290421606,0.022071485670367045,-0.018997173664611216,0.002169027675853657,-0.005774964660642014,-0.011089834701247584,-1.331471259817285e-06,-0.029443242147689223,0.0026353805158968683,-0.03442016664553531,-0.00775001997670424,-0.03836275099176402,0.03728861599619933,-0.028106732217084256,-0.011288626294575742,-0.031069579246599414,-0.1178861037035223,-0.006781998299821104,-0.05001604538719109,0.005140095948226539,-0.0167369332603767,-0.02633453611671019
-0.0076285982914995575,-0.021635663994123113,-0.005138673514549043,-0.01956107558522338,-0.01548052831149298,0.004383461534312205,-0.01782022113558432,-0.0037608798597318187,-0.019421135179791493,-0.0037416223456859386,-0.00461705837550532,-0.015034627075963598,-0.0112262090078806,-0.04995084658795078,-0.006767225676867015,-0.025688044160120133,-0.009729547681218215,-0.025368082135965517,-0.01679262849155537,-0.006377519680594203,-0.1387905851969677,-0.005215955562618045,-0.06846630293819256,-0.014410453681479432,-0.017095709336531272,-0.015899495802055293
0.022199733810312546,0.03579917083574682,0.012860614402086796,-0.0012781240951322786,0.038124748836689246,0.10293984175457203,-0.002831966192299762,-0.008593158739532399,-0.01131745894093167,0.006530158632255516,0.0009760696342634897,-0.010266541025929877,0.010377149423360961,-0.00696836747555584,0.001799935690394911,0.005676826820497974,0.0007830714836437814,-0.004359331303441133,0.004318782205935488,0.006181225670480589,0.19697508478509584,0.012740521496044526,0.01368499802752821,0.017348651604935778,0.00010382035208344196,0.0016259808983583675
-0.004488017053286218,0.024193164134104963,0.07015930103816066,0.02508455274070389,-0.0006420601463995389,-0.007097169345878273,0.019717053998658716,-0.012028201739944566,0.011142599734614856,0.010788271712702805,0.0014080512828207957,0.0028776415894873368,-0.0028115154793094785,0.06734715591018148,0.00283251083520119,-0.03449846976531463,-0.0020605859293220522,0.0011551869925942534,0.01432989827174265,0.01955220918034299,0.010460427637649056,0.009612426836090959,0.13636003203869285,0.0042977664814793076,0.04262832757728047,0.03511088005853245
-0.002591686614213416,-0.03046520547309406,-0.04142171994579496,-0.02938696767656017,-0.009488819458685783,0.0031173942894822016,-0.02168649250435052,-0.03456698725700712,-0.0022121861939276314,-0.015555900555905272,-0.008980356535076098,-0.03317446345718394,-0.008713314177095338,0.011774162940014314,-0.003449552979574915,0.09917583581520933,-0.02075824965495437,-0.04107612056736562,-0.016107747901055843,-0.010773591244211497,-0.027323412402602557,-0.010288794356158364,-0.049607751806826444,-0.014386408459632996,-0.01950790830041555,-0.010445650264735516
-0.024152223310294724,-0.01583238636822187,-0.0384213985916199,-0.0023500844381549473,-0.03761086227338856,-0.0357944159507165,-0.0248297925990322,0.00848256826334586,-0.00973980133728839,-0.015783920915809126,-0.013466406057614339,0.012125167466633377,-0.012493797960789426,-0.03341172854776875,-0.008815841619646833,-0.024659432215635973,-0.012637389301862735,-0.018554852383990017,-0.01855536213933557,-0.01873250560265916,0.0345825327623278,-0.00888015793785494,-0.056404558758200524,-0.021167462066898242,-0.005380534640951873,-0.016242645041605337
-0.0011764431815909425,-0.004138985067551634,-0.0018633856206888505,-0.002063634156317377,0.005843575497412579,-0.009401483284540607,-0.0036619580052350185,0.10046953036313054,-0.004291489030038239,0.004040829954712225,0.006843469039438909,-0.004261685903299483,-0.004807927496129048,0.22656128100031422,-0.0017896804731094716,-0.012389482959782256,0.0038211585863028776,0.0034047680914171077,0.004348308774574111,0.05213300885501561,0.026309051366216158,-0.00019576017285597686,3.7477531637623167e-05,0.008244573811869377,-5.8823234312266254e-05,0.016530699860572057
-0.010406933192269048,-0.01029581478025115,-0.027354484623872667,-0.02035325551441999,-0.019461642208465916,-0.023674715339175343,-0.019895625161766458,0.0038334646737480417,-0.01929898758387731,-0.01500698438092832,-0.011701671542225638,-0.026780229658511692,0.0038012354064926247,0.02675708532891731,-0.011142249630463999,-0.03904852834910342,-0.010065374237082227,-0.019770574255130992,-0.011638806234372067,-0.022140249250287545,-0.07665576859719375,-0.003078624144460402,-0.07202408458962184,-0.021189114848833318,-0.020057164437104646,-0.030419464258012847
-0.031635460259311896,-0.021169588158797256,-0.046652308883291735,-0.025874130428239172,-0.004594886535499109,-0.026444374765817,0.0019120137278209976,-0.016360964149591036,-0.013179986642467017,-0.02186458654371129,-0.010675879900090198,-0.05481264242446521,-0.02103205141734949,-0.017872788109543455,-0.015145301437323231,-0.015800015725133326,-0.007814696293234778,-0.01586727066492427,-0.0047058696236424065,-0.025950813106440398,-0.0016097100443653643,-0.04196378906654685,-0.031380896359359554,-0.03182013577412154,-0.014326540580901574,-0.03792588824205646
-0.0010939460024080832,-0.013205114153890191,-0.02448970075371565,-0.0004867124164879069,-0.01009851089813225,0.05128679493748682,-0.004593892955922877,0.010633522527485702,-0.008989939681906712,-0.006092945804760907,4.59852368634613e-05,-0.018278176292060258,-0.008807706931002732,0.02439434750915318,-0.0008095204712497037,0.11865779438127382,0.003437501432750088,0.060648087717940044,-0.0039556335033599874,0.0312851734723253,0.009831125140767217,0.0026012153804231123,-0.003915096253199215,0.010610943490636512,0.025799575572911296,-0.0179580910646837
0.013726258484317702,0.010146530254995395,-0.02654259818173212,-0.006811767000538667,-0.0029041753140377196,0.03766644892332109,0.013344472751542586,0.021633944831819282,0.006026358610006958,0.016916303783780163,0.0011570204071990656,0.09105999023259939,-0.01480706558290255,0.04863656058339478,0.0234872911874258,0.10249440418101241,-0.00554939514706506,0.01583357072298267,-0.004398927960059816,0.0013912596334169135,0.02959005846549008,-0.008101137964753995,0.029277935663089623,0.008589766503297288,-0.005129758154829261,0.022031422011183282
-0.009359670650437434,0.0027957641150464486,-0.013565297929163963,-0.016756988049735983,-0.00797404068392468,-0.04413674919311295,-0.0192865777249694,-0.011038049536723807,-0.019626771395504707,-0.009348427660574896,-0.006206320650438052,-0.024830551000029316,-0.012040195979829674,-0.039874228964288334,-0.007792465767128416,-0.01750014958277393,-0.009038266271877744,-0.022210776525023103,-0.010350444183157665,-0.007199614337557473,-0.13686825983315193,-0.005478089758787833,-0.05731206811068918,-0.013669487844360088,-0.015382173068421478,-0.01718532748864226
0.0006591447001258987,-0.005534459963856396,0.01688928544391293,0.007914415511930823,0.00023978566678328566,0.05453358080754884,0.03986500175134442,0.030362888587204165,-0.012324602805235514,0.00784760349926723,-0.003513546487259561,-0.002311408560037864,-0.003516582231851694,0.003598167512319197,0.003736839651654074,-0.00390185373885986,-0.0013103680260123946,0.005503371515298354,0.06517312461038811,0.03361512397079657,0.03745100410054352,0.008839403073912039,0.08338776225423257,0.021325784527627737,0.047710048172078495,0.009191925047799145
0.01864234536751652,0.001054541538378671,-0.011977057389036368,-0.0030464865038623648,-0.0023193853926288433,-0.024649139197166377,0.011518637246885352,-0.011788126358226701,0.015683597684589493,-0.003886365218999312,-0.0004612433303192718,-0.040312177723565,0.0112295959675789,0.03454384873962935,0.000306289622087515,0.1081673449250914,0.0012345025380523333,-0.010730443549406372,0.00846496556977993,0.030092841010450455,0.020441105542538744,0.0037238219681599025,0.03513614183903146,-0.0017500259196297603,0.021117522974531844,0.009439231084577225
-0.004078758346038507,0.04011275720541265,-0.01351256120566721,0.016190766710596886,0.0193425878401457,0.028744379926588858,-0.014483615510921853,0.0496008583316829,0.022666308405901614,-0.007388863256302908,0.0019308051926815093,0.04573340832686118,0.005767725271027022,-0.022064538396641048,-0.002504142895814554,-0.011387587734632795,0.008518313910755963,0.0025283098233664382,-0.005201135935964868,0.01290198214433233,0.11950737566294539,0.0026057478715514823,-0.010319302022475784,-0.0030802374361962306,0.022916807620102578,-0.006474418520150702
-0.007472108319190673,0.02319779025562321,0.024243294133635632,0.010829409234017996,0.0008466886226723605,0.04624355963853687,-0.005604581549199676,-0.002128384269908314,0.023106405079479517,-0.0032743634756765335,0.001856739898680031,0.06694611743268916,0.010687346679090087,0.04600733681320657,0.01894391254119074,0.0981772254552481,-0.0014609467882236078,0.038803986597265444,-0.007093297574568515,0.006016758609730971,-0.022808898679815705,0.006103936507803931,0.02856864940926747,0.012351343721647048,-0.0054213127318046605,0.021098164683562716
0.009690230035472678,0.02858592899693328,-0.0026188872246608054,0.008763544087688915,0.002269462423583818,0.00020478994525652985,0.016377135015737135,0.040820947608021636,0.0176633254904362,0.007328819879801991,-0.00046492922990972943,0.07035950209394909,0.002168919124960184,0.06920346532984414,0.02060585066142794,0.061936899914824116,0.005389865273782643,0.01901276184987654,-0.003661623905383851,-0.002784324784757391,0.047728766423459204,-0.005128013897134399,0.013850759861630549,-0.003998875346931738,-0.005217546327047114,0.017344665290744847
0.010108272227962557,0.03398674921873823,-0.02159892496873018,-0.008003948651327213,-0.027109565543378306,-0.045915062137268814,-0.016900208857146628,0.041762090069505695,-0.002442324035118541,0.00424653434060933,0.002024076506671678,0.06579680511626136,-0.012237599365665286,-0.05912148017783363,0.003966641122750894,-0.007178299049148768,-0.011924880551257419,-0.014284675936297248,-0.008817186014028018,-0.013175461242327366,0.10243479753308124,-0.008134006141055736,-0.02816611938408462,0.004671982873111624,-0.00899483384817106,-0.010744474196919918
0.0076017159432102506,-0.010563955484371793,0.0291368261036757,-0.0023430682152298338,-0.005535518446376737,0.04029195116677027,-0.004815800745846573,0.03963705176336286,0.00700437600971266,0.011151013057055393,-0.0006287401897071546,0.07452441670281969,0.011878157673518137,0.054963300994093606,0.009559391716363955,0.09925369004337431,0.00042590741528951453,0.022742574097939932,-0.006609706966837723,0.007427069966769846,0.014619184989511029,-0.0015495942579873713,0.025009154332322186,0.013561655560119687,-1.7651163332587406e-05,0.002041369858730441
-0.0015777817010012055,0.01729766195305044,-0.0006113018900808617,0.014255832155557301,0.04566299167056256,0.04654652318282373,0.002472452714459738,0.03842564556110961,-0.016728726523221313,0.012233238067454445,0.00695448765748827,0.047660173368727916,0.0027765849310066137,0.08484251170433191,0.009850203446577341,-0.012067913834848636,-0.001782516184159803,-0.004223349598666376,0.0008588538679094052,-0.00534783259644089,0.1458224319582387,0.0023975717908315294,-0.00527754607599571,0.0057150377160184096,0.004971729621974155,0.004304475627944271
-0.0037227096466163558,0.042638751410784784,0.01154918367284739,-0.00789702972072704,-0.002451248362035324,0.07538421980671019,-0.002628393129131337,0.025517174186995725,0.0028420056174385884,0.01611420196200742,0.00038480582154039203,0.0013008887789131946,0.0183291494795028,0.04091045624123684,0.007482640936429085,-0.004502668939372079,0.00628753093157923,0.0014871495787565719,0.039614131816330944,0.010119768703205191,0.04633373183050519,-0.0006830694100139689,0.08153463653390429,0.018513404228353642,0.009392438542224376,0.011580287720365262
0.005033183092403353,0.02729261616424819,2.8574088318921547e-05,0.006243616475040959,0.024050914408375163,0.03982686978052795,0.03346313141495113,0.05619806186129521,0.046060753585235786,0.00646443226614087,0.0027485262171757785,0.06876232551069522,0.012971444152110538,0.03545451679837902,0.00387873310006349,-0.01949579447617537,0.0021529149444289805,-0.008164960055958443,0.0013441234560872485,0.0001351343835226791,0.06120388213971,-0.004786257080507362,0.04049831716442003,0.0018867623150739625,0.004811951836740108,-0.002632334950727442
0.0052998009803245615,0.004234718968987783,0.08151399645316976,0.01730758345154371,-0.004201841548068341,0.019420769544466643,0.017374657296280224,0.015064452995154305,0.03298563460672935,0.026899583025238868,-0.004395551353774611,0.007906789664614753,-0.005528174858161706,0.04452153771167301,-0.004076478229180627,-0.03536888400910766,-0.001889487017401529,-0.0013957075098459588,0.015481544985375855,0.01151883707632131,0.01059792547565225,-0.0008982468370530738,0.12221194248413854,0.00839975371716514,0.033170904489271215,0.029275377028117347
0.017245522086021037,-0.00524216323531286,0.03432870297491045,0.008349279451796933,-0.010243506047958702,0.007585267358503441,-0.013060103977677262,-0.027402643266698258,0.011862222171234933,-0.007307077512945382,-0.0035260834442616983,0.10085437811611378,-0.006881623788162426,0.04018320467396538,0.01255937434872442,0.023440629762341347,-0.0066243061878266335,-0.01450487456883486,0.008412163045832971,0.002755086841352858,0.0838035759593252,0.012844994792977002,0.030749692263477707,0.009973910199484848,-0.0032275552645342404,-0.0014966281602385241
-0.0031497819172567557,-0.02444901461660544,-0.00899924011923689,-0.01958214889087206,-0.0045309170411080455,-0.005780602700621863,-0.015705810224553148,0.0016629279999759695,0.0020925586847444543,-0.014880637827933309,-0.004450611859648533,0.0047291627432763635,0.007047063118183364,-0.0210054783631554,-0.008509821004653029,-0.04469809485003361,-0.012318306315231849,-0.028054367367346327,-0.018774909947351173,-0.029861600610162187,-0.18665362122567172,-0.006458288557979836,-0.03146327832270512,-0.04085296748380469,-0.022914261198474832,-0.01700651351081789
0.01638660183353445,-0.0017690304679475225,0.005297538878584062,0.004597396143367268,0.0062096176709977,0.005779819442370754,0.02314239505682092,0.016273582528766713,0.03465750619820978,-0.004475053049575016,-0.007911080562973991,0.07251448495178082,0.009816449858077999,0.06515807716563086,0.01045874591567291,-0.029934979287410485,-0.005184469473955879,0.025066117361981832,0.009872340777719204,0.012444146875499272,0.06884685650267336,-0.006697140433775407,0.07765448310483261,0.008036002782953803,0.004000965390233343,0.025190063427549193
0.030063236281359717,0.025124043900017757,0.06299258364565852,0.013761087086059345,0.007893114020402265,0.06110819255433609,-0.003637752284425823,0.00040766443534705226,-0.01335666714780389,-0.0019014918328305998,-0.0031809985084724013,0.018246928668161286,0.008780129213948247,0.06607486651783948,-0.001510149538861561,-0.0018572257947949012,0.0009102799113368254,0.042178712447056094,0.0011427484017965783,-0.003986607401966807,0.008272423637434669,0.008724108823408938,0.09636449427412086,0.014884424676873466,-0.002839341645469648,0.010772634251116246
0.004775688061810078,0.00824184313607616,-0.004915865209864625,0.0012991856105056502,0.014581466524895465,0.008966070670224788,0.09279420718432137,0.01747058351207393,-0.0010527175104946913,0.0014958549105462736,0.025802582319541606,-0.009575421973362646,0.003195833312001982,-0.014056384837894632,0.007442689796956342,8.335103364898113e-05,0.013810202044173436,0.0012952510319859808,0.039466567702055935,-0.010504970227716473,0.17110095734748512,0.01708367618016045,0.02381153223169878,0.006830881408253549,-0.0029057214785750546,0.018894095811082045
-0.0012085679647866794,0.0016801200514190058,0.004707356688609779,0.004281013673996975,0.04718408901120276,0.011228526318434118,0.03264138404422451,0.023128332125495508,0.014920260948851082,0.021337212889650754,0.0003599242226561953,0.010152546425397835,0.003185023993815509,0.005156308946724764,0.009095844342081149,-0.004082904088856583,-0.0024229946873309555,0.004105626337247754,0.0016398486483878514,0.0003952463316126908,0.1828613757923804,0.006178366257989534,0.007301606759960592,0.014994559757601904,0.04297762186928427,0.003633709895529685
0.043875214762667175,0.003265444333441607,-0.004952880339004877,0.034669894672140565,-0.0015531545448151608,0.07657772678426389,0.0005801993988499865,0.021931976424658238,0.027845185953037324,0.010695955115612454,0.005430010038539903,0.01675873702378383,0.007383049953874971,0.01010547062756447,0.01588605970458978,0.011798782763256263,-0.0005196131116447888,-0.008166138059841808,-0.002462555716310039,0.018878644830327362,0.04529755241186318,0.008346008821814153,0.058887527032294995,0.03533550376780853,-0.00012016328026588816,0.009656999223101327
0.036478537315489334,0.0036079172633430453,-0.0013359774686981449,0.0073622791236558766,0.01783191664402973,-0.017643137694432345,0.08150908007740043,-0.008040115074800394,-0.0031650968893959077,0.0013760449319553554,0.0040903350555508144,-0.012385236400710996,0.014441027881606883,0.050782046857918525,0.008835014819483854,0.039461932759670575,0.017995408209090534,-0.000719289421783606,0.03092448808074429,0.013579606725139682,0.13651049862032738,0.00298265498555823,0.0017927500553360863,0.01232932853624941,0.005114842677723939,0.0017145809211691005
-0.012231689969965143,-0.01708945781286499,-0.021506105306541137,-0.008376083122681345,-0.002322511843187455,-0.04368948727473789,0.028695094885936467,-0.0012918539497177915,-0.01704848940153403,-0.011362079440248921,-0.007270562157680656,-0.027555559589486568,-0.006709988412868707,-0.03855035082411362,-0.008964620370417311,-0.02754125125438763,-0.008829402895008035,-0.01983311221758327,-0.013289279482822018,-0.019524467329840936,-0.16530335677072838,-0.006788929871969849,-0.040938079643153755,-0.0180650783650139,-0.015465883402054324,-0.020382642252432217
-0.021182853001681056,-0.014922400264049429,-0.05057241509793578,-0.01958923466179977,-0.00437751421442092,-0.04737767956326512,-0.023096184399283508,-0.007647714621922671,-0.04257842566485325,-0.01641259631096054,-0.011810336856454584,0.025281343793581594,-0.0012668159694377648,-0.03291949818734836,-0.019387157183581225,-0.035441539147921565,-0.005262354168683601,-0.008637464707698328,-0.02057465212075417,-0.020385405874302227,0.011402068679326782,-0.03119505102798992,-0.08670319784483578,-0.006528684515440508,-0.0229534571202213,-0.04042934135636574
-0.0004302953970553544,0.005797794951799872,0.0199899460604113,0.011324021243570027,0.02823171759951371,-0.0023762553463338508,0.018875893262567573,-0.007499506212622536,0.04071080421713664,0.0038470454677874827,0.00919079148865857,0.08846994029478941,0.003723680306664682,-0.010062165471387064,0.004753349658740067,-0.009931585620483534,-0.0006798292983062213,0.08534252384591974,0.0002957524926121117,-0.0037162502650208012,0.12891811084411597,0.006891392068996327,0.009235191385870992,0.007181329710646004,0.002839844052557118,0.004508197250380663
-0.007132049396057931,-0.016496915682100148,-0.023978789127679725,0.008803134883407504,-0.01106779164439972,-0.01463382430008163,-0.01803457106703231,-0.01822291324042112,-0.008968433193823962,-0.003892348020104971,-0.007602887501248317,-0.03201680413508427,-0.0022317817619892898,-0.025724980970527653,-0.0063580943156687515,-0.03340524980374238,-0.011640726540363867,-0.017165490844089335,-0.011794518824879915,-0.02172251723319979,-0.11676916251128441,-0.002546739136816294,-0.060633124520641526,-0.025973493218740488,-0.017982695585148954,-0.022375793716988692
-0.0026393393647894487,-0.005505337406744645,0.10260490908178775,-0.001168233824959359,0.003781625001941732,0.07025482623468139,0.06665860548826823,0.019005423816157278,-0.011936463266256579,0.013644738844209784,0.0034547980253638116,-0.004407053446457254,-0.006371672067457669,0.0009820536454119614,0.006378770823226088,-0.004624240054262225,0.0015281736491836715,-0.006810388394806414,0.01027734505605025,0.007838560150687122,0.08197968547433158,0.02137784887795596,0.05543755204843898,0.017744531252944274,-0.004351722188746672,0.010296441135453279
-0.010511304496902671,-0.024033610022749813,-0.023680853580731624,-0.01893944043102675,-0.01367436476733125,0.004448598236033259,-0.020597317839508553,-0.003945328891639602,-0.0038422779422630114,-0.00930926696189339,-0.005560096887523288,-0.007470398745526261,-0.015043401107400274,-0.05671275452277777,0.001014939481948191,-0.02901114472402888,-0.009109979288042167,-0.01844777912051394,-0.015741265232677368,-0.02018188816858408,-0.15749484670736136,-0.004874319879149556,-0.04730362702613222,-0.01108412865694881,-0.021872379582135913,-0.01159032454358297
0.011431616536303937,0.013210114289180093,-0.0021256072799519204,0.029602297348924,0.0028854841513754233,0.0014948997243869045,0.09136115970638865,0.0018481628718778982,-0.004442116281409927,0.0019244651276983029,0.019793895890902524,0.021362880456192883,0.03173438526240298,0.09673776099394737,0.08336476432506533,-0.010312786187157565,3.994644971919018e-05,0.009552464748844258,0.0008041446160887342,-0.0058834486074192715,-0.03272728623090777,0.04579009273060107,0.02171534707988805,0.013742214127032118,-0.0006020646044810947,0.003128651346172204
0.014889065569171507,-0.005564537645472891,-0.0025246851354665256,0.009605583386633122,0.009806240953008262,0.045525807835892836,0.001306909121708959,0.014714843277842182,0.04365837189002886,-0.0018492895622003662,-0.0009295853356459173,0.02367475548109557,-0.008649163802342522,0.06911712193652896,0.006612563851910311,-0.015210511085385845,0.0028034226356094894,-0.0066669716182816115,-0.001469020388595249,0.02769662950444204,0.08176081459633697,0.009790533223198146,0.053199388600537696,0.010424195113416076,0.01678118340458617,-0.0013817687289941606
0.007260856762486109,0.0408893027333774,0.010413510692959706,0.002375497573230404,0.04279319615198097,0.0691665555861211,-0.012345025772351869,0.04887581222753754,0.002918316628393438,0.06203611094509768,0.007283899706641593,0.0031447491151004145,0.03107899988588209,-0.012565421401973741,-0.0004248126303369807,-0.01572496127967918,-0.0008298192022580846,-0.0017006499360797931,-0.0009128199672535321,-0.0031418633565563295,-0.061532000238358316,0.004329275915577287,0.034651295183861335,0.008042626974389651,0.00590290343527245,0.09177923619160354
0.014956852788898977,0.00983215536903555,0.05245702979304238,-0.0008182503814612796,-0.009251243864041117,0.009211023451682324,0.008719955584698262,0.0029967552366794658,-0.015363543139340154,0.009470904960689709,0.0023106693879202302,0.06272220713222862,-0.011263615313917187,0.05037512714993608,-0.005911455727516741,0.059719275405858585,-0.00012537872919593092,0.015929008126335714,0.006219329887100345,0.00610662768914333,0.057588739851193074,0.002170553377488774,0.06443609746687623,0.0027984021869217205,0.011129709210340084,0.02568116835768859
0.00950774082820737,0.01563942567365948,-0.005240555273841772,-0.0034778723999515718,-0.0017682260569736833,0.030401772575690426,0.02512974452788307,0.00631014886887061,-0.011532061869908232,0.008263680068793713,-0.004269533068826883,-0.013517563430223787,-0.007099811374059639,0.1381033613405757,0.013153494822518614,0.016506349398901107,0.01747898290042891,0.007701463764721441,0.000260094394025108,-0.00974153304307295,0.02497399863120249,0.006521860660135937,0.03674111249181583,0.008194453430657367,-0.0019359119683502318,0.014460156032078371
-0.014463890864316958,-0.0029943101780557,-0.004535482486000623,-0.0028676602378146085,-0.0030695700887196408,-0.03332869338524148,-0.02137403572193291,-0.027494796903473864,-0.0105162763430725,-0.012827526856244657,-0.008388810284328488,-0.05886695269850713,0.003030379713480429,-0.04252881110130734,-0.004853148049649475,-0.0414645403248956,-0.004959869016185061,-0.026307848033074968,-0.0024574128880356914,-0.019101219347840315,-0.02593131475854642,-0.00291121672040359,-0.022174957152071795,-0.023449669125799787,-0.023393930731374375,-0.01733699782489566
-0.009622137045487675,-0.022769012441835556,-0.032998657368229996,-0.02261848140294341,-0.00892180626213887,0.009945399556260566,-0.013260219110611513,0.002856549986233988,-0.007784674083659665,-0.011775406750915643,-0.008499282437125633,-0.02587460169272529,-0.013809834357476108,-0.026081111590756358,-0.009155899535259368,-0.031924038814173175,-0.013444543788469744,-0.024467959607799548,-0.012481750623781877,-0.003382401251602401,-0.1464482137292759,-0.007047590074113917,-0.07154161384802868,-0.0043503501781506256,-0.015119880561521673,-0.023991044394783657
-0.0010731066350587386,0.0010432204492286646,0.006331959145704214,0.01184564209457257,0.024781969902022746,0.03886390048299175,0.09032550103630169,-0.0075859638139469604,-0.003578795188944967,0.0013298270198979386,0.008173348342238134,-0.02189803523379702,-0.0016191245456913343,-0.017927866190607274,0.0016234149914840005,0.025695741987250848,0.008710082382198673,0.03734427415001874,0.03139725344867137,0.03621099978457439,0.14129439219714107,-0.0017560970675235188,0.017471649036179527,0.0021383592393082887,0.002653430519688026,0.013635461057695926
0.009485512118146827,-0.010929716836492317,0.06112917529276744,0.0033920218161864087,-0.009666429050737049,0.02427126111700337,-0.004903645484471109,0.02236184283197831,0.046876607375664424,0.0359788316329426,-0.006194108233274025,0.05397370903755486,0.007304694075559566,0.03484686718168649,-0.004730552662051637,-0.02581909914949797,-0.010831095134478209,0.024547546383271147,0.005317843400984206,-0.009437713785363568,0.012099891295605607,0.00525719924520991,0.08706926483647649,0.0013867878513027512,0.012344934001353313,0.023633142767597506
0.0025030607847156185,0.00095601320463637,-0.003137501752191322,0.007270338995694198,-0.006066429365161883,0.019654941782079938,0.07134773425901023,0.04581589289520897,-0.007201414435579319,0.0014808696531496365,0.009407711101017556,-0.004226571014102476,0.00893972923400769,0.1349171722450794,0.002478145190375171,0.0018366999637144839,0.002450232868925573,0.01274653336932826,0.00034463286458407327,-0.0019360898711781045,0.10052879025205799,0.00033691631695631394,0.023904315467999395,0.011176180593861417,0.013545221096718595,-0.00364168710927534
0.04756795233931861,-0.004801844190290599,-0.015690654476426494,-0.00018430845189314527,-0.007748100378692923,0.023983413209563324,-0.005173939025068431,0.028234732191332237,0.0014403328129421638,-0.0047422043640485325,-0.010435391111647896,0.014613253146368514,-0.0015032181457895,0.02850286858571216,0.004529950505312897,0.05790714361524105,-0.00023996551096293627,0.03796217241812987,-0.005999440268068146,0.031366613595195644,0.039954393761753935,0.004514489859402987,-0.024221823333304204,0.020194273911593195,-0.0014397616909439534,-0.029826167079725466
0.0068956810290747425,0.04245807253832628,0.0030685175148480286,-0.00017612020834878518,0.04845479365047579,-0.017606679394064396,0.07553131591852259,-0.011816339621070551,-0.0014155810776042964,-0.002082210845595166,0.0003685801592008909,-0.03326189256567176,-0.007958940501843849,-0.02483807204029766,-0.005384834106121026,0.032524206150029066,-0.004538118743187286,-0.003018627339215613,-0.0008811304115081547,0.004881181074335222,0.048378030827329034,0.006112191962229072,0.008390056342365242,0.011808263399119388,0.0037132228315676615,0.018796460284014493
-0.019235806789428423,-0.026027160647906063,0.00050426230869995,-0.01980891710539051,-0.01937519070425366,-0.0240878756936723,-0.009710604359389526,-0.019621137711507777,-0.01684800105196694,-0.012975742705233924,-0.00431717841454425,-0.047328009955417756,-0.004897389425700747,0.03889721433698148,-0.010133182859346453,-0.013375613176840672,-0.009240990607433988,-0.020319837081543512,0.0071313160343348374,0.014190219559711573,-0.020311801409493457,-0.0014703495128779148,-0.09058948361222977,-0.0012769050213360725,0.004160311992711638,-0.018639596684180998
0.001509317764963637,-0.010576986359283239,-0.00957094210150292,0.03490293555095223,-0.0062911859272587285,0.05719871802014211,0.049725439899093456,-0.014686449798628617,0.01718179184285081,0.0011658743011875093,-0.001596478173148962,-0.02230589040857557,-0.006664530768496684,0.027952174400196598,0.002529521498712636,-0.02374178904529004,0.0019572077694882846,0.030781264747594298,0.0387657391270267,-0.012846250646205723,-0.03502943913026168,0.004026692994559324,0.04393394895998754,0.025119813277050027,0.004545414277806352,0.006334415407516481
0.007094989088413491,0.020457882312449827,0.08380378076252884,0.023163415050491635,-0.006190554180081209,0.0435473387510918,0.008556480997581106,0.020506604932510032,-0.022862728506350377,0.00155217632250048,0.0014661618664583256,0.026379112085655985,0.012986192813043751,0.02317414744599873,-4.2348641374884255e-05,-0.004505309055289637,-0.00023345985196612828,0.0036586249251379602,0.0016906492092216012,0.01607010364268472,0.02338809022463654,-0.00464153118540708,0.1088172418434627,0.014782145058616872,0.03682088619646524,0.0026580131497600822
0.005334973240028781,0.026814040062933638,-0.001701920022411052,0.003220188391413692,0.002915072781976763,0.03454418369094959,0.012345477634694707,0.03713248223080044,0.031512331713489015,0.012837435867507727,0.0008617957044740842,0.06508450862097699,0.00206646927199599,0.02939951291388434,0.016021517758704445,0.09097218817995383,-0.004640152083876197,0.026902333754846047,-0.0035817422732881614,-0.011504206658683054,0.02173468651073576,0.0032174152984888685,0.01653818011889529,0.008977984587435529,-0.006777612039520061,0.01853762666854083
0.0028610545629112797,0.0597091151538057,0.005353965664071139,0.023036506684603907,0.026695485629863302,0.035530779206585116,0.0007258190220317715,0.06873324435641724,0.047843010888193774,0.0038611163541043144,-0.0015906851096013192,-0.0061678829217396485,0.016347193926286772,0.0017074534996056785,0.01021646856504349,-0.00955854852811658,0.03048192457220053,0.004177268276376808,-0.0014640573421075278,0.018643820404809785,0.040512918236223674,0.007959747837999326,0.0028330232613875007,0.008440514792109152,0.02891033053531275,0.01963185106324077
0.02114077612654907,0.011326771885358423,-0.02208305257072736,0.009163501182409535,0.0023307423329647593,-0.01881096075566367,-0.004191427722531753,0.023829540294973372,-0.011265655108773217,0.010318496995813001,0.0017863129674120161,0.07417750357031049,0.009339566443613884,0.04505813940303722,-0.005716279454038168,0.005849573063151395,0.0014899260046951203,0.054408187823669726,0.010785982195787457,-0.011105081348074792,0.10393167935819263,-0.0005138609940191046,0.10482268414715133,0.012276461952375063,-0.00507387747744537,0.02215578827543779
-0.012465180050833745,-0.004448543282159743,-0.019278924648495836,-0.011286950948325339,-0.025857986716690394,-0.031389586411412665,-0.012796397929887602,-0.024967616019710787,-0.011852562208304938,-0.0085344659706323,-0.0014137478288943734,0.008176289447962642,0.007922149340634607,-0.03043401401925285,0.002883404339427941,-0.01022517422700327,0.04706110057209214,-0.011424891971017355,-0.008534808194054092,-0.017569300436221458,0.10761838297443292,0.001975711482582772,-0.03192307608064375,-0.0026094904077851896,-0.011071122436438766,-0.014121759777852032
0.0057066599347489685,0.034551718805582415,0.066142357866733,-0.0027677655807074705,0.035126155797962834,0.05984517079709733,-0.003944833812502003,0.01040561235073285,0.005820582693286796,0.009202168974799311,0.00026100733556383096,0.012510897083272101,0.005716240310625043,0.012534667579753148,0.005380467118522103,-0.0015282842430305416,-0.0007539969156855485,0.07942060477222293,-0.0027074165406303073,-0.00563310067168397,0.08723889329893014,0.002669536406692251,0.005676046870594369,0.007662790462312733,0.012744790006936712,0.004150467889454727
-0.006333510359258461,-0.00825060275973254,0.037409200189266,-0.02183726581173345,-0.01844641775659981,-0.0697143227928248,-0.028092573126400292,-0.04992548594871479,-0.023392517045056033,-0.010755778630708673,-0.010475659792122291,-0.010235086613924221,-0.010391219848329131,-0.07858065967390389,-0.010550766089995334,-0.024324635352110744,-0.0044048953879919465,-0.03316067052898712,-0.01590964816239407,-0.02398864448049136,0.07723154938196818,-0.014325211956158442,-0.02676059778070902,-0.01567405419878307,-0.020207671312548924,-0.012360304458991988
-0.01613660797045429,-0.03304431067498204,-0.018326322168004228,-0.01932623991891327,-0.016475830577852523,0.01577833460856325,0.024957748437732765,-0.030401837906476718,-0.0016409439738371602,-0.008871667495726156,-0.010555678773034835,-0.05570314810919197,-0.00976979191114109,-0.07535202902062355,-0.011151906278207589,0.001076444968441209,-0.011775850483944266,-0.013605722036319944,-0.01473884998133149,-0.007935653822974724,-0.07782896248440867,-0.017635252261242927,0.007554140599289794,-0.014984830116310067,-0.020974396964428335,-0.00436606376013222
0.00040713116443876146,0.018949172119750748,0.08287795563550678,0.021925481321887135,-0.002132137955866764,0.026210034300658634,0.0012147543128785067,-0.012879739366513614,0.05776907967331825,0.015634633613863896,-0.003341250630482883,-0.003904916844770047,-0.01438290643270093,0.03423322079784047,0.0003655886073028049,-0.03125980410641977,-0.0018943974451495378,0.029812806933573403,0.016554149416426984,0.008659278803140184,0.007925028258956609,-0.003981958248678698,0.12801638307964067,0.0013936019075839801,0.03486242639370484,0.03239782328175056
-0.00928595016310103,-0.036664567034782936,-0.03603580042178999,-0.0007682593863076316,-0.004821187109657804,-0.04390599493243696,-0.007583998079797807,-0.03529267521841734,0.010709848209952438,-0.013840784028088374,-0.015060070593125786,-0.033401878156296694,-0.024231447262829272,0.004734944447086154,-0.012179767852723514,-0.022599464339498984,0.0013214869394572446,-0.01755203069518031,-0.010311747407445013,-0.03291097288128484,-0.11936851799179753,-0.019315829067779105,0.043936611652285566,-0.008262824682357343,-0.007392512117639076,-0.004485173234774355
-0.008027654537787537,-0.0003320866958871329,-0.006969565704710806,0.002837927566919779,0.007042435993528413,-0.02547210173177159,0.07685387114318425,0.0498250753437363,-0.01010668502530335,0.0042212994524235365,0.0033058279076835853,-0.012573120342477772,-0.003291915822126895,-0.04204027257388344,-0.00351170850348252,0.020681890914349244,-0.004258036182641953,-0.008077525925301017,-0.003915851590059956,0.024557944348527202,0.09610359065453548,0.007768331142146188,0.020649681723729343,0.016612310093327254,-0.002477995173799403,0.022692438783403004
0.013363052784888425,-0.026805092350972944,-0.007004143781144762,-0.016447507700561435,-0.015708798058094282,0.033106632214029846,0.028108488431654168,-0.01369474945656166,-0.021687330717982206,-0.006088416050706931,-0.006033484455896721,-0.004649352191596206,-0.011260666678944105,-0.012217413555846091,-0.004356274320483155,-0.033689100009719336,-0.007420876960271766,0.03741334214184288,-0.012530544710240416,-0.02605067071943718,-0.16495146554526538,0.001192803088078294,-0.018633992963098353,0.009977348189762156,-0.018183883552696577,-0.01698313114574758
0.0003998110197234265,-0.006068229797833299,-0.003652193063684773,0.02389202789925605,0.08024960119250862,0.024256534656801564,-0.005802756811677373,0.007269979516438502,-0.0013393043804836157,0.025820730236762346,0.006273462602927503,-0.009014645585220006,-0.0017461994823776321,0.045928830964735594,0.011754001871711574,-0.006251298334694265,0.04556912305267523,0.003917314339981686,0.03576461730592286,0.04893290066275747,-0.046524945759803364,0.005876752830158857,0.038903850133018406,0.01724120868295789,0.08555620196685695,0.01822406287228473
-0.015614914114573178,-0.0031264042372813983,-0.02174155040675209,-0.020714621566311934,-0.036098328431579035,-0.05203512023479617,-0.03285787375785227,-0.01182347771950222,-0.025563754755322132,-0.009375248794854558,-0.011592574322276112,-0.06408504374986058,-0.01672708272595277,-0.03325045006417988,-0.013671830012063848,-0.03451845917234277,-0.010625488376105724,-0.023021372957722774,-0.020800444861566098,-0.018107503032330052,0.06292333339976787,-0.0077756563808029314,-0.06135031203446375,-0.008170523519992002,-0.025250406990146107,-0.022926785922840438
-0.012104695475975757,-0.004019748777548817,0.0053569819569142885,0.005879668347773745,-0.015746184375627297,0.047936587830157314,-0.0039061936664836062,0.017765461144027002,0.06857762016156561,-0.0012450674683350295,-0.010158876001444666,0.06550586129113396,0.012630930897003585,-0.009421008235492483,0.003974366716947783,-0.05423736251446342,0.0036750088532068945,-0.0009215978831983809,-0.0050782307658545495,0.0026332683719950014,0.07500152808917732,0.004245527087627927,0.056397055094790254,-0.006319702921765237,0.026719077018351012,-0.001976512950588671
-0.004712676587621755,-0.03251689631042578,0.006839400576124196,-0.03079227340585056,-0.01447790907454144,0.02427968561021861,-0.01741429007787688,0.014913927233669617,0.011314104654471002,-0.017074049265059395,-0.01771061731926471,0.02021253399776362,-0.010978055072828032,-0.07460420511546773,-0.014269332049542385,-0.026282385463573192,-0.015413771610028451,-0.03836395026315342,0.0028927264746291563,-0.03390447567697805,-0.18051193737278548,-0.01188703745632017,-0.00013607990459234702,-0.053056184294411016,-0.025516295586169007,-0.012065184715342465
-0.009016078810762808,-0.018470018208264508,-0.00781419108627384,-0.0172358874867625,-0.009977613424322926,-0.012472279779537281,-0.023133979606687078,0.002340811403684588,0.00033314525269178885,-0.010953957318648264,-0.005406812592407365,0.018541075640174924,0.005022951536290458,-0.03888581468307621,-0.008072197337765931,-0.030444343708360133,-0.014584405658907671,-0.01739951262621632,-0.011186310411397815,-0.01861501500569078,-0.1878365304833086,-0.005790005789669326,-0.05543815254563786,-0.040027682639746084,-0.021538685032436083,-0.016507071007423574
0.012629774493570363,-0.011367769365314825,0.030079582333928795,0.0017686771247660946,0.0053384899762792615,0.029939898298967697,0.02374537792254114,0.03255590256078677,0.02530380418535745,0.005561329053199967,-0.0033552505924240045,0.06164061457171946,-0.006543925831096059,0.06808329208995277,0.012485035235552186,0.008598660643027955,0.008143159955506964,-0.004915213969505822,0.0010406589498967234,0.0154180459220308,0.06362288365409145,0.003200591899170017,0.009477968674977837,-0.02126745849862371,0.014291118308675941,-0.007960475672091466
-0.010468961461283576,-0.012194881509635184,-0.011706226666275396,-0.000998989096631578,0.013573157987451812,-0.05658350717052479,-0.025320259783981506,-0.01350497362798958,-0.014810769755350528,-0.011716979212370155,-0.0059341825084360126,-0.023607328062701567,-0.007115443212952665,-0.05411001605811799,-0.008025443922042947,-0.014537290110599134,-0.005009980173914573,-0.023570352650312723,-0.013047885643620534,-0.01754579863870289,-0.14839509501952058,-0.008472421340140528,-0.04694319318135857,-0.014223651121974478,-0.00651378826170109,-0.007117634540109418
0.0006217379255335489,0.0031481385035169824,0.07735286881926175,0.022583981061214346,-0.006417885630346221,0.016819708736780053,0.01689043470786918,-0.01135043029536639,0.018246833803081546,0.014784712777805667,0.0021441445731735444,0.01133600665043611,0.0035153103236264314,0.056842621945567794,0.0017956396528973268,-0.005838458262088556,-0.0007914700164149639,0.03265187805693299,0.0017727565721530998,0.010008151313982444,0.0011544820507927093,-0.009171669321827662,0.10489707032338973,0.011056643929046588,0.036557709892478876,0.03148718716477527
0.018546848726089422,0.011212537081438503,0.05083290464744686,-0.00284631907702247,-0.005608588223715441,0.0264965591228521,-0.0022179738637123922,0.02276334073343815,0.007824298724344125,-0.00919547117991058,0.0010299115749572779,0.03646487575781046,0.001484713553542884,0.054549368596582784,-0.002717252880332383,0.07102915114481236,-0.012887485705614835,0.02429481732772926,0.0014696822104346401,0.012040005001771645,0.06517791900828662,0.00309788509280173,0.0754986342732819,-0.007330216389587191,0.010430600987832621,-0.006009307653927533
-0.007318985536982739,-0.02775140444943474,-0.05461826914851796,-0.022133767941123875,-0.00424896388468715,0.02146299942694806,-0.019396690544272135,-0.029209608368465097,-0.016127126537387158,-0.01974234354929582,-0.03682179363355571,-0.025760278102522124,-0.01932378119724283,-0.0325637973701002,-0.019959447810697237,0.07987274127833675,-0.013769803929096736,0.01814132922123718,-0.016330352648031326,-0.014188193313687888,-0.0031986562960514514,-0.05035970236405948,0.011400312690004497,-0.0031298900844813713,-0.01505294387859432,-0.014440143436624064
-0.0008383739530660033,-0.001320241632182324,0.006332946908238082,0.00565505032965989,0.0004631248786927399,0.049567559887292625,0.0017228529885106685,0.03757434740008973,0.05650355145130165,-0.004492884332333179,0.0055903159922842715,-0.024301451635432073,0.02242627236866949,0.05603769916957211,0.0006779270948585316,0.004193384886678364,-0.0012678998962207262,0.03926395882346793,0.03344474988775812,0.03238543751279726,-0.030972189713375217,-0.004509263800957774,0.03226346512510296,0.020892345808099858,0.04737729640074395,-0.005905210025306937
0.02911209844905763,0.0051375928467715945,0.03616250133801684,-9.010505837599792e-05,-0.003531806085962994,0.011355028882892748,-0.003803007058007397,0.01216490132224145,0.01361228273842497,-0.01325394036679138,0.0037159633055831006,0.03242577255116588,0.012293824450087762,0.05676466505249786,0.007714200529595982,0.09314044747435042,0.003934811106559431,0.03746244499009055,-9.346946096935228e-05,-0.01593287410892784,0.024697762452201292,0.005086915494019712,0.05404366495405208,0.006065382033740765,-0.004610803441604437,0.018523850867580086
-0.012140522254694551,-0.015429609873352762,-0.03496679218447736,-0.018607509860792893,-0.015485795568096254,-0.043649136866242326,-0.016195270387084817,-0.023454808401609704,-0.01469270404811173,-0.010068861493378399,-0.006219681036893607,-0.02665375170146389,-0.014793221067157645,0.027051974517499702,-0.01370346604566103,-0.039620459624858405,-0.009421279429667181,-0.018160800644425195,-0.011873151926136909,-0.030105343929127077,-0.14682914259602703,-0.010816461729513855,0.01346198548300102,-0.0037508054240198187,-0.023297160740032737,-0.0051467845760701314
-0.011087085934964392,-0.022559199217063224,-0.016550376363130094,-0.02079494917562862,0.002226840000490194,-0.05497614667775591,-0.02075785166571226,0.00025580717426594877,-0.01921387146805234,-0.01861316749496993,0.006068972559048625,-0.00320238657835995,0.003740512676084073,-0.0454821290862511,-0.009964329105388713,-0.030178921461196904,0.0031247884478815195,-0.025497199476912095,-0.0028610804969316107,-0.0005488482192977856,-0.14054764148735224,-0.004120807113953717,-0.05145237916246815,-0.025067286434270322,-0.016273265158974447,-0.019569893820813235
-0.012559445814605321,-0.005177625923418541,-0.026996217535724534,-0.0051668623131521756,0.022286194907565997,0.039014378498901214,-0.019370561035793984,-0.00013324261135850378,-0.02666885722802157,-0.011625708022339873,-0.010227686904728448,-0.008296816848321977,-0.004333174588935141,-0.03885867233701233,-0.00853114025311779,-0.009013881989219028,-0.009079588635391496,-0.01984356970691378,-0.012139022396094034,0.007843779882818317,-0.0027389541939814802,-0.0032634753367955594,-0.09007633972469459,-0.013471376979661553,-0.010585226125165085,-0.03222213486120093
-0.02393579524857888,-0.018026764947602573,-0.030687054372713494,-0.013443221452353804,-0.022526130412459787,-0.04138312217739744,0.004555958447780367,-0.035274168830182695,-0.016635718397678148,-0.01927384790638002,-0.011032918146034687,-0.0451921391488824,-0.018252851327341658,0.0920368199026869,-0.017771617538116583,-0.04487826660832551,0.0024714755965467472,-0.025777545699855957,-0.020117429857831312,0.022959327777788766,0.022779784870987807,-0.031856959306162884,-0.014914316851286222,-0.010018522633039938,0.00441347593843425,0.0023981721048005875
0.020612389491114623,0.010435496536290115,0.02029745866739019,-0.009490463427450723,0.005719075465664809,0.027427862558767398,-0.009658018608817823,0.0218092693543045,0.049987542019287436,0.006984079401320682,0.0007048155067804327,-0.022520834079429935,0.018789030204051017,0.060171584218652194,0.002868351061809303,-0.01291093339106887,-0.0037302777802932776,-0.011055830806494003,0.030964214168683377,-0.013890835396551875,0.09803948920543468,-0.0037609755840975565,0.01415123633375108,0.003043913800874054,-0.009058920325096408,-0.003195692701662486
-0.016440524271521553,-0.019955335335854585,-0.014225126081171385,-0.026368999832873538,-0.008018726028115524,-0.001502417754137649,-0.03173416117916611,-0.031167547942645722,-0.01988711086421162,-0.011874996289102236,-0.007393100417516712,-0.050099714734682915,-0.0183188393588001,0.012553109352731653,-0.013922507549122698,-0.006442909162636061,-0.010994311145707586,0.01417993091877186,-0.015319320550335807,0.024237975082366747,-0.11282569910192247,-0.007735837552950388,-0.031885103332640656,6.690727820629367e-05,-0.012454748596098257,-0.013706113625998146
0.017714401716000548,-0.0033887149166314627,0.003054810258365473,0.0014278443280967695,0.0813254193071317,0.004892518243645478,0.07676639826488418,0.0046156707318404325,-0.00533961866726973,0.009489258984237811,-0.004113063149954833,0.02220205297519001,0.014353035924831295,0.07036648895851046,0.04486961129871345,-0.013703434661642472,0.03130134303731944,0.004928407827525393,0.00035334923059736643,0.03911219196440591,-0.04144184994690379,0.002820892005327173,0.008337871494620067,0.012894666168720764,0.06552795580730808,-0.0029360685932012616
0.003287982117218539,0.025442075722186968,0.07872160657499967,0.02100862392564852,-0.006038020895055554,0.0182092157055553,0.013958240809429357,-0.01625943454222993,0.017420830699275403,0.0309798646829526,4.086523934960143e-05,0.0024664764997791412,0.0012735474997751888,0.045122492952241,-0.008239220299967258,-0.005176804957131599,-0.004271124689644726,0.02685511675401985,0.004007966550985718,0.0013367516395784672,0.0036488908052168746,0.005940533000047952,0.11787887535177836,0.010810513723619814,0.025731996951768612,0.031273576770264384
-0.008055243505045611,-0.01680203020737785,-0.019282905905348726,-0.01248299656174112,-0.008584386350621628,-0.054663450549957415,-0.021601656774418086,-0.011583982974576936,-0.00787669369959887,-0.006531467514802661,-0.004695234540285179,-0.02380343892621698,-0.011877736501147351,-0.04385657793486626,-0.007945656990425888,-0.02311182720206519,-0.01032058944081733,-0.022249235444370043,-0.014505930437875795,0.009708537037847827,-0.14511031092675375,-0.010815879022710181,-0.03427390389819868,-0.017870692917286067,-0.019040843530385473,-0.007334426690122113
0.0042084539268252745,-0.0011999580195416022,0.003908822018348077,0.046962309942791464,0.009187860964071167,0.03457717171542064,0.07298256747156878,0.0027131418751847373,0.031807292124634935,0.012020362696069492,0.009957993973013508,-0.00928122394441072,0.03898776911762273,-0.0023905689192262785,0.0037696577456599357,0.016245488030898866,0.015784654785155092,0.019256845545664248,-0.001695936021316913,0.012210754958275496,-0.00875201618740054,0.03451231336635917,0.026147921414043873,0.06593828305002912,-0.00020965920214697148,0.007781136163973239
0.023047788690278313,0.019419112634265556,0.01894459173818971,0.0028955177314509218,0.012908787229965881,0.04937793239747117,0.014003101490459186,0.01637937469210491,0.06894278539500696,-0.003625472167252762,0.002722721826860508,0.032539316525899364,0.026494910484344058,0.027916649636941303,0.019654888532839917,-0.015125347485907733,-0.0017027420134897312,0.044832723361268874,0.0022343864644305445,-0.009778505241047317,0.019389033509632555,-0.009417299210391483,0.05840483999755205,0.007984385389538818,-0.0034428842610874106,0.02043084124228608
-0.019699757970239918,-0.0074275982944618565,-0.030717960819230283,-0.016867360024316738,0.00037008421642751205,-0.08106784464612411,-0.03172113545291539,-0.03070571951284741,-0.022965592764965716,-0.011396349657241811,-0.00870905203914408,-0.036580091223313196,-0.008004289575779694,-0.036365571769135484,-0.012917589771943409,-0.02821047878173204,-0.01342131736288905,-0.017329325701023485,-0.019740419833223808,0.0028218875065973326,-0.027579860943098302,-0.002604314962673777,-0.05106200475357489,-0.004954805447858808,-0.019171770413733972,-0.011873654743619566
-0.0086981517439821,0.021926673707290716,0.0030336367482228276,-0.02408268021565652,-0.0552337468740745,-0.003320024611637439,-0.01242925514595054,0.01615187096247144,-0.011736634160379147,-0.0148910473555313,-0.009936780930273168,-0.07379009907570773,-0.012923177488166267,-0.03995688334635143,-0.006159326821408454,-0.022445022311532198,-0.009025980996760228,-0.023645179335805646,-0.012586688104047977,-0.010258733061993021,0.02373023136145626,-0.0064774547808605564,-0.04888778433203378,-0.0034333254441922,-0.017145214317339525,-0.01234778373413647
-0.000766625082699892,0.008281403391357465,0.00025880710568064507,0.03500596787559982,-0.001454462589768519,-0.008852525092723888,0.054734919439109776,-0.010616395695211741,-0.013696431586880381,0.0011894978566355013,0.0006029812295324169,0.012555858044002747,-0.0002583822322377468,0.060657492977481776,0.02384648856566495,-0.010406041743448433,0.0006026365700841514,0.006629259753648953,0.0343789828769708,0.04021728891922729,0.032274611811034415,0.014267519623375434,0.08086030520932617,0.024002185456326722,0.04395650146957403,0.017159594439931633
-0.000766625082699892,0.008281403391357465,0.00025880710568064507,0.03500596787559982,-0.001454462589768519,-0.008852525092723888,0.054734919439109776,-0.010616395695211741,-0.013696431586880381,0.0011894978566355013,0.0006029812295324169,0.012555858044002747,-0.0002583822322377468,0.060657492977481776,0.02384648856566495,-0.010406041743448433,0.0006026365700841514,0.006629259753648953,0.0343789828769708,0.04021728891922729,0.032274611811034415,0.014267519623375434,0.08086030520932617,0.024002185456326722,0.04395650146957403,0.017159594439931633
0.003629982257598574,0.006377923246052934,-0.007092046576346831,0.019706073580245276,-0.005074539262454919,0.016795300513747398,-0.01237994479409398,0.021977893239108606,0.0639076133884032,0.007853750781175322,-0.0009470917505703738,0.01713193672318951,-0.0022508736387207733,-0.01996449942920754,-0.00583070596478052,-0.0196208870794703,-0.005367070304183088,0.037398096731610854,0.021167599577630362,0.01569257257899323,-0.007842189979256139,-0.008115670099631926,0.09678513685653597,0.0060465348765922,0.002873520153078051,0.009734037877342795
0.008300175873003796,0.004655363724158198,-0.011769026640286628,0.007470880698181341,0.03218968070156661,0.006703337449552533,0.006450604325107129,-0.009512586364779438,0.006197404653423445,0.007094532962851883,0.017886097877288024,-0.014944982567023608,0.01298595438949685,0.01923730798469143,0.012227417650616234,-0.0028256689683112926,0.01023833666101847,0.007639219333230059,0.004964154622427943,0.015837928529158156,0.17590507412304351,0.007328897527484679,-0.002302865538764128,0.029374753741534053,0.0037737172704801142,0.00678406190573993
0.005195278734251609,-0.00028330955844684344,-0.007998423355509276,0.003649422818843687,0.002561994778882464,0.01674581537273043,0.041106468331256765,-0.007119989272396918,-0.002896804830113655,0.0173880621924646,0.013496383542475026,0.0672851776553864,0.001632723256147286,-0.0056580324030010695,0.011784138470683308,-0.006013206230295387,0.03524060229762043,0.0015119854426648871,0.0022123274995825997,-0.0015603530828931236,0.11935448508705507,0.008260722281716844,0.017622638561728094,0.03940991328046144,0.0029442598147943304,0.01604155044092818
-0.020477076836181645,-0.03492197862332872,-0.06997589282003683,-0.007290793528385902,-0.018231655826377178,0.02915780692696485,-0.015966752888974846,-0.034755344081213384,-0.02218903780833128,-0.018985091379799823,-0.007194633844516778,-0.025613387867325168,-0.011218808925910411,-0.002289624149961767,-0.011483730805454154,-0.03205872481904887,-0.013506086914868258,-0.012850065003274552,-0.0053294865196543625,-0.04801779925903151,-0.016397461146777297,-0.030044338534769427,-0.0036610648143358027,0.001399348633714999,-0.023014719412839488,-0.01298549449201224
-0.017320042439962022,-0.025315637943343402,-0.03660178409884844,-0.02080668199251517,-0.02360649566669397,-0.050481632344623474,0.016859299715706242,-0.031806352104406306,-0.029320559018539,-0.014319861582365489,-0.010102418710589131,-0.04373188175770871,-0.015465582991630372,0.05705852749370397,-0.011679519275243246,-0.03352634940866084,-0.020168333629086124,-0.008622982596806739,-0.014424441531925566,-0.0213315939101692,-0.011827118083244357,-0.014255543132843778,-0.02382584958231995,-0.01177440084480095,-0.019555881620474162,-0.03194877768432046
-0.014188552334679817,-0.019599984852821713,-0.012441385557994608,-0.007061357717673462,-0.011621225876457798,-0.06661506909896431,-0.02182299379678859,-0.0222174826794956,0.018994084609630587,-0.007961675267719542,-0.01732809757977266,-0.04216167077444546,-0.004337076904834941,0.008076771535412317,-0.0010595337180438126,-0.018232578857994612,-0.014288421428554333,-0.03174337480641079,-0.016126890410513597,0.009833442181721459,-0.14303742805528896,-0.005604018375627227,0.004500579538294805,-0.0012787161010192844,-0.02580321171620135,-0.0010260266955354313
-0.010652314816669353,0.00011624676029349846,-0.014962607660825463,-0.014081655231916226,-0.01692899075633169,0.008252964813520199,-0.021777973216290034,-0.004830679136707831,-0.011269418129824864,-0.009863890499879442,-0.009305191262365895,-0.010699529543687334,0.003821766082714663,-0.04453626301697175,-0.012377277346222378,-0.011236570972505489,-0.011229397183470678,-0.02540459925096881,-0.014879183795880784,-0.021834237081175784,-0.1615002866754691,-0.009722845227924638,-0.07969785916098647,-0.005902581891942336,-0.01710759555579853,-0.02695859165124389
-0.0005176671146755121,0.03103943016756192,0.0002864512319896758,0.020676212049915606,0.038055772514679856,0.018555307280003732,0.06922225449633328,-0.010927737470325114,-0.006497400919440745,0.00441243487928941,0.0046463970373781804,0.015975162880312057,0.01747926018408613,0.050935585261221904,0.020230051556752518,-0.023726222152701645,0.0005353191331654731,0.009063737118768414,0.0010626212676220906,0.03542653525468238,0.0713457108238624,0.015831189555332616,0.046445494118982585,0.007537962110190957,0.0011608155937066769,0.00717676173280078
0.0010249339398918176,0.048478788771399335,0.05331777106068559,-0.003823672785484917,0.0378691513385776,0.02853011863984739,0.0487700734659301,0.012017476123005914,0.021195808728651858,0.0028770941042772207,0.010342750835386865,0.01816122677604179,0.00913474132293878,-0.003661655988537224,0.0022181656902499243,-0.01634071566595493,0.022180973550196135,0.044565453649270684,-0.00622211722680975,-0.00034405497265814543,0.07272189700130735,0.007868077095302971,0.01220624149386614,-0.0022698498799570456,0.01642168172353891,-0.0018089201993662489
0.020060975621716354,0.03206752271417552,0.08102614216793562,0.04428173146373699,0.030161368425685748,0.021626050350901378,-0.0029372200310845207,-0.001913888147574163,0.013757909403922422,0.012045012667694244,0.007323718737018553,-0.0067320193839869565,0.030375771148157694,0.00775948436505287,0.001572227891683655,-0.014969922925449236,0.02542103541180536,0.025784076320084393,0.006770178936554713,-0.010031410659431817,-0.02745716295213399,0.019351984898161683,0.08697787292409016,0.0039915571351676424,0.0006923375703546006,0.018426104537596195
0.006371207021375377,0.027175536004128555,-0.005291536161719908,0.018127975457860622,-0.013327378730545058,0.043495540828282754,-0.008065041784322767,-0.0034438630778815603,-0.005598691688626156,-0.0002163793350511364,0.008219117527846277,-0.010433287167610914,-0.004340655740215095,-0.00020080588028622559,0.009987630370783847,-0.0033456862023379156,0.021375586435524955,-0.007411319525594735,-0.002891209849860114,-0.011910998526070775,0.08910463925695603,0.006941479775684179,-0.004715463391964983,0.0175363300074707,0.0010284423466429284,-0.009684173823290497
-0.011786791011428613,-0.014059170328319043,-0.009480054722974715,-0.0033759628593580033,2.2394693116946005e-05,-0.04913600502850379,0.02250955476805699,-0.005794309859916732,-0.015765125279983985,-0.014342275469005376,-0.008077452704239612,-0.019137062435852874,-0.009334990627506128,-0.04092474415168393,-0.008290863481352925,-0.023131002697586885,-0.011288063776664158,-0.019252511650481266,-0.012813392518535943,-0.015339307050601218,-0.19530776817178241,-0.006713168715225614,-0.04855227532851625,-0.014851508465188745,-0.0033843698968521988,-0.016962334638221763
0.0049827331548506675,0.035297390857557294,0.009361272443211706,0.024019304338239567,0.012702847075331487,0.006664523080549891,-0.0023236842536551233,-0.011801458327957953,-0.0054496997454739965,0.014686725491601648,0.008702471219435936,-0.01650512031718977,-0.0029954886536096544,0.0026272922924126274,0.03367874886547691,-9.674495586885567e-05,0.0509259831788272,-0.0002657991654797118,-0.00011292331143806936,0.021631408852058272,0.035034127584101675,0.013263229256807238,0.045896753682608975,0.07906827257064218,0.020333020184526367,0.012772919860778439
0.0003188587688813028,-0.0010192707701410413,-0.008874934443035963,-0.0008177246115044637,0.03299274797965404,0.01388281832072173,0.003071598846901226,0.03366862660222297,0.06635715028284714,0.009813831428266867,0.003999574416300366,-0.02102278571460075,0.007698100213247235,0.002109558411724928,0.019775563250370384,-0.008501110273090973,-0.0005910315675261095,0.004470404242326926,0.007209394202382952,0.005214161178296721,0.22119177566118178,0.005510732448997542,-0.000577741462341577,0.010742809960476496,0.032781947307511036,0.006026383911462579
-0.008337665317099655,-0.020868387254768805,0.019038784661621136,0.0004129911611461795,-0.01266418332505646,-0.04343844772101069,-0.02179537077012834,0.0015097920120937958,-0.01062965689762742,-0.00911779999407151,-0.00670254663653106,-0.021167062722699952,0.0043166798130944714,-0.046141258958950694,-0.0040843082256552836,-0.029215464456778122,-0.007815432524815287,-0.022385900603318756,-0.009585142294873688,-0.013433910265409538,-0.1347452909980448,-0.00900971884402927,-0.05666025158188057,-0.02449215845469901,-0.01678373829205455,-0.0162360758799224
0.001875759506449246,-0.0057513445358727475,-0.00826281611057501,0.01544990075114458,0.0628977748153936,-0.006370032330538437,0.05829628032532971,0.017963893260571618,-0.005374633138411016,0.013971972462637589,0.0029146819000297483,0.0571086588662758,0.013264441398876621,0.036803629888458665,0.022439072479216282,-0.0152910018307626,0.004213477061128916,0.00079849663594399,0.02692615175454072,0.026574255799513963,-0.041008078377250234,0.0004924841197283494,0.04684813516121034,0.005432361213767974,0.059562176478786734,0.053655741036074414
0.0013841205539935602,-0.008327960823987976,0.02098291625347059,0.027866219066348046,0.02513300276751517,0.03084085596370648,0.006926822063888858,0.05438315845407399,-0.0010428554793811507,0.028516426558432128,0.007827839129554787,0.012788652533525648,0.012814129321016091,-0.0012583681542715204,0.0010301248194157218,-0.016862287877980484,-0.000793340969233036,0.0021671425055606853,0.027407601475597936,0.027086252440583092,0.026055194430680606,0.007846619142974954,0.046783776123530865,0.00782245393458535,0.04146343607103195,0.05658950828705567
0.004388637641516023,0.025593393994331273,0.019646893143990273,0.009868030707142456,0.008891566205184819,0.06536649327265157,-0.001505345913648695,-0.004465715807527622,0.028674913923851707,0.002116432737438935,-0.000847623089558837,-0.02597914433103568,0.012836827874836563,-0.004564345617236316,-0.0014300940356478786,0.10220602563440775,0.005349055514739456,0.056516596408071815,0.0005591586658903157,-0.01885998222324567,0.04213406481646401,0.005918039469324768,0.08853093964138638,0.019035445551513423,-0.004096145047771941,0.009547319454517377
0.02043425371799118,-0.009653441005986916,0.04303802516577645,-0.001267753941570956,0.007988450235151908,0.04147243015535916,0.046518120251441274,0.04830757608079517,0.017896447709979092,0.007724062418862895,0.0022107314461296923,0.06861527231343967,0.008721976190681793,-0.010130388231762367,0.013732594349446304,0.09257849946468147,0.001967073659326533,-0.011710452402391996,-0.002184573126310027,-0.006763184353853303,0.06603750766501194,8.125012168129453e-05,0.01874923109603235,-0.015930891798969476,-0.00018197357141398,-0.002819405017909803
0.024564003129004353,0.005888588641902044,-0.021732229437781005,0.005151830653828924,0.0034128832621477924,0.04608368685197429,0.020317031685533102,0.03739456414283376,0.038295350529433725,0.006271254508864474,0.0010311811045864104,0.024691052980294607,0.013409472349938934,0.036827489546865065,0.006062860920816856,0.05536773244576163,-0.002601567342347966,0.016643491356926124,-0.00686447925961192,-0.006038609393019176,0.04418334083734429,0.001514685291964944,0.0825318800404152,0.012425426073926204,-0.007909658164360994,0.008510175834457163
0.0036224897762344695,0.02854822791857936,0.02322711591018943,-0.0032102522704935644,0.03500685133949451,0.07967140709827719,0.010112176006847353,-0.013841329095802624,0.0059128238659852,0.007532085719540618,0.003299687536381964,0.02569045288149776,-0.0031343440974105972,0.0032138263154530074,0.002254788996937925,0.02125241718847855,0.016353789529398154,-0.00891945398747563,0.001497207191916515,0.005392865358293905,0.09179921186665774,0.014683973211979156,0.06179086209123632,0.012643129599237968,0.0002724915664679318,0.020758937073772677
0.005083940371066651,0.01610052351504279,-0.0032240094180316903,0.014071600634725092,0.001319388448904995,0.06085996672545263,-0.0009964062037985015,-0.004248711708613479,0.005042969417070106,0.006098420416128591,0.00262319172135542,0.011765860520701445,-0.0029071377543549146,0.0527486673679293,0.01401757972191672,-0.009640797616843584,0.0036154092034707324,0.006158026387171574,0.00966062762335199,0.04881326058971496,0.04454640615192573,0.01463947801007042,0.08571555161946881,0.02057043033414422,0.03434541689553264,0.008651785618082164
0.013037619870201935,0.030581243286328504,0.02537755910961678,-0.014648006933580005,0.0093326971922138,0.03583746256331159,0.0318225991827315,-0.008389959251540657,-0.011007783645597787,-0.008923440578078794,-0.000742385767143755,0.06913783932330565,-0.007297657498794974,-0.016137365959119094,0.01388620491436747,0.09211828556104124,0.011967635004117539,0.02055789472098004,0.010123554454225353,0.005417752603882586,0.07061669422934626,-0.0297425098654598,-0.01264614040561373,0.005828143718283937,-0.006932745732470801,0.008478470717288139
0.0027442393467127274,-0.0009117531155215299,0.05266510813948719,0.00877492918366889,0.04406916065657187,0.06417338755431329,0.005378741069098756,-0.006090959399643509,-0.0014536995788396773,0.001755655905330177,0.006850447186304699,-0.017755332866532622,-0.006153877917216847,-0.007764646353811981,0.01295440656084227,0.08543885427915575,0.008662336261105958,0.0006525808858229327,0.03293470226437257,-0.006639340972818232,0.1263171812010026,-0.0036539390073360794,0.010285424058096905,0.016646566474038303,0.0161241192661919,-0.0005728524887552687
-0.009395067048468847,-0.026132814622181564,-0.009954535220615623,0.0016383863708500654,-0.009475727384453198,0.012575889135405865,-0.02092187400422539,-0.011554698115062214,-0.007984658047441504,-0.005814575616101804,-0.01142306260939245,-0.04047701886618028,-0.003977779641789194,-0.03944851909837859,-0.0016624123336439144,-0.0401124120235321,-0.011593428959946257,-0.018696527685034898,-0.0074194271780182895,-0.018093938634315354,-0.11916480218123554,-0.00499184119704137,-0.05996831053204236,-0.022990371910510954,-0.018814869853954395,-0.02204749748441922
0.026075053672211176,-0.004982408752171777,0.030727440609745145,0.01801941519292177,0.011218194965652404,-0.02943002374438605,-0.020574069916170414,0.034085861977116834,0.016812632768408477,0.011282654189764301,-0.0020815634437146963,0.06563543380908458,-0.002825416028899906,0.07805033089844869,0.014556309920992112,0.10048543023494669,0.0042031122453349305,-0.01929941785048154,-0.0026117769976938226,-0.010127815147217625,0.06952382172766454,-0.0027288233915339732,-0.016670786869380894,-0.006878537235848632,-0.003245213891288214,0.012365445801963085
-0.004505190309961299,-0.01821650275875459,-0.023192512711080686,0.0014605920522666575,-0.013455390669048427,-0.013850467673074816,-0.009604056078256642,-0.02684638749104643,-0.007959281277072332,-0.005657117600156589,-0.0048964677436127155,-0.07380358992416468,-0.014138313908514012,-0.006905323017872078,-0.002597269510639994,-0.013939963130031102,-0.01339088087443929,0.031544938504076796,-0.017726897587665155,-0.026656745540066466,0.05283480399898267,0.0008434559027788838,0.052546282379377245,-0.00505046985991609,-0.018338053281295754,0.018598913367486362
0.017022184793965747,0.018801866766320903,0.0335819858606331,0.005879827637216227,0.005541573337288825,0.03398188467114592,-0.007661867400984693,0.02439957659233951,0.0076335976491391615,0.009387567156152155,0.0012208116374869092,0.02437641382546047,0.006745273186796349,0.056541969228212315,0.01337617697580197,0.09649825253033555,0.0039684162568808185,0.03286679037406429,-0.004167185746887406,-0.002948688679903729,0.002923917514729372,0.005081669844089247,0.03727202849168914,0.007073472993657018,-0.007474209113504732,0.020174798876162206
0.0036127062265635095,0.006296140036281847,0.007310047222727857,-0.002533616784853321,-0.006794726880270409,0.074094873093332,0.11868497021029868,-0.010136490656108634,-0.0091058939043998,0.00120555475636808,0.010330305729890002,-0.009531828420399777,0.026834171650672388,0.003136305946393758,0.005389584237902935,0.04857478222841666,0.007448103557987655,0.0011030329995298878,0.005289885944027075,0.045765402821467384,0.06928507820558003,0.0028407489903399335,-0.008603818412261384,0.017781361620962093,0.03634879173080806,-0.007527366892783096
-0.023786954059470976,-0.013001419781888552,-0.03230342254659745,-0.017398867161926807,-0.044346333832140816,-0.020925647332037996,0.012143609028076666,-0.010945348082813956,-0.02142112938280921,-0.006291346071851244,-0.011900844328476136,-0.05893081437272949,-0.014505728984526732,-0.02910400948949346,-0.009389387364422994,-0.038506856258121745,-0.0057845629983697185,-0.002225891264002586,-0.01962348623016977,-0.019041362678309418,0.06060374596680072,-0.008572656190436533,-0.05412830564369617,-0.003804936159234655,-0.009246384327324244,-0.0258339255661201
0.00818893032084443,-0.0060385480217023885,-0.001480568467468508,0.04801934994452721,0.019274495045095832,0.04713092514006983,0.00463076048618556,0.024781763177879473,-0.007169678898883856,0.004131404642186797,0.0035233147230266026,-0.013110313672158393,-0.004976246810427331,0.05761638967689454,0.007763659936588673,-0.0050698485172665595,0.0063987159028075545,0.011360162653276416,0.003251745416787751,0.04536863223016001,-0.004944003479099774,0.012449954992819402,0.056151417665951046,0.03850881012245743,0.08024598168674636,0.009424232694306334
-0.01146471437275208,-0.02081743587969523,-0.005640878488110207,0.008149139483280148,0.0012957686261957338,-0.04989936119906107,-0.021235843533233344,-0.01074691924304801,-0.015266199424853412,-0.017526535301832676,-0.008610249124882124,-0.013586277065120106,-0.0023002485197154312,-0.045008568852761895,-0.007740169052460122,-0.025084585951790646,-0.00882442140161694,-0.021776409589419572,-0.012167539878795828,-0.013728966278458767,-0.1601204714445368,-0.007240776064421794,-0.040025090181529555,-0.015815855436355518,-0.011178990099230287,-0.014873629801191598
-0.011195547252681919,-0.019066146123433582,-0.039894958623289845,-0.020842807169366904,-0.008602075335684693,0.000938158933580899,-0.017734906037479924,0.014138645392846818,0.0018681218277162653,-0.013046192469061479,-0.008278372474050286,0.04200393640702275,0.0035645840850592795,-0.0596777351250711,-0.001006928607011496,-0.03469792670540227,-0.01191866897127715,-0.016145918591729706,-0.006798026364385996,-0.03466985901308105,-0.17963616957903172,-0.00893783838756785,-0.015270053025625613,0.009700183227104382,-0.024278686211775664,-0.011750041881383053
-0.013086074999625764,-0.018469569796407292,-0.007532845324657751,0.008095246159309401,0.005220520575529939,-0.05389513149099709,-0.02453418744154953,-0.018597098329714738,-0.011841112919378567,-0.015767547693695788,-0.008398966170341767,-0.027502803019602028,-0.008438679625154615,-0.050234711692395295,-0.007479065850160807,-0.01963480061005208,-0.007404837157000552,-0.021281991639358924,-0.011146225959717138,-0.01474545220273838,-0.14571920845741151,-0.007861591297798627,-0.036659318421020555,-0.015739292114515437,-0.0038870567111531757,-0.015206246397889233
0.003287832873291578,-0.018026571923574205,-0.01677980939477294,-0.0001542332451418961,0.002224133060285066,-0.030555638352088025,0.03442921049652779,0.04765969194112103,0.007491653682423342,-0.008985675403749652,-0.004294583658451012,-0.04835246260536662,-0.013312671938068758,-0.04061925821183983,-0.008657205618765677,-0.03098395219682491,-0.005347897548865817,-0.016502649691296972,0.003874552541643317,-0.012180635467947813,-0.026375408548245306,0.0018432700713475038,-0.047211798873666166,0.010731761029740569,-0.014916459258684003,-0.01802042183399186
0.03883770942960705,0.0029884343697994,0.011354759047067465,0.005425835913529851,0.004905330400604374,0.031281607218580705,0.004261957164231927,-0.028608596222939292,0.0038668659512155986,0.0031923713854928866,0.0013731145476337443,-0.001774339462192202,0.0020902870513700143,0.025099113141773828,0.011125447175631499,0.06272740793564975,-0.014619788244891062,0.032563447847076425,-0.006603907672747172,-0.008041498682374715,0.005511069369053008,0.004286994432662651,0.0461538459541469,0.0069202162637385725,-0.004265932465634572,0.02204635341020073
-0.01382176802918507,-0.0049083270261698255,0.04690814190494048,0.028509546343682076,-0.00195759422780749,0.01472464932624154,0.01570605037413861,-0.0063610898895046855,0.04748149478970317,0.027938699936643205,-0.007232065192856825,0.011246875341667427,-0.0009315604170161202,0.05024020986240664,-0.002690980905800653,-0.010846673076457146,-0.0002769724374146832,0.029623687859115358,0.014578797198668291,0.009859620299335443,-0.035547277123247165,0.00563660284381013,0.12116177754731994,0.015160932642522124,0.050587391352960774,0.03397460262723777
-0.010207359084807605,-0.0148772595118454,-0.027091456176323248,-0.011686811374112127,0.008065864320093406,0.010270284624844778,-0.021432945086744308,-0.006784773349091062,-0.012441814343771437,-0.013672594787701392,-0.005737106238523198,0.007692560334422434,-0.009515935530259414,0.019711743933361402,-0.013585143361473897,-0.050522948918642514,-0.012718655241592302,-0.025598570397995686,-0.018989458154754012,-0.027509031904197498,-0.16300112039299855,-0.008322758737292624,-0.06810024143519305,-0.032522549047920665,-0.016693369197700467,-0.029297112348253843
-0.016338422020335155,-0.0032700906694139815,-0.015221183627421746,0.006358564179893946,-0.0052700889041068285,-0.0540869437250255,-0.017287575009122234,-0.022429288356822282,-0.025785307620636085,-0.01102774073877339,-0.007970315772587446,-0.047748908771994614,-0.015416037684142429,-0.02966685732877613,-0.011300054388530047,-0.0265496222449365,-0.011635688019715705,-0.021632894354661987,-0.0015490686798385791,-0.009847056944263561,-0.010671046443659972,-0.016310103321851576,-0.07688057018446355,-0.01572000255470972,-0.020915620283972296,-0.027983939525502422
-0.008436090865742634,0.0016284278121048582,-0.03530505369142054,0.01823610130006813,-0.0015295646497158332,0.033967390427219316,-0.0061657966615546985,-0.00181351497421248,0.020688008969982165,0.009810922988958958,-0.0011779479114752522,0.03235928713040386,0.0007113489186020374,0.0593243448396031,0.010833492630454761,-0.011475771831232445,0.003539163352265834,-0.004440248408549121,0.06191782113737137,0.00217886399360086,-0.02603662586098237,0.009097521030669525,0.03220052778928598,0.007705558543614326,0.041189105035684584,0.002535278657732384
-0.01625550484538783,-0.006777065464121413,-0.03840836388055153,-0.022662761396513666,-0.010935259677817302,-0.051201399178626,-0.02486478023130853,-0.01653340505231899,-0.027160324623933373,-0.00422099286144357,-0.01157693773105744,-0.0276473220366666,-0.013473066171298387,-0.052088128924952855,-0.006718621369921186,-0.0193036248261133,-0.013706685591444983,-0.02850560004432827,-0.014851028625615196,-0.011135270151124579,-0.024877388205654407,-0.01377880224785508,-0.06844100889910235,-0.001967657910266137,-0.016828628003010136,-0.010648933458120796
-0.010005709308693328,0.02319725914916166,-0.014903626878624981,-0.022613544746952992,-0.007948826085357756,-0.04154053511625054,0.016355019433220694,-0.02011999232547506,-0.00984058229276523,-0.011372832815540553,-0.01700517021934051,-0.04193970306740459,0.0008914952764223474,-0.03171242820416,0.004277500338246706,-0.025458711113859802,0.013886118430069622,-0.020668827228998203,-0.01754727019339801,-0.02102237926546507,-0.061574186554742595,-0.022345567238646894,-0.056308160275818905,-0.014387274805647918,-0.015786118402104057,-0.02688836071012337
0.015869259277095416,0.006529278442377508,0.02372922725638439,-0.005657020935210669,0.0011969345595871624,0.03273065129746382,-0.00509777539611051,0.03303347556026596,0.02699211451948891,0.009126841273166408,-0.0017220537189474444,0.05590837975503424,0.008720653530518544,0.0574565297981483,0.009267239912236512,0.07561464620010466,0.0022387042412594523,0.01978910488240642,-0.0038627281532201663,-0.004665100802946751,0.017797422262738942,0.0022437297794992033,0.04512639064449236,0.01031177774342387,-0.006136019940435136,0.01888977660279794
0.005195278734251609,-0.00028330955844684344,-0.007998423355509276,0.003649422818843687,0.002561994778882464,0.01674581537273043,0.041106468331256765,-0.007119989272396918,-0.002896804830113655,0.0173880621924646,0.013496383542475026,0.0672851776553864,0.001632723256147286,-0.0056580324030010695,0.011784138470683308,-0.006013206230295387,0.03524060229762043,0.0015119854426648871,0.0022123274995825997,-0.0015603530828931236,0.11935448508705507,0.008260722281716844,0.017622638561728094,0.03940991328046144,0.0029442598147943304,0.01604155044092818
-0.01317973444057678,-0.026622096363442906,-0.03986152010951758,0.004085737436111484,-0.022984476175160935,-0.0015161898356141957,-0.020266422500672423,-0.016155319443933204,-0.037829750341297944,-0.008788948315198653,-0.023255482346646185,-0.0284166072060659,-0.018543383834367908,-0.027026858922863457,-0.014524550611393218,-0.04136806494671087,-0.020307558052070917,0.015754897152375217,-0.02242019551765012,-0.009131637582601432,-0.03074272613544573,-0.006054580780619415,0.060698967977703994,-0.00419624112766447,-0.001259556447554577,0.0008675465862524341
-0.009930059506975647,-0.016858155490777692,-0.021005385770982144,-0.007503824316996068,-0.013447506603876641,-0.04158018365843922,-0.019556573262297657,-0.007349713982301017,-0.016236166970958213,-0.010700911706262766,0.0011479105337094493,0.000849299167268389,-0.006393437981233415,-0.038765020626577065,-0.005060499162986468,-0.02840129560825085,-0.013578899909067568,-0.021160444083714647,-0.013749687308213106,-0.016056910460781455,-0.13337540574475676,-0.004152181678810185,-0.05414463550486077,-0.02104320374371218,-0.016446364790047144,-0.02006930323552775
-0.006393677327374794,0.0051006983015306605,-0.0030471044975273766,0.0005438988933774648,-0.0049198869551956926,0.061317679275541125,-0.0021307863644921855,-0.012366228466753879,0.00910529342758505,0.008878511738977834,0.007057226215475244,0.05158042484725647,0.030394383009773075,0.006331842652417319,0.0065117517867273635,0.02813743145664712,-0.0014631013226509702,0.05359726391867227,0.0017295368761631156,0.04127117803672339,0.038284947816868996,0.011372287449515914,0.0528574544674407,0.02928026582477781,0.025516654611695284,0.006883492918407729
0.03891165278291164,-0.001468384539746007,0.00938839009663145,0.0013802012686991256,0.009081381903186112,0.0009429017906513585,0.007736057261932153,-0.008496207774681299,-0.015215644866113136,0.007164752845216056,0.00597348727939755,0.05888223099529297,0.002599611700178914,0.049132529944280905,0.012958775445675383,-0.00047862421036464604,0.0024647013937438675,0.060602854750804104,0.001636392099284437,0.009357078082156677,0.11876565876653032,0.0031602747122297624,0.023086557092954738,0.01869779518867371,0.0015528504933621837,0.014280830755371727
0.018689743227701814,0.004268899994392521,0.022535098067727972,0.009236224807537571,0.054177172609203544,0.0449044803914192,0.017518123084563155,-0.005405640204900076,-0.012542261045357146,-0.004811490019570314,0.002245239550951326,0.008303805833020086,0.009230350498842608,-0.011564187597664784,0.004050588783233871,0.02447481288613412,-0.0007423936565950761,-0.002612587953703571,-0.00019197795511500574,0.02913008146756893,0.19537767436217568,0.013574520598360392,-0.0072576731924331355,0.019643817388916494,0.0031186388666173256,0.010080377798932309
-0.016045929366496972,-0.0031000452666300467,-0.03403529589186357,-0.022507479232034392,-0.019617007643106383,0.023016404815840625,-0.010810377284003674,-0.029715134107030788,-0.01025098842362521,-0.00941271077653093,-0.012009810911929956,-0.03231424655993932,-0.016077678116872794,0.0197787643202281,-0.013537931037127962,-0.005429383872279829,-0.010049127239653783,-0.008704580959772239,-0.010478635241357639,-0.027602087827061087,-0.14995295846264453,-0.015504286715272158,0.03571069003272958,-0.0007198046181925398,-0.020836557728596626,0.0032566843238037873
-0.0013169629616746606,-0.003430932297252813,-0.014194149583890061,0.013529819841417632,-0.0009684998755020418,0.05837701606679281,0.07165300979316667,0.018100277584517495,0.007325662951142843,0.006113348900298303,0.002561368783889282,0.09139209020282779,-0.004938681595132938,-0.005051034380146061,0.006666801991582956,0.004022250553120047,0.0008155044571124126,-0.005400002089306965,0.024486520718533987,-0.003438416808350232,0.0996478252250417,-0.004090263923667363,0.05469232129796882,0.01713103986617775,0.0052602304741470995,0.0064852933988199845
2.2950249215449898e-05,-0.007213899336624128,0.04166157371028038,0.013220301844327088,0.03753580872219647,0.05200281482029914,-0.0011353821993313037,0.007860930954620173,0.00717742340723001,0.04489288789529254,0.003599222632226472,0.07644850692189833,0.0318811751237742,-0.006077435397786187,0.0076390615377091055,0.004874804719926556,0.00870829007687183,-0.0013934574933266823,-0.0011742300425967949,-0.00047570589485890517,0.02852121659306432,-0.002885994716842542,0.004970297998115317,0.010580582816216917,0.018759490343741463,0.0654302033060156
-0.03626135710067854,-0.034340029842994724,-0.05084259272046872,-0.014745613450416908,-0.021816260029711272,-0.0369479567771664,-0.014136737393515416,-0.030114775554320822,0.02653731208411807,-0.004989771075598796,-0.008803979190764774,-0.04547429842181392,-0.025549927441173192,-0.017240717404391624,-0.00438224170210015,-0.04717506761215691,-0.017501021904991806,0.03615352635795455,-0.020020849300938844,-0.03496087217025183,0.05548014451330976,-0.01905945917701804,0.0511408094088264,-0.015810192295960403,-0.026654272399604623,-0.0003856941398649312
-0.02515678501223727,-0.024284002518794846,-0.020761299471991356,-0.029088969896301133,-0.006554969305435477,0.016135040376640812,-0.028338935280407273,-0.05263111333233056,-0.008559592588857001,-0.02057830356993353,-0.018925497783476193,-0.1082792110119088,-0.01724834132988083,0.026824185970561076,-0.018661137291994232,-0.016886080540464296,-0.009329995857950867,0.008283375958770796,-0.014541398430992192,-0.01844041927442478,0.03294545197728756,-0.01745492632355075,-0.002131156625493771,-0.007582065989700632,-0.01707071656575498,-0.009585031023082053
-0.009318960901226959,-0.010821055960452441,-0.020908466417680897,-0.016589133312487788,-0.012052190206706809,-0.07010076393375297,-0.022903780661677847,-0.017749201864809463,-0.009213656362099315,-0.010194267095900744,-0.006430992345105376,-0.0324241007060649,-0.012374256056453021,-0.03850522065516106,-0.007732504426602543,-0.019646763013099405,-0.008906024385018781,-0.021155697228377148,-0.014503228982101051,-0.007516335700295397,-0.13002099736860942,-0.000592613228011759,-0.02928019088107351,-0.0021607570181097356,-0.011850166213134547,-0.008283903151143395
-0.021479647867513163,-0.035772453342581806,0.007071378943653124,-0.009084901673483572,-0.015396033787691492,0.007113833621570768,-0.004333437932687176,-0.027781542624899187,0.023846289908547293,-0.018688037706674814,-0.006619771187350835,-0.09312025609653696,-0.001438048861075318,-0.03650549594980558,-0.01955597054438444,-0.015651989370545235,-0.009609682833522442,0.010180672202725092,-0.017400813906158052,-0.00041742480275686733,0.003936672534976416,-0.016465520173438022,-0.054623821788508005,-0.01533913489301316,-0.01930860383100056,-0.02145815277961146
0.014335629223056881,0.020025716508565758,-0.007862644254735016,0.013661783038588221,0.017133289321397353,0.07218142389563484,-0.003827636121619584,-0.01079473798752038,-0.004930150934581164,0.005565279401836319,0.001183715368895875,-0.019408530539251793,-0.0007720055311215789,0.05405047128545259,0.0034602314469801307,0.12226004908204849,-0.0006350095981274403,5.833936164935436e-05,0.0013419287229136207,0.016541934387954715,0.030556709811283257,0.01193381875918126,0.07835685402414148,0.012043939826684205,0.0011330042915106407,0.01783803580073019
0.019683090957466568,-0.0006327595807147469,-0.010235451448223402,0.01840498065615887,-0.002275842954135746,-0.0063863044079878134,-0.003898093551398527,-0.006868654408932445,0.005978949255381705,0.007739615523509041,0.00973679150191623,-0.01050525963990583,-0.0015486916282502568,0.06510994545340112,0.007714319336130007,0.020317917650897244,0.009822925462754959,-0.008975927400731427,0.02219620550073831,0.053825492011751574,0.1253460655563388,0.01927402696861355,0.05456223234307957,0.012288410593556495,0.027310919049699102,0.017446535790491675
-0.005022085392830253,-0.03537208851130275,0.07522696590109176,-0.0030182637314390597,0.0133289103900144,0.01379501804146322,-0.00894865059222335,-0.025364480794035305,0.01181335411878454,0.026681705246687032,-0.00016458009529473868,0.0005103412992525367,-0.008388043842011198,0.06167593667457312,-0.0041635142976843,-0.009703177807153863,0.0022504394988070004,-0.007023061013296135,-0.005340701291131207,-0.016559812102762514,-0.045053735862596214,0.002630461119290307,0.10092714601409399,0.012651344842581465,0.04811895796187125,0.029121702054346013
0.00017014157813472326,0.014152148965887155,-0.0006895803724890337,0.0073667135382475026,0.028069631446067788,0.03023097769862545,-0.00111595364385539,-0.011985754903173508,-0.012860349908585698,0.010405828989419762,0.0015392108369356216,-0.011851821583100391,-0.004053033582985075,0.04930972160939458,0.0026384061026224702,-0.008340567292802227,0.015397975160726298,0.0947023365192699,0.010571394619909314,-0.008494892746487227,0.06392812859619798,0.004673753737513369,0.12111594101604015,0.011565007440358606,-0.0038623983803446043,0.04284847315011388
0.003644865941204354,0.011752758305122204,0.005747562655812316,-0.0053828775197153015,0.012332622069748344,0.0011937676201654054,0.03994230799743977,-0.012455958669587215,0.011095658284616729,0.004700788623094065,0.00248181133406582,0.006753660463760112,-0.006547539038048997,-0.03892779611467293,0.008753096287414244,0.011078666187331138,-0.0018562712115607887,0.06363606424670237,-0.0038102002151138704,0.002876246628911742,0.08253033540075798,0.0062908218917347054,0.05660788156825672,0.004415028771207462,-0.005101570242771378,0.010179707325694573
0.00011894240495708864,0.020902153409116924,-0.002770050700549063,0.010488265232878767,0.0049599664613466056,0.04528424646467849,-0.0023019014161656144,-0.0017364167342969385,0.011281270989363618,0.004171368830504658,0.004570845442166288,0.007552696762631334,0.04132769720306013,0.03217688128042037,0.0044168996646380704,0.10665892265408099,0.004644511960893334,0.00267123654905047,0.0004276982545563608,0.03229426131461568,0.09134912066249644,0.00338039388004078,-0.0009509191439531057,0.016060989651808397,0.0020209612491468736,0.006431396264198781
0.0018557716571580458,-0.006766285260679843,0.09296236372964592,-0.003214554279048047,0.025129519796136604,0.07916618447176278,0.04280768993287723,-0.009516482848097318,0.00554596310895167,0.0031437598266662523,0.0009560997071675852,0.018144310286244414,0.001389267233462412,-0.004382436012370575,0.001479091707178468,-0.011178821924013357,0.0001975634019841507,-0.005755800747095031,0.03218537351231543,0.03543141367052797,0.08289571145528317,0.006055498662990136,0.041633339189243446,0.004598896081276176,0.0018825291346681143,0.008785473097366558
0.027273873385702477,0.013204061185612901,0.005576080018800049,0.010970934924465749,0.008150885391054899,0.006270013954902641,0.06741978933648654,0.0258561055575919,-0.0070957893023734595,0.006392294181339517,0.010102515618921991,0.0072251456102660275,-0.001788367739892602,0.0560566828243307,-0.0003927476776757449,-0.018290798377438935,-0.0027257263757519356,0.0010508039183839432,-0.003196449088953283,0.03230261145193698,0.08062853146570031,0.010062011704949388,0.04295736377913504,0.008151821855246731,-0.001373142516639958,0.016020338508742554
0.006151160840573299,0.0040038169828212,0.006957130090022665,0.004127249325078248,-0.018832873169118098,0.01932090014710864,0.04719259583341618,0.047599648713187635,0.02968464008813922,0.009672990718653076,-0.004800124074218812,-0.0135357125037733,-0.008897874640393056,0.017548863722189955,-0.0020980412150483235,-0.031346861487816624,0.0018756149302899627,-0.0029999628882226553,0.007306303753923476,0.01652948818664329,0.04624626779904935,0.0020223059415221396,-0.011318721798420481,0.005694540801297104,0.0044902772882363445,0.012837815206469337
-0.005595650344104064,-0.01553309267287737,-0.014971429359640825,-0.01696722767823671,-0.006818036856259417,-0.053193098705965926,-0.02170644702117877,-0.02085446589124206,-0.01850540396327061,-0.011418509541182828,-0.008081498620515618,-0.03006391370869527,-0.01163082598314016,-0.027143707023048323,-0.0007087816470643385,-0.027290150883347238,-0.010108221666858885,-0.018220597243064254,-0.013578001909808419,-0.00843681752797581,-0.12262621680804968,-0.0022601496877907696,-0.048005260598053046,-0.016241205432418332,-0.016018272552636267,-0.008591578082296328
0.018328512658052583,0.015261572718725528,0.0491617594386734,0.030463780471782175,-0.00011207718866397366,-0.007774423288118595,-0.003630928409524998,-0.017573350712465057,0.007330792958097985,-0.004061959066974157,0.000346010420210547,0.01663607102332473,-0.005084698928483392,0.0648716433375633,-0.0025042604146941947,-0.019780306732001134,0.0010463328110143603,0.0035306415112807722,0.020299292995872662,0.024583754641029125,0.03679430683489239,0.004063638875912962,0.1351415352384296,0.010863933533488898,0.04257535696766424,0.024654506896599197
-0.01126064017264094,-0.010896999899876813,-0.010744267864880832,-0.02128197243239794,-0.006774818131581788,-0.06757115041624641,-0.01918267696737175,-0.0038878364857465857,-0.011420348194967537,-0.008758743645757381,-0.006806845035789775,-0.019900702390834208,-0.011280839608606215,-0.038732874428432686,-0.009850081726609979,-0.027734348216107943,-0.011933951512926791,-0.018343279943799754,-0.016165374162584834,-0.009176715877766533,-0.14449396941667117,-0.0011887124397115467,-0.026726481264485076,-0.016757817400820448,-0.014641056545851416,-0.009056057225895213
-0.016547616991408592,0.012335279392672148,0.0018602604069760692,-0.020916771859610436,-0.04275731271570496,-0.05356221273582024,0.01837206797598971,-0.04135320629725361,-0.02278414995033083,-0.011848646194826193,-0.0018444415161486126,-0.05716629859738673,-0.0023056937914848934,-0.04474157414572418,-0.007177419204888232,-0.012872661718601318,-0.015506646390567674,-0.015906031065658698,0.006366008704435786,-0.023939309404604175,0.03553615926672479,-0.015379729080771265,-0.04074028912043522,-0.013623195083724084,-0.018861636313965348,-0.029203494976276462
-0.0017440760366607075,0.012302880195790598,0.07651402710708882,0.0010596450641858805,-0.016168662295194453,0.014604774199340132,0.02049459061403142,-0.028136227367706514,0.004232678511733313,0.026207701305981906,-8.756638637226625e-05,0.0036878010498521607,-0.010222479840299295,0.039800661940350646,-0.00395131152407212,-0.012227713751262873,0.0012389817470511942,-0.0036186815845802916,0.006265103055562383,0.01194886182611272,0.04497815751516765,-0.004817934300612502,0.08282510880206949,0.0037408246421406543,0.023222078620718702,0.026171104370082642
-0.005230527553604732,-0.0002467877864526141,-0.015469656620302604,0.005298269481567212,0.017351314261472402,0.04150810088485518,0.0927306881751702,-0.009465578221643584,-0.01278257681443183,-0.0009539736326267029,0.0024488126851695846,0.06359969493441721,0.0008257252649464977,-0.01643755653758877,0.0007733660057511065,0.08411468600203408,-0.0008316343266401853,-0.0017957214474172301,0.030968218033264654,0.0018375755437066781,0.14006501294708046,-2.4171441067077968e-05,0.008711095997784565,0.012272193408262987,-0.002427371909100419,0.008592241257003063
0.0012297079478459033,-0.012734445671424635,-0.03561617902590148,-0.017287172453161807,-0.021311428355502073,-0.003007465459841874,-0.02447521991123436,-0.016421948983899797,-0.0380561522700716,-0.015459321803738133,-0.019084392279683636,0.05301482620428157,-0.022635158213525564,-0.037001223301161144,-0.008205762513789279,-0.018917326498747788,-0.010916267111676132,-0.027429614935411514,-0.016523607907812946,0.002254394654697158,0.009041792676124212,-0.0028001223737147214,-0.08664394253590268,0.005103879489862668,-0.0054248592329961135,-0.04119084447129696
-0.011705900788180347,0.04969517226302375,-0.011513097024999622,0.013507476832512088,-0.00631405358414389,0.041366054004918475,-0.00040687879489931635,-0.009467616489281273,0.017959908579808698,-0.00427651684919421,0.002724273081760958,0.034677375339462274,0.015208129174360296,0.05518495445009151,0.027575130552879627,0.1751251008359447,0.0011257871093606302,0.0421948488227112,-0.001313589588751245,0.00024925527227120215,-0.06655284362397579,0.0025143367649128685,-0.0028793765069581433,0.005353199372537697,-0.005056342143230207,0.02045665152871871
-0.015191172056944322,0.020537543045440015,0.06102176280595245,0.03513121797812046,0.001533713740410588,0.0045281965192904665,-0.007526399680744131,-0.009922696352822889,0.03355574131883304,-0.0004888749258034894,-0.0025741937384856505,0.008535154735127818,-0.002054329774605997,0.05650347875442614,-0.0003013464954184455,-0.002629542731852524,0.0030000918069147844,-0.00016609237183033815,0.005952123920949057,0.018319876437213743,0.013427357906881442,0.010612477863099122,0.1435397490659752,0.013487970719543375,0.04646727414113535,0.010132355960849892
-0.010034611467830343,-0.012410738841203453,-0.03397647538736018,-0.024974426009276334,-0.010854745010824885,-0.058865465042681774,-0.013577515840447038,-0.022276568402822192,-0.015579282603735317,-0.010009294286196312,-0.005094678712558605,-0.01433166116267096,-0.01710046042764723,-0.015405029676509098,-0.008138839918387816,-0.028233790809188062,-0.011260683873227572,-0.01605667298044478,-0.011330277827238713,-0.012965378250597199,-0.14710641028693736,-0.0110006576298942,0.0017788385354063226,-0.008993727540814693,-0.022898808750616888,-0.007204532537928784
0.010841711404845454,0.0037346795919284063,0.06732118811069276,5.827581880113488e-05,0.020873720974321774,0.0006715019991993223,0.057041333120622324,0.018418471161202113,-0.007014266268238594,0.004891705998324311,0.007228050407813268,-0.021578655576927116,0.0006020087329895525,0.05678395672306443,0.002089109956996428,-0.005582464021943677,0.0097950006089917,0.035060570681990866,0.0010508832165267974,0.017278284366643457,0.15126168883821767,-0.0015405128099949044,-0.0037963126216988847,0.006178294851257954,0.009361832174636644,0.00440138115134093
0.0015224733511211457,-0.004998235616802671,0.007556922736901034,0.0016389113526586597,-0.004654462615496467,0.04530266329774199,-0.002730134970080403,-0.013807706603491576,-0.014107173114997741,-0.002828010624327719,0.006493556590637526,-0.0040053479235968815,-0.002883974323665929,0.1144486652860647,0.006520253538423266,0.018220077184892144,0.001564628998362014,-0.0014787900378095862,-3.5576451919698715e-06,0.06593958133727144,0.09075672205909685,0.02112735588795283,0.053715205193734336,0.01893897839001725,0.03930728496481336,0.0038755518974115423
-0.015274786390435977,-0.01656843794788526,-0.044927689432485964,0.0014199178937636852,-0.012065545244141666,-0.06442401768990412,-0.024973805713784863,-0.032698634076745274,-0.027259137927477816,-0.0025812947981453094,-0.0049418476456631185,-0.02688682887838733,-0.009584218406179871,0.03129841365156875,-0.008513943325867716,-0.001978946700385145,-0.0015246762263107466,-0.014637383259916559,-0.01280335169493356,0.03455371427111763,-0.02777683455332617,-0.007666917499919969,-0.04382263520483513,0.0011279272934900436,0.02424067478039724,0.008146167762408577
-0.023427895610171657,-0.013096324959703916,-0.02844940959296,-0.024361005890372725,-0.021277763109215586,-0.06813892349728778,-0.0169691010718029,-0.010076615064064567,-0.030867918421448724,-0.018464977949889917,-0.022726085769459784,-0.04053147298125093,-0.014491928653104967,0.022633360253428023,-0.01295983165169653,-0.026515432843306392,-0.011846511603550403,-0.01668591907169518,-0.01648400492864105,-0.029574992086350227,0.011460812919904738,-0.01183018281038116,-0.009352454169942443,-0.010226923764960915,-0.0012835313944349826,-0.002356861019307111
0.015076457546705339,-0.0011084360902477598,-0.004667898669889276,-0.006892196223334518,0.0080268495720733,-0.007611207945583803,-0.005227857112676298,-0.014944558184437663,-0.013259053238905225,0.003919049833149651,0.0021314853568523747,-0.031141870348298052,-0.0011194074635141027,0.07792619615736981,-0.010707122244060547,0.12503447236792295,-0.0064821063789706574,0.04008188204712632,-0.004278329226946507,0.03864200934583099,-0.0009996847315642693,0.0014101170987691816,0.04742175159802817,0.009072751963817344,-0.0045778613709914215,0.016372671600055743
0.023714513233056365,0.03020747323135115,-0.016333502715579498,-0.004009374949110808,-0.006677514897635344,0.036960950407702725,0.025911407649872747,0.02739603038561807,0.003395429828453745,-0.0018031532672943325,-0.00021528901433802398,0.08075287412093074,0.014058907033703197,0.06306059029863204,0.008090875968866498,0.10487918103523691,-0.008677387604537979,-0.0036306509970232743,0.012560752412237856,0.011063275222024962,0.07843647493242993,0.0007639448964416356,-0.017903442987734202,-0.0030976404389705297,-0.0030458627993405624,-0.010427422393368775
-0.0012085679647866794,0.0016801200514190058,0.004707356688609779,0.004281013673996975,0.04718408901120276,0.011228526318434118,0.03264138404422451,0.023128332125495508,0.014920260948851082,0.021337212889650754,0.0003599242226561953,0.010152546425397835,0.003185023993815509,0.005156308946724764,0.009095844342081149,-0.004082904088856583,-0.0024229946873309555,0.004105626337247754,0.0016398486483878514,0.0003952463316126908,0.1828613757923804,0.006178366257989534,0.007301606759960592,0.014994559757601904,0.04297762186928427,0.003633709895529685
0.0012575853792673362,0.032833082274339474,0.0034668311048037036,0.010459906711932265,0.03051526865521937,0.0005935808672532707,0.059653749941167795,0.01498053193750975,-0.006059979262863193,0.007265186514803557,0.026690685932236877,0.007558751037753544,0.020724054767239364,0.064907760343273,-0.0006332254895647631,-0.014748930364093612,0.042375186766492275,0.002589095396675735,-0.004709941034153989,0.0548927182036313,-0.04523269581242231,0.000350347526276471,0.04157672390546017,0.00885483955606801,0.05383742988664838,0.0314328938466603
-7.367587443945493e-05,-0.0025523502112972216,-0.006035377916481622,0.009189597952824655,0.031305087621322045,0.034338100666218764,-0.0027571663253410767,0.06667279003801421,0.028835703983147776,-0.0029191233314891023,-0.005338902664371647,-0.0011873269012696462,0.016955218247763446,0.008804787615667133,0.003803386026504885,0.07133083577362793,0.009521365942037919,0.003170314470204709,0.027572209839430293,0.02036932129046656,0.09302900851572357,0.005650884368676452,-0.011577965591861153,0.00458962901483027,0.01763773009526532,0.015097355946449236
-0.01403250887908926,-0.02153830889796231,-0.02943103003683431,-0.024308269097699255,-0.016710153139809353,0.0011003796844077135,-0.01233317596299666,-0.023632422679991365,-0.02097303943563454,-0.009403812741227357,-0.009499753693353302,-0.03532463225080525,-0.014478927137859839,0.00955837611425273,-0.010505715879285591,-0.021438006409476545,-0.010297224981577287,-0.020078799751211098,-0.01333950656064882,-0.012072561548783452,-0.11679158340083487,-0.004202985818409822,-0.06733721611177797,0.005163370937962538,-0.015453336281890715,-0.030541050781334754
0.011538214731898434,0.018613088089896358,0.024864137158171144,-0.0045457203637837215,0.009590386455622917,0.019377169406883242,0.009540526697728148,0.01354816341941977,0.000649603565030669,0.0032369870288411953,-0.0009481879920458396,0.07596559846663964,0.007727180613027255,0.03741713081306804,0.002824455835477573,0.07712364031172293,-0.011589324742631206,0.018149733489001944,0.00036609334078916816,-0.011080968421337501,0.05122158596407022,0.0037414360824265,0.042787221486953526,0.001729896558524787,-0.0044097695248265885,0.01799316012108183
-0.020100434406682913,-0.025772239404382037,-0.019367061476871127,-0.01299955151081843,-0.03449346875389314,0.01189035962666754,-0.02180503613094305,-0.018000378665316768,-0.055742380149424814,-0.025342885503245354,-0.008147839448924863,0.00035967127953957757,0.0010922467842966231,0.004465155724231915,-0.012235746015416672,0.01050339198809076,-0.008412585822596708,0.028082981513671845,-0.011007108829472652,-0.033324241362384946,-0.0803179387865806,-0.007583403716121998,-0.05479511840163125,-0.014178241553170242,-0.017101503298338715,-0.04690187175524229
0.04006515086077875,0.005623012616650361,0.024540294311102533,0.001140249470087696,0.002846840099955625,0.060918143104131905,0.004668724894401637,0.026711848754395313,0.02103506566567972,0.010181231737991011,0.0038141699216611277,0.013304032779427233,0.002711876842248368,-0.023635423050222915,0.012850392845240682,-0.006151916487570861,0.01396617938363434,0.012422770481898604,0.0033358411914884032,0.0020108067739156433,0.07804986361870517,0.008208130470415954,0.08333835128576816,0.012772154793284293,-0.002001223240142168,0.032704869466721034
-0.010121828900539365,0.03198478316660236,0.031220568905293438,0.007784634081321194,0.030732220518328322,0.027102702948814953,0.0010275976404464664,-0.01685855762950253,0.007596668616239553,-0.003082525465367068,0.0008949073820053085,0.008264097450789125,-0.00817528869776702,-0.025186608505171917,0.011020873052129091,-0.009267580980426491,-0.0032137772334786176,0.026156303323901793,0.01942884840473534,0.00627192550278121,0.08435202059223408,0.004153064975565553,0.005316085023920594,0.0021181241743534053,0.0023186745039509137,0.015371283518237255
-0.004370972837619569,0.04552153804172179,0.08117671134951134,0.040799746623381566,0.0025326783255088755,0.05471467521654391,0.032796493908110944,-0.008756398120178255,0.02639775045118397,0.00011097926280972947,0.0013183704149095203,0.002592549004131599,0.010078051334713095,0.04795450221636183,0.0043211128824865355,-0.020278609182747646,-7.235905047260109e-05,0.001967901449518212,-0.0044285634853130995,0.009675773601392426,-0.056377012276370514,0.009320232299820892,0.12957772620298036,0.007777887784054139,0.022754248169749056,0.008326425005576468
0.006142553695869613,0.02240074248744697,-0.007271981319294649,0.06446404543634865,0.004012922722401295,0.08530177974963628,-0.00248944694993756,-0.005738733024610886,0.02575452282305405,0.0034648289667361157,0.02079867467176588,-0.021344944383240336,-0.004201347573439564,-0.0011937575931849726,0.011316762655833363,-0.009717828368755378,0.008020136876824277,-0.005266235329449213,0.018007465646113587,0.03195065208039045,-0.019158578497194947,0.010104390175091309,-0.002087487962549122,0.06089339653503484,0.05827205756645615,-0.010336485829190159
-0.0019105617699943739,-0.01169869047345764,0.014784717055965114,0.032568478936834976,0.0018131177582981497,0.032176534452148554,-0.0007342126910749059,0.017735021210847208,0.041771165783695,0.004972240643822294,0.002507383096901223,-0.01361601738896938,0.007945875735551793,-0.0053062266196945195,-0.0015641237129277276,0.0025241208269799875,0.010590649148258977,0.04193541344117029,0.0913086364515391,0.04392990303675846,-0.022976733212043833,0.008376476011824795,0.01822650818304158,0.027693948707674106,0.0962881929838439,0.0060896209946074975
0.030180047941533453,0.017864217045875732,0.042506539027781176,0.010146518969381225,-0.002051520308303929,0.003709457655346494,-0.002571887178865488,0.02924346141588342,0.026618520774503798,-0.004428390356357945,0.0020071769108198855,0.04548094241244656,0.01159930912436235,0.06284646512918093,0.020417635049159784,0.02205387917568599,-0.003958144904645733,0.03999147555081491,-0.003369348580935162,-0.0010644689432113463,0.023592852044125298,0.0036733093952059674,0.04629214408354615,0.01145784832073207,-0.0026530791996888037,0.0025131447039073843
0.03021229063942605,0.04742024858326807,0.05251536342524464,0.0016196330922460093,0.010599315969431538,0.022151854235951365,0.07402286156538981,0.0063738750840216666,0.004306465638421851,0.004138593134980202,0.0009179009561133204,0.009271280874175938,0.018665578562525417,0.0035844938959209197,0.010074388960321538,-0.005616852996007364,0.0234513235716536,-0.0013809360219516657,0.032541686088161145,-0.0021646025570883102,0.05258467847445803,0.013655481273238214,0.010884134290514531,0.014979433227620175,0.014357151609069944,-0.0037342029854711863
0.0031136362401244333,0.04428018405000731,-0.01723651248188411,0.011602576540979017,0.04805614302271756,-0.0038405240519473662,0.004390359167789564,-0.006292239749467098,0.031031473729809873,0.004053930018631563,0.0010765192528572492,-0.0006997301973185844,-0.0033519857917644613,0.00457062477281754,0.012577202092176566,0.09777429258631559,0.0011751217908558735,0.04431283585377962,0.030672724706273635,0.011713808721692908,0.10985571607527161,-0.003710927135465636,-0.00345153706539319,0.002982096488739397,0.007191186666131466,0.013584463287888258
-0.015765139059463088,-0.025315290964037812,-0.010122034190126973,-0.02899047092496063,0.007657356091433125,-0.02619430882186868,-0.019548599847145638,-0.012248455035167813,-0.04106594539422852,-0.016272594262031773,-0.009281685069809842,0.026988309204947658,-0.015722440058580398,-0.0083755234292071,-0.0009450540126612687,-0.032492197281835944,-0.004853850537384908,-0.0015278136259254942,-0.0152027582271602,-0.024442789123583542,0.0613613224488559,-0.02979695568600235,-0.06318186898889455,-0.014426577556341908,-0.01591574249369229,-0.024943010119041566
-0.014369753612726159,-0.025999647525428948,0.036021984974649035,-0.01102046221761387,-0.022465540028324068,-0.03499799104333443,-0.02768445679261701,-0.020817274298348856,-0.031573345540110924,-0.012605740825118988,-0.009191330767148505,-0.012029457052186799,-0.01300612043826769,-0.05400050109944747,-0.0098162013847326,-0.03207003369914847,-0.011491285141213807,-0.026233545794923895,-0.018509165086682423,-0.019839301014018727,-0.024444859652187814,-0.013773717887825089,-0.07082657528896927,-0.02030566817823793,-0.0212863295608111,-0.032232242453772514
-0.018339869519793724,-0.015018598580547477,-0.019286370793007768,-0.0069006617408729634,-0.022541807187343197,-0.04782376208706315,-0.022288889968765057,-0.03472064803641328,-0.011797636697534402,-0.01053130607205135,-0.008464075352082712,-0.04815490245798291,-0.009660219831705771,0.008210231524980792,-0.003113735601403093,-0.043767100999256583,-0.003456759745363339,0.030743536813899606,0.01045740885293457,-0.029036050771296174,0.022209288653300893,-0.004290244624459517,-0.021125952589101157,-0.004623872376361537,-0.014378540890019009,0.010407110944074174
-0.001910510017282765,0.0037915864652405696,-0.0013545847674465128,0.019936856896975195,-0.009074893867311489,0.028518310789276965,0.09830363451376771,0.04136125220842802,-0.0032168221795179463,0.006899338997387759,0.00933585928999966,-0.007660813937503298,0.01916159497834451,0.040042953559691244,0.0030091389232445092,0.011662243125153614,-0.0015301819337546596,0.008909743291811576,0.0008404818420715092,0.003574767070166541,0.12256357218783143,0.00019927373727840326,0.023154184925888114,0.012826940622743883,0.013237504811114378,0.002850007058014803
-0.005079361547874817,-0.03765207610360502,-0.014492310625225727,0.018812614586792443,-0.01109163256149674,0.0322172278668515,-0.010990439501940187,-0.03055373719024023,0.005351896274408556,-0.009696731406240989,-0.006513025127067639,-0.04210553728384977,-0.0178213897402903,-0.043654466355469546,-0.007332558575214099,-0.023205495073368956,-0.006228759652844663,-0.023569202106757118,0.015251077252122531,-0.026294563895293756,-0.042601916678785504,0.0032666411191242775,0.00977825840200945,0.00408668446970267,-0.008313762675319988,-0.0028026619452064007
0.027162625325642273,0.03357839962060447,0.011669097033475701,0.01600621266993816,0.014362502525278558,0.07457663246983194,-0.0005512429390558851,0.004707507676594011,-0.010570145809414946,0.0007932916549559279,0.00255473445125714,0.029016523988928438,-0.005051346316152761,0.004420249518826111,0.000552410017791636,-0.004662168605245289,-0.0013199349018999797,0.06832560952716488,-0.007540856712815406,-0.011674755307143382,0.0576746648030804,0.013209808097300007,0.10800489996345648,0.016301249461578904,-0.003628408828408031,0.0075138792060876185
-0.01378489117780306,-0.018821745939993008,0.06392328706319302,-0.006001676977608252,-0.015849348101898076,-0.03963452222613693,0.04266978425679077,0.006933409353942182,-0.01747053579289774,-0.006927212202911447,-0.00410597571762345,-0.0009420789261574456,0.0017670305980445405,-0.05440864837960783,-0.004941350870625523,-0.004940588710586581,-0.007652799610914225,-0.01139894534712044,-0.01338621496767226,-0.019528699593485174,0.024463557189891943,-0.0025449586450800206,-0.028346137989979092,-0.01990644307810299,-0.01919477141386294,-0.0028714175333705064
-0.0029806571036441513,0.06244901786783505,-0.008036949506432484,0.06460936697138998,-0.011447349722689343,0.005289922044876651,-0.004052288501773021,0.014262868428772175,-0.0013438694712979364,0.010562942969665616,0.012918908903414643,0.005110159422866836,0.012746053203766459,0.00351808757970753,0.011472160679072856,-0.0005117511657104501,0.004651305763088885,0.007071032510068707,-0.0015946114713153872,-0.004135936888852214,0.0872590218505123,0.019822459059223703,0.06551552315446657,0.010572301199320412,-0.0024610576782699836,0.04916477849357955
-0.012088166887604142,0.02943169006543287,-0.014085028960636672,-0.016531970418592622,-0.00817095035340863,-0.07183214547129935,-0.01935961540793701,-0.009649130574284976,-0.007001050432263381,-0.0027554609394271497,-0.0014946639166293827,0.004041622908439616,-0.006421058576714784,-0.04153266121508441,-0.006088159333591606,-0.04033023901472696,-0.012207923382190861,-0.014159155088031172,-0.012867927783907438,-0.020429975316819404,-0.1269307989819086,-0.009590408714175797,-0.0020790616742455024,-0.014577921821455406,-0.017457958377563493,-0.008918960258564996
-0.005945911115219735,-0.016644227467041535,-0.005257092082220934,-0.015685426134656837,-0.01460167244388387,-0.0759014208646465,-0.020080716101720346,-0.01612935095516094,-0.03396742526906854,-0.010149626585637108,-0.009647300042794862,0.012995391186994151,-0.017362224078433828,-0.051583783224691294,-0.006755619140983182,-0.02095113914930135,-0.010312567278497702,-0.027047346430715147,0.01510273055268528,-0.0032904048615843384,-0.12638998605861276,-0.0020347121803290418,-0.06751866353320105,-0.021265461943702837,0.007356816113854719,-0.011501422319883778
0.013328952099217937,-0.015764753246873733,0.04613048432049049,0.009747715513114838,-0.002873963854573273,0.002654053066075654,-0.005517353606656015,-0.023421789768259982,0.051045908920831835,0.007285157898637091,-0.001320557162435645,0.07231603489328872,0.0061663203375991885,0.04460408011153185,-0.0008487117735104521,-0.051161825563999466,0.007436648490900134,0.04533395638566665,-8.352363288623381e-05,-0.008299819155876288,0.05224310019059222,0.0062017677284226524,0.10709481616884424,0.008822147571178447,-0.0012051179720536018,0.0288510439656139
-0.005540674333815867,0.00116526082434053,-0.0021838642761555912,0.0019067747732694667,-0.010862420235162897,-0.061855536167566616,0.05006753232729552,-0.016897315550296086,-0.01403815147575142,-0.009085333563824977,-0.0055322233844149376,-0.021814085401105663,-0.01125425934984453,-0.06185442465997091,0.001626329843112082,-0.0286487836471664,-0.0147906900736582,-0.01688882936477382,-0.013767890799809385,0.014270156653755294,-0.07699609427684458,-0.006381670671325488,0.003257495264358185,-0.007809580722853481,0.02376113330063164,-0.0030788238482331583
0.02931786950183873,0.006812574249171204,0.05660768019383619,-0.0006173748327708919,0.03939286336386569,0.0463601688594207,-0.004144124447953485,0.017843748067276417,0.037745203910883256,-0.00415806036775518,-0.0019644962393332325,0.028106850034550768,0.014808162243358167,0.04952445315307529,0.01583723633449723,-0.001919466564265718,0.002274816230046935,0.000949625067289143,0.0182469536739291,-0.006125285664185343,0.12753542875809964,-0.002313619824306772,-0.01548671166504624,-0.009344524877653967,0.004675054467252818,-0.004533585033494779
-0.0019105617699943739,-0.01169869047345764,0.014784717055965114,0.032568478936834976,0.0018131177582981497,0.032176534452148554,-0.0007342126910749059,0.017735021210847208,0.041771165783695,0.004972240643822294,0.002507383096901223,-0.01361601738896938,0.007945875735551793,-0.0053062266196945195,-0.0015641237129277276,0.0025241208269799875,0.010590649148258977,0.04193541344117029,0.0913086364515391,0.04392990303675846,-0.022976733212043833,0.008376476011824795,0.01822650818304158,0.027693948707674106,0.0962881929838439,0.0060896209946074975
-0.0033827100533311764,-0.001459628126841404,0.06519897068924504,-0.002216885168682112,-0.0060394011915990455,-0.028175469438439387,0.0006957548792651797,-0.004217014971628945,-0.011183118902124691,0.02579482413367738,0.0030811713895155138,0.05602478612347349,0.007658366175109509,0.08603572847975935,-0.00202688589338657,0.00648956952820933,-3.2391266835749035e-05,-0.011018303892877446,0.008734774581906284,0.0181650625507365,0.08677929172794244,0.0016550947239919146,0.10319892053197174,-0.00011466789083593768,0.0202118551132277,0.025573744760159615
-0.017726780836347652,-0.022350621447777122,-0.004949886190769239,-0.01917624675567358,-0.018468970153347867,-0.049947973303774415,-0.015335073412278829,-0.004699895992740392,0.006195542573870362,-0.015857860318115695,-0.00589908352513244,0.020583855394836585,-0.0029571294311939596,-0.055888262615898236,-0.0018198156735507497,-0.03461486682927573,-0.017482801742515982,-0.025378395743415008,-0.017112284578937452,-0.019205428840896693,-0.12073483093158628,-0.005884833065712376,-0.03836193223241746,-0.02631382491204999,-0.018386185186261443,-0.019461642324112377
-0.004819815230809913,-0.011185017434220894,-0.0014585712888872582,0.003096086189565944,0.023679407245766473,-0.0693888160123989,0.01773052840158112,-0.003924276051337262,-0.018352241547702826,0.0015374607919683,-0.020583341025953644,0.009866805293812645,-0.0067257730536271,-0.029283298553902756,-0.022820272832644508,-0.024146956751559694,-0.009406154170527092,-0.01493118727639325,-0.014737045022343829,0.0013904707633329895,-0.04314216110477689,-0.00834919026780301,-0.031073456982290745,-0.011503334854011206,0.01631656199551422,-0.011096425620182324
-0.012609408605612226,-0.02182250117438106,-0.021834380573461168,-0.01910284550509155,-0.02631008893513598,-0.04098097331150963,-0.023961433647063265,-0.02839828600168611,-0.02563161150125422,-0.007272709984159282,-0.010879029856139718,-0.0450799464724664,-0.0044905527428628555,-0.04198905243852494,-0.005694266001612897,-0.027831972960196016,-0.011254401803521087,-0.02274537312980813,-0.015634496394612892,-0.014382711896658467,0.006759948957090831,-0.008876021830635078,-0.07275243136635501,-0.005780065785774891,-0.021580305506839002,-0.0244336429401681
0.014865573929691891,0.04806879718869445,0.015397620029786523,0.013919868093548808,0.001432454815859706,0.05031769591371799,0.039286505066191295,0.014914713222388219,0.013477188210986047,-0.0008123236969795071,0.0030180594898464755,-0.021877183237729452,-0.004302907890592714,0.0016049277013038055,-0.006747032153228068,0.002894661972104971,0.009111871298941539,0.0515101561401773,-0.007655162541456178,-0.005031562598401292,0.06840223233536914,-0.005109817021795496,0.12318200198193792,0.01782638827546399,-0.0031247663935686926,0.01086147845937015
0.03165038607813119,0.003434177195248807,-0.008264550146095902,0.02022236089173436,-0.0010636614644431036,-0.01562857644898564,-0.0023949569943691753,0.018330083432521963,-0.009396132249390688,0.014121101249814078,-0.002096823317527237,0.08510243717875876,-0.004601502330759232,0.07715189578989308,-0.0022080887241255785,-0.02024496706212027,0.0010547004062917168,0.020183166760481278,-0.0004788893856210901,-0.007148014132866938,0.11510668472724787,0.010073038605802553,0.10191588726557371,0.006484153693161192,-0.0016302868580627553,0.01575781443131176
0.007941024568209191,0.015520624526154589,-0.01674031944244473,0.02094213560797204,-0.0003956104143587549,0.03930950375564095,-0.003255899149848644,0.03517378225785199,0.05276009579305928,0.011716742529924384,0.004078631164600825,0.013980586884812013,-0.0031047527707979555,-0.016154794032427526,0.0025813371853901563,0.009117529225520919,0.005229143000517763,-0.008383989655144527,-0.0011810954479537412,0.024223377062670942,0.09465012296057061,-0.005591679057131283,0.12177533035689694,0.006914603516865262,0.00772736871162222,0.02659763945339808
0.028353983641174137,0.012926212016709444,0.0012990133334227784,0.01682348551308667,-0.00478086594435555,0.03679336593173803,0.06310403226975664,0.002846345414007886,-0.0034787058295722177,0.026025398599926763,0.008631787599376167,-0.007427099486775872,0.011848980576434047,0.018103411397278984,0.011716072963732962,0.00038740716202105254,0.021689041854502544,0.004762656177926223,0.02348429099943637,-0.002958123816411532,0.13385580857332133,0.0067226466530877155,0.02845920094374977,0.009332997405686138,-0.0005011210572333065,-0.0025887843004531543
-0.011211765444299296,-0.01643894722753226,-0.029071633836114906,-0.01649110996344624,-0.016438238538690912,-0.028756432487413757,-0.018214494807243617,-0.01451592018895011,-0.019638315330379224,-0.012356477772931794,-0.006108038086490465,-0.03215114838545704,-0.012273616088738693,0.027167262830824716,-0.010406351698668551,-0.034467564744150206,-0.012182524693285835,-0.01135686249258088,-0.012493136663909095,-0.021799770396777593,-0.11841608271093386,-0.0052219056592809196,-0.06055222730266999,-0.0036128296537595514,-0.020640861119303723,-0.023586235612930252
0.0094854915992769,0.035071599275566454,-0.004035124986287647,0.0011239323335584099,0.0001501962423114682,0.04185717466642436,-0.0058936877838532695,0.02128117451396358,0.0049689070659746535,0.004809149174394485,0.0020998980805915133,0.06638618345950276,0.010388305760870345,0.07550487483117539,0.009719996337162772,0.1263719056191319,0.002970089072916174,0.031888906181439636,0.006708363521375245,0.01024488194711387,-0.06279037503684047,0.0028982887189012018,0.014872102857343625,0.013419817410279184,-0.0007272423691412859,0.009989963431806873
-0.01273503322903967,-0.03008567002432286,0.025274697176288684,-0.021106628269292056,-0.0002885205773696991,0.0008263970528491655,-0.023028248558782292,-0.023817271643469955,-0.024882443819860642,-0.009075407938087037,-0.006575666267968271,-0.022158611229300865,0.005806174013239834,-0.06138099724579005,-0.00982087712204571,-0.023584436641003147,-0.01002795609069901,-0.014512666557647292,-0.018929384537816705,-0.02782232504382969,-0.10900497984317706,-0.011147370883489618,-0.05788861536937661,-0.014350442794619299,-0.01643030937934328,-0.017821966584340408
-0.011842991372541606,-0.01438018114672496,-0.032602059753493826,-0.024572042189897197,-0.021761262934244834,-0.05704342685208966,-0.01991641666385503,-0.029980588164495166,-0.024403802984366358,0.00025651457095494007,-0.009716062391369993,-0.03421989684489063,-0.013113888112599012,-0.007995246620825725,-0.007656354331131913,-0.02207461471424101,-0.011695045699425801,-0.02487870325368675,-0.013783370452224173,0.004608499663375496,-0.04905696238083509,-0.005416804459457389,-0.07569899744661311,0.00787730309681266,-0.0006511246686308773,-0.028184368635324555
-0.006731647619938405,0.03607232661870206,-0.010687608766391498,0.011066043548895637,0.03404389152794077,0.002272359930518457,0.04174024507149956,0.041167543168169125,-0.008689371873059024,-0.004258298444881653,-0.013846279972338747,-0.010416876579006355,-0.00847834698928382,0.04547296764164389,0.007280222550459265,-0.0026167999305985934,0.0012605195184114235,0.010109932618052328,0.009995947341558098,0.009822233500491512,0.07923049618230397,-0.006016714328980963,0.01169502898351801,0.0033216427179353545,0.004501390008129621,-0.011879407832144287
-0.01962467026269088,-0.004507477498832509,-0.026192818593271792,-0.03473085413128416,-0.019639577113791547,0.010562675663575783,-0.02423247939416194,-0.039445817592983996,-0.0188998086029702,-0.016867659833640025,-0.00921713583271581,-0.048890412160435076,-0.018741446257287415,0.09087990861402977,-0.023651599011568148,-0.03486678949446044,-0.021807731823787823,-0.008497633178839462,-0.012363218186890281,-0.018346693980138645,-0.015082052603441387,-0.016365354283718856,0.0013112205822538284,-0.003967658210269166,-0.020199572624391517,-0.0011839055966658637
-0.001433198470727385,0.0031173210078983275,-0.020100553908338464,-0.02500839820752227,-0.008177950392589235,0.022971367216723486,-0.019813093102967274,-0.03094887331810029,-0.03614961105873279,-0.01306608338316224,-0.019517352532061133,-0.03288796120501576,-0.021362751880954885,0.02080226866270086,-0.022085801955185076,-0.003864675637992563,-0.01575166872567939,-0.026718233632671364,-0.013694486267257907,-0.01573521469264808,-0.14361046439686692,-0.0004828888083799831,-0.01604954466410362,-0.004400998063337341,-0.02061190382399137,-0.013321143500751302
-0.0007093530504986459,-0.02014417542357559,-0.04953929039417617,-0.02136043177438503,-0.025918554928914896,-0.06920778355716938,-0.031323841514345266,-0.025733263973222995,-0.016734386715148993,-0.005050664569449903,-0.0074901382189099495,-0.06121330846642753,-0.018004984680571427,-0.0443670030546079,-0.01104179550522291,0.0761903311375278,-0.0098348361287367,-0.029275996437389654,-0.014176128617919222,-0.0214718990920621,0.03593611115042677,-0.0015824647850682155,-0.04076739804438465,-0.0067292160600334544,-0.021783890991459543,-0.0053770548554754735
-0.00013951715117878572,0.007764911132211872,-0.005481652280820573,-0.006939979439755674,0.013742389526032564,0.022241787297480768,0.04447392124617943,0.07537102158872172,-0.005031932188958378,0.004812789724268007,-0.001890117945078299,-0.015126105611616494,-0.0030949154929630343,0.07077539444226365,-0.0008441873752248555,0.002193576916567696,-0.0003092076813398849,0.009739029153297572,0.00020522050430747357,0.04762917396734507,0.07929115583354535,0.006051624567083028,-0.02823839809324946,-0.00824592668667225,0.0018451667605196178,0.007969549211998493
-0.009802108695232242,-0.012525992747346663,-0.011987237696895468,-0.005524046732200238,0.007744038105915576,-0.01950183152561975,-0.005887688497055764,-0.00036824080184647267,-0.0139123720930386,-0.00905354711211422,0.00284393544317639,0.005893374518469465,-0.001471954524980608,-0.034952767563417905,-0.004345029536860751,-0.0352706035543521,-0.004674843984366601,-0.021788444886007053,-0.01126673867925224,-0.007879303316213533,-0.1533539097196634,-0.0031821692279453404,-0.01811932446347541,-0.01823350852142768,-0.013044050092049982,-0.016539116139483008
-0.007616324120794727,-0.00947562235350817,-0.026791589689903927,-0.01702160168509897,-0.005310386175449183,-0.04239550533262812,-0.017976847790116424,-0.0036230118560483153,-0.022785542916500538,-0.010923614768904875,-0.005187363893945019,-0.02920131604945725,-0.0149671554755426,-0.013105252480229819,-0.006939347268077357,-0.02781530210324304,0.002240701120600069,-0.020308566871997186,-0.013528671162357741,-0.02057727173749736,-0.13470507094071055,-0.007486805325406408,-0.058733289887630984,-0.005783496715852243,-0.014573890842602754,-0.018531970640516385
0.019268810549583782,0.01232977994289521,0.05351693822040246,0.021332595052432214,-0.009179165542899473,0.0474265047324431,0.052683790683331934,-0.015132730317177321,0.04842582808046065,-0.00734795846868785,-0.0011673205978207685,0.016926660330787584,0.013884904727237102,-0.008499787034319126,0.003778556553877292,-0.004112644940512776,-0.00011198875690063341,-0.014980067481793726,0.008523521432298483,-0.007138143712660663,0.10166611120336767,0.009696633036503276,0.09243886739778953,0.015375723809140639,-0.0005749833925180446,-0.006932330249059404
-0.01723523107436461,-0.001636920741605112,0.017886383928907512,-0.00481271158824947,-0.012271167260113408,-0.11963881499453115,-0.003027929657578085,-0.049084257755714414,-0.012972149470482022,-0.0028139037390439723,-0.009529602455072622,-0.01239008228808352,-0.027054075964551623,-0.0370162574828431,-0.015619756989988728,-0.025125822756054274,-0.012682843003291108,0.002721808335784194,-0.011332102146459388,-0.0021012675420813646,-0.019004396847718638,-0.014050045591920095,0.0748797720249375,-0.010062842600266592,0.016364266258741628,0.000819167771063745
-0.019848643072607173,-0.017055105665089602,-0.030477178581857865,-0.008521909446217316,-0.007615540041673224,-0.069762538227104,-0.01868445692049832,-0.031873147544478876,-0.01686964787119338,-0.016526693460118307,-0.018394193430099404,-0.07031241084032347,-0.013321112232334984,0.021465813329249857,-0.011033050850150172,-0.021619120642881632,-0.01780679689939761,-0.023593038841202806,-0.0033123415704866665,0.02152072766163148,0.05668590057777484,-0.005883882788732152,-0.014614461914101264,-0.007492015514554784,-0.0035987075356724964,-0.026025009086250297
-0.00789291951502381,-0.0020422717341478103,-0.006828479656241439,-0.002168960278383864,-0.009095165982576743,0.00040384436100668987,-0.0037734450485725685,-0.017989146717264745,0.008865358511977913,0.010232869749243003,0.0013632514873578646,0.06857302962658118,0.011628771923427428,0.1250097934256065,0.01419901887527825,0.0863918609532574,0.010226951652100691,-0.006926595558003501,0.017206988512783614,0.023586629473350426,0.07745598730481376,0.00046097868388851035,-0.003088477887115355,-0.005685044880086247,0.011014632884070725,-0.0023646882423773354
0.01949611485728893,-0.012777162686981262,-0.017437842981159187,-0.002516467224440653,0.00438291252598545,-0.002165166376633689,0.02945538354381401,-0.020286019774200213,0.02388670005131725,-7.635426659422302e-05,-0.00012128058817521019,0.07915241596580848,-0.004635475355560022,-0.03674609737763687,0.010694978847796572,0.10097482008807507,-0.002756719191990797,0.032365193416980666,-0.008784948534479298,0.016507359696811313,0.08312718281855014,0.0016409524739849808,0.012509365958384514,-0.0005492815571631173,0.0007455574721104276,0.000950933395295306
-0.02974268041373965,-0.024757356452290623,0.013613437895215805,-0.010294336049792746,-0.02957299437037943,0.0013635839589357622,-0.015354719836354069,-0.04489403567382381,-0.05328053933257004,-0.024394223200092862,-0.009651363839702328,-0.0139472929763344,-0.011910786838297969,-0.00834754953314968,-0.013307948132772198,-0.03130372031061577,-0.016337861047086417,0.00033527571432262113,-0.010795185597652966,-0.030202230470842147,0.02561059186005921,-0.04157479776433409,-0.017728121231077816,-0.015906921859418922,-0.025369270142079056,-0.023484182431143162
-0.02860737800091348,-0.028684485652224825,-0.06055623926220793,-0.01869802282153645,-0.010521480225928736,0.008448779983314504,0.0006712821847595485,0.001123125247883279,-0.006208218614393495,-0.016446874910350896,-0.018274185118784217,-0.0053410024506323735,-0.00010830353949220035,-0.04304573851700172,-0.01741999886086228,-0.0314744839368493,-0.014732656792704685,-0.02618670004375328,-0.01786918755358397,-0.026168101800137976,-0.02581136540582156,-0.011840846593904204,-0.07824162529282852,-0.02519137440107931,-0.020213091898205315,-0.033170387131136736
0.02267476622343104,-0.032789798424881174,-0.04893235261402738,-0.016517603637268476,-0.021157586593997066,-0.0008823620188654815,-0.01286425673926727,0.006283368258669504,-0.011196271257038874,-0.011843299087581659,-0.0045470912343165346,-0.005883542750833378,-0.013886214416295825,-0.013828082451868885,-0.0225652688042034,-0.017287594589235455,0.0044330008433629,-0.015412188761855272,-0.007106963450721715,-0.01830156435351737,0.05695346963004716,-0.02486439873378788,0.031431778749848364,-0.0019721855105145052,-0.01433883309787947,-0.01350081991910328
-0.026713557557786174,-0.014259871064721564,-0.05194169929049402,-0.012824435565252151,-0.027965872334195414,-0.03492077613215571,-0.026696490202807024,-0.023767613657384522,-0.029109681637884546,-0.017761847554727837,-0.006999453069362474,0.04218404744676336,-0.016721763648043834,-0.052890404401354715,-0.012238926188654773,-0.02570236702827538,-0.012892194949749322,-0.02223144978858568,-0.015645475466047814,-0.0002446174034475323,0.05430959919426276,-0.013281453867176803,-0.0672756218994204,-0.003268092686888074,0.0006756966860520785,-0.019717572674365327
0.0034373923379896866,-0.03342114543328,-0.003501672497394583,-0.015150346674087435,-0.004670241409442215,0.030234216299339565,-0.02410314367422215,-0.063976798557178,-0.00031038409185771195,-0.010723187865828194,-0.008366494750068284,-0.04822738238623163,-0.022857083000455723,-0.0783439645080038,-0.012278647862040032,-0.02975565007928388,-0.005046229254649225,-0.04363229121763583,-0.011618143001394668,-0.03759116025792097,-0.002861159366253445,-0.012559558514622688,0.027673238860617684,-0.003127497415127128,-0.02246961240224581,-0.0074327257982050405
0.003470863135069454,0.04241934634481362,0.0066241025737359205,0.0037905071753021975,0.018796546279717708,-0.009005602427830764,0.06278150519533837,0.03174712984233471,-0.00939785743156577,-0.001036079932998754,0.00839208013513555,-0.013775820689442431,-0.001706585543301232,0.03329226261020006,0.006731628074790281,-0.012145620699081663,0.013647798595166766,0.03444959021800197,0.035515308403717714,0.005750750137411087,0.1066410276735663,-0.011809872597859752,-0.006684025302711305,0.0070093792076260245,-0.0018473451472299114,-0.0015529105716151554
0.025650794384753917,-0.003682231329056958,0.03729154027913231,0.005818959441753025,-0.0072032382282104564,0.011046800987323828,-0.008571260696776977,0.025304857485452355,0.005238090095411169,0.016737856404481603,0.000490145048819743,0.08342659419522681,0.012182034182736739,0.06309093357791909,0.0176879786556162,0.10510350965329748,-0.0011313767087100341,-0.002640903313794837,-0.0046109104474543125,-0.014348958100731446,0.006137689590702502,-0.007230567839314109,0.04000837862673174,0.006970396546639283,-0.006575688932949272,0.02590668169928876
-0.010444761412036362,-0.02046223083543203,-0.013230113184393781,-0.020328146202366757,-0.01387244442299032,-0.05455030932094883,-0.01944283211455324,-0.009454999045038758,-0.02606015634883222,-0.011262150180948522,-0.008721234077868406,-0.03264833417072863,-0.01580705166077651,0.0021727951341169553,-0.010516333920198604,-0.025153679426083275,-0.012275865965527509,-0.020447551907110232,-0.013302123465460778,-0.029035059706872562,-0.11620160757374814,-0.006393482334975392,-0.001880450323831514,0.00032490361630137964,-0.023209832057329002,0.0009678228325628464
0.03126497491988876,0.005192691211353666,0.00850647265680264,-0.0013856123618063531,-0.0024396931027556496,0.014376497757586194,0.040128148822781644,-0.013159043850756542,0.022232625890591756,-0.0004656809721299268,-0.0016657894788092626,0.032682698681446284,-0.005839008060320866,-0.020386002043434787,0.022612469349293094,-0.000438946388446432,0.0007498798361200013,0.08760529353669866,0.003310223290536628,-0.007116500031385192,0.10838668670395124,0.0044679414295928,0.08749094806894465,0.008762003078239372,-0.0021708500708872047,0.022729009718452473
-0.006829644208941325,-0.012409044177468222,-0.012865034771446751,-0.01452363110129569,-0.014602461183279283,-0.048642756812780415,-0.014080647590614975,-0.008947722835447584,-0.0172197685629846,-0.009552866008540342,-0.007037983991271093,-0.021710332951774044,-0.0073394870252087765,-0.03486880044374966,-0.00536810374225789,-0.02775292972888049,-0.011006039204992471,-0.021283432079664176,-0.011561377913185582,-0.016421094898616557,-0.12915984339606876,-0.005623675047065443,-0.04883273340556556,-0.01834892087975609,-0.016006057182019157,-0.012574172266072804
-0.0010474822377731668,0.022746280198467,0.07615834605970297,0.029065156513505306,-0.00015419674869225007,-0.0027605252859694324,0.012526209025692589,-0.010117241174405609,0.034002974461195025,0.014639164021485448,-0.003624358242071888,-0.01691577672360029,-0.007903132849445845,0.05235443458894524,0.002447755621108443,-0.021530919721202968,-0.0023280632535811877,0.019148640354511352,0.013267991832957727,0.01807351884591921,0.008159945094114216,-0.0034733711358552674,0.14003008424248758,0.007334943453658045,0.035717271932503944,0.029613789717955242
-0.026680362290276254,0.014718091388160345,-0.010377857513188803,-0.01534255824296034,0.010561334411238386,-0.03942644777300902,-0.03723191730348914,-0.038819736855337364,-0.019835401953496548,-0.00941968723569457,-0.014317426235451194,-0.06675990309319482,-0.018265533623470314,-0.006629749341211186,-0.000631391560813265,-0.0013085685410955336,-0.020879988366826464,-0.017516666281112196,-0.0006823962690414954,-0.021387190239886802,0.04984210629635344,-0.02547969351778338,-0.03214936726579949,-0.016619540002352207,-0.010344280777771588,-0.014862206998661696
-0.025004706168311432,0.00948908133034711,-0.032523918324846,-0.019301077415769183,-0.04276427064416018,-0.013146446224132398,-0.015690425537974787,-0.039939518140990504,-0.031487983928251105,-0.017580349732021577,-0.004679843475162628,-0.05547508082934649,-0.010209494305105555,0.06518955918647987,-0.01149436547986013,0.018506167338759004,-0.0011673601859791935,-0.009594999173101384,-0.013969196860384406,0.0044723422780753525,0.021415007136863094,-0.026107387335913942,-0.04754910587541624,-0.006802796473077012,0.0015931349379895386,-0.024078860840418014
-0.007515950305901603,0.050645592085474186,-0.01340385480939402,0.02102973989898537,0.01249814209189696,-0.019686766894012758,-0.0030603114571448914,0.06652098710102318,0.025774881166590373,0.004127106579164217,-0.002928627741917944,0.012382140626817941,0.0040036101210223244,-0.00020817666912728764,-0.002122456139692129,0.0135430478824905,0.004351780834496657,-0.0006061050214948885,-0.0044196500038980405,-0.004324481984299914,0.17740511662990338,0.011297808941420249,-0.009131734853225494,-0.0002425222379741596,-0.0017193888633579547,-0.007010177992976564
0.013571650840678363,-0.002295269304844954,0.01501806946456562,0.03294322324212254,-0.0005241538678567272,0.07370356287154076,-0.0009797720350232556,0.029414566506215975,0.0429936877755512,0.012586951905260744,0.0016290474650993236,-0.01531571061412604,0.03173139514437845,-0.0014716196051976298,-0.000771986213058873,0.012878227491679922,-0.0011498451861590377,-0.016392022712624393,0.06831768190802474,0.011612545076018797,0.004005360348971635,0.00820523230965657,0.04299953260580749,0.03010408850544513,0.0527416523934287,-0.00012465772396474945
0.022490116944189478,-0.006515713597236446,0.044544318020141825,0.005289367020679566,-0.0027247417520247564,0.04057937767630035,-0.005509281514803531,0.03532464586340913,0.03422116387172293,0.0064159252103717975,-0.009202072366666812,0.02413101769470436,0.012228381224930272,0.04416712959550538,0.013892879394873922,0.12081621503823643,0.0004544865268478119,-0.007555522369954694,-0.0012918783612150683,0.0036449211522272327,0.006285828207175448,0.0036124183659003383,0.019219301835329588,0.01354682460342066,-0.0060381130299026154,-0.003262223329208458
-0.0003795215714096598,0.003453526874586923,0.05765314659375174,-0.0001844286696156488,0.03176603028349648,0.04476023879500639,0.004941418882418097,0.03169068302823795,0.00544334546532468,0.00399083623065501,0.0033376868710562778,-0.012214310581400548,0.02245191818470482,0.0925279954034352,0.0021851137341275632,-0.015369112282077409,0.0010275547408847914,0.03513074795220363,-0.001630685114765061,-0.006491694016977693,0.12413357943899517,0.0042407371681188214,-0.007741142727710423,0.0016877532626380645,0.010532472828690445,-0.00484578551610636
-0.008463840236638698,-0.015199246128762452,-0.01861821418612214,-0.017237214302900292,-0.0017347634136481661,-0.035354056608051826,-0.01752374379483677,-0.001864348942696661,0.0035929831631855073,-0.010953955511429827,-0.00594008285220554,-0.021657389919537626,-0.0019313156164683354,-0.03370652941906193,-0.007760618054275821,-0.03246885749861916,-0.012359943899547839,-0.021749342414337743,-0.012402566737043468,-0.0189177389271814,-0.15860866354466557,-0.005575099694269034,-0.04544177478831052,-0.021127324414718932,-0.015598785285138334,-0.015966128381156797
-0.0010731066350587386,0.0010432204492286646,0.006331959145704214,0.01184564209457257,0.024781969902022746,0.03886390048299175,0.09032550103630169,-0.0075859638139469604,-0.003578795188944967,0.0013298270198979386,0.008173348342238134,-0.02189803523379702,-0.0016191245456913343,-0.017927866190607274,0.0016234149914840005,0.025695741987250848,0.008710082382198673,0.03734427415001874,0.03139725344867137,0.03621099978457439,0.14129439219714107,-0.0017560970675235188,0.017471649036179527,0.0021383592393082887,0.002653430519688026,0.013635461057695926
0.027273873385702477,0.013204061185612901,0.005576080018800049,0.010970934924465749,0.008150885391054899,0.006270013954902641,0.06741978933648654,0.0258561055575919,-0.0070957893023734595,0.006392294181339517,0.010102515618921991,0.0072251456102660275,-0.001788367739892602,0.0560566828243307,-0.0003927476776757449,-0.018290798377438935,-0.0027257263757519356,0.0010508039183839432,-0.003196449088953283,0.03230261145193698,0.08062853146570031,0.010062011704949388,0.04295736377913504,0.008151821855246731,-0.001373142516639958,0.016020338508742554
0.019739754159850784,0.002628718541257753,-0.0025649710437506876,0.0004211592555453694,0.01982881030032632,0.015659418591499996,0.014021790083886496,0.001158835922360264,0.028402099490431473,0.0042188021992264615,0.009815573996470237,0.03796160305110132,0.0050455730336013745,-0.010798964362851195,0.008429750838810028,0.015062675849984644,0.0010043622525790037,-0.0049840475807161585,0.01675444210056052,0.0035081058235675727,0.24495750791908166,0.011924221777475824,-0.015647272881033843,0.016985090356541117,0.000659031862381727,0.0012393670534210385
0.001506208461407334,0.004152813061694607,-0.019871573206788076,0.024598846208510786,0.009923877340731963,0.07204085740768959,0.005246162653990095,-0.008555767646293429,0.05600899491975039,0.007886814014892553,0.003276649866205582,0.026020425717451584,0.031031333227114013,0.01071687120213401,0.004919509283843477,-0.02308762358277026,-0.0010043965215169608,0.05246842774682628,-0.005157426254351493,-0.005300314548669246,0.07004598213150569,0.010787512434017916,0.07741996479987433,0.025558213702072344,-0.005803749971935316,0.020602826144183243
0.000277926768270399,0.09510597424862122,0.05136093315274576,0.05458550265178168,0.0008583985082276502,0.06608555184096034,-0.0031096312502508494,0.0069109229381027005,0.02916800905036767,0.005484483450423313,0.007566651348454779,-0.014585177468567904,1.3812635238119706e-05,0.005510880082398089,0.003958243445728755,-0.010694696683701686,0.018499998180673462,-0.004977766829605504,0.028283660271630477,-0.010546454200970244,-0.03741198888282812,0.015206203226214604,0.08751643951785017,0.0289171390887263,0.014667737156784013,0.006778686344278792
0.005177340504281195,0.04162769088465294,-0.003684269077359213,0.04543124536141678,0.04560406152688421,0.07340892491212378,0.09388531352624582,0.019038917625115167,0.002788765296673508,0.001776435170844494,0.012806731031091166,0.018628456507659912,-0.0018235094442955637,-0.0013406808582624157,0.02305523972681982,-0.008239473342811063,-7.645208724673026e-05,0.00417198945125968,0.0019013657203995648,0.0005180977071623872,-0.08289598836256118,0.004571712193220149,0.07020189003017006,0.0037993312179383882,0.03336677856659526,0.0017315248036017176
0.005744238353864481,0.1319840002873719,-0.003691362441299324,0.050370080358758784,-0.0032874446817183454,0.09846179942199343,0.011167004949987833,-0.008235192383943159,-0.0010516301669685083,0.02002014444208994,0.002006305327179942,-0.018624211690497272,0.007129225449847109,-0.0008760998536220397,0.0003229784819116815,-0.0010893181756580124,0.004033293932612386,0.0008022314323224073,-0.0009301151026198501,0.025508082831474217,-0.018561664368047442,0.007777862064944867,-0.034447748002255626,0.049706847409327286,0.008139965727176799,-0.0002811683461777322
-0.007093224785094802,-0.024173294726514406,-0.007140209007176484,-0.012007150409597135,-0.022500815412132363,-0.062057877629467316,-0.026761766539185026,-0.03161323877196694,-0.031171687333649972,-0.013884428944024977,-0.006211248840219778,-0.04078509652436749,-0.006856999371335097,-0.03769691273683408,-0.008699145128693457,-0.03227245880886915,-0.0108062737457611,-0.019624297497204294,-0.013847403405068787,-0.0028263837476005813,0.004049734231442866,-0.010597160686036833,-0.06751977095499978,-0.011066001253435646,0.005888361535639008,-0.02396047758290301
-0.01259826843958513,-0.019101943009652057,-0.03293439684305304,-0.021706689775971486,-0.007887335795626067,-0.021254393335964863,-0.021340600536174148,-0.030335014272258782,-0.008292348910047724,-0.010329128732559126,-0.01314085812525653,-0.047625898235139075,-0.014891700709530395,0.04911013386594488,-0.0009090482500192817,-0.025598313721274118,-0.01150420480141945,-0.016902284837677636,-0.013043178299088172,-0.012996544566224948,-0.049996823214218146,-0.007867199342810707,-0.07214312228054359,-0.018092788857069227,-0.017123530854070115,-0.03939641286239731
-0.005573422611119068,-0.029858574175564503,-0.003970017312998106,-0.02639133159957474,-0.010582509557217908,0.02731280525262536,-0.024839775863421114,0.0028688084688479176,-0.003955370158417399,-0.010969721574178883,-0.004478701234001636,0.0090124457616873,0.0026601307119670397,-0.0536751910414075,-0.004251698103334448,-0.027872527678413028,-0.00878444678728394,-0.024101564770515192,-0.020328975127638496,-0.026583745555273763,-0.17144553434017618,-0.005374149688234234,-0.04719049943393941,-0.0433176250166469,-0.024307389608771476,-0.018569980366373834
-0.02160360517929726,-0.027072091174214503,-0.02850816154910268,-0.010887632715910705,0.010680100162708622,0.019865801847429157,-0.01681931311529765,-0.026810650358042677,-0.030806822639611434,-0.01365394312846886,-0.011125285329182341,-0.005178024473429405,-0.01261697719703579,-0.030958819723280732,-0.006617091565979966,-0.004208854359979358,-0.00974266525561015,-0.02752727806524986,0.01745665649651617,-0.025844214354945008,-0.04540970566770039,-0.003383361723664457,-0.08685144261750984,-0.005566931120566598,-0.01351166508865368,-0.02286658351248463
-0.0045394215340570695,0.01147344519809576,-0.0018411679410179206,0.04623214728223767,-0.005052688808179732,0.08701688899403087,-0.0019907871545395027,0.012817888568085033,0.02023596211198067,0.0008010166805609276,-0.004375077727304757,-0.001765165253282989,0.044014546114864966,0.013124648683984823,0.004813435969531363,0.002690247372487681,-0.0022195973582607186,-0.003935408484156595,0.016329875338127187,0.0075310379310184715,0.04934256650894418,0.017257658620086574,0.09291661299260012,0.02782954577088321,0.011160458843366392,0.005562769871589086
-0.008732450443114825,-0.024855741812886606,-0.022619493836696983,-0.023229397031213118,-0.01187697111357329,-0.026450360860243848,-0.02305749031196644,-0.026386857446449568,-0.027554075778606555,-0.008639438733692066,-0.008939654541956731,-0.043885503656011425,-0.02000791008360696,0.02463036096329417,-0.013481895360511312,-0.01460894616973426,-0.013823809172246742,-0.015306087692259326,-0.01223517582688131,-0.036408284118441506,-0.12108078020380283,-0.01040362598260099,-0.013351249714108195,0.004728284210433138,-0.024283537808605586,-0.009375135549579198
0.0007412127869492981,0.026975819508361185,0.01873452218178269,0.031859457565600255,0.0029918998711893153,0.0033087555582212796,-0.003637731083321794,-0.01432238958812011,0.0017780339228680936,0.0052121855481144655,0.0007043541633496606,-0.008233667974979085,-0.0026669219979348203,0.06733602524912423,0.0008019894926444223,-0.008965358463162796,0.0015827515952077313,-0.0035998249409363993,0.000714484149296185,0.0382815455924685,0.05050034633866859,0.0009554531642675817,0.14726290793732708,0.01458191890040457,0.054997617142123825,0.01420271863877103
-0.009772781781419106,-0.007960936258977085,-0.014046469954547034,-0.007272250220239096,0.019410672778513556,-0.05669673255917774,-0.0237005789906533,-0.0240284448254592,-0.02145322314397448,-0.00039642201444878164,-0.008266403578062714,-0.035726903011217566,-0.011805716030268964,-0.05980191850926779,-0.010033658544737879,-0.030047990751808654,-0.009239055513569091,-0.0166576690498038,-0.012620995191725059,0.009101453183271806,-0.01582494046937905,-0.0027357786862963287,-0.03038493303506477,-0.0024650186254847888,-0.014108754915646919,0.011296953650527266
-0.009359670650437434,0.0027957641150464486,-0.013565297929163963,-0.016756988049735983,-0.00797404068392468,-0.04413674919311295,-0.0192865777249694,-0.011038049536723807,-0.019626771395504707,-0.009348427660574896,-0.006206320650438052,-0.024830551000029316,-0.012040195979829674,-0.039874228964288334,-0.007792465767128416,-0.01750014958277393,-0.009038266271877744,-0.022210776525023103,-0.010350444183157665,-0.007199614337557473,-0.13686825983315193,-0.005478089758787833,-0.05731206811068918,-0.013669487844360088,-0.015382173068421478,-0.01718532748864226
0.008933141213273547,0.0013129224182441806,-0.002291497984060954,0.0024049506397963863,0.042631117730665746,0.05097949837513909,0.00596569915404557,0.0057186240065987305,-0.007198185100837721,0.017257436558365105,0.007274064855108149,0.013569106295446363,0.018567248290776685,0.04997291379035509,0.004146099137501472,0.03855330719016372,0.005441417962667789,0.04333567325443797,0.012170154645075665,0.00811552789101454,-0.016161298448028185,0.015783597444011747,0.07266923994059771,0.0193151508356935,0.012213030224549963,0.014752498271124945
-0.005595650344104064,-0.01553309267287737,-0.014971429359640825,-0.01696722767823671,-0.006818036856259417,-0.053193098705965926,-0.02170644702117877,-0.02085446589124206,-0.01850540396327061,-0.011418509541182828,-0.008081498620515618,-0.03006391370869527,-0.01163082598314016,-0.027143707023048323,-0.0007087816470643385,-0.027290150883347238,-0.010108221666858885,-0.018220597243064254,-0.013578001909808419,-0.00843681752797581,-0.12262621680804968,-0.0022601496877907696,-0.048005260598053046,-0.016241205432418332,-0.016018272552636267,-0.008591578082296328
0.0017012032408750507,0.032467893525994856,0.0004723146094632765,0.006626844538928746,0.04060081657744838,-0.009083087234035761,-0.005542994219893863,0.06189864910822548,-0.004415649119627598,-0.002396817019292716,-0.0005226454972085232,0.05615183302755826,-0.001804390942412393,-0.010691522879160847,0.00032012314458579533,-0.007095217892334845,0.005295328438097252,-0.0008460739126986376,0.04563479473613626,-0.0019308944764240233,0.18900412856523105,0.004050506047652124,0.00037836879306067005,0.00767349339956092,0.03237251771644822,0.005111916315488616
-0.010578824320933997,-0.0180633548004329,-0.02707177747418738,-0.020163089410968095,0.003040566312812518,-0.03874479957582927,-0.022077547078093396,-0.005684367166592955,-0.018716068013844067,-0.006121400142458783,-0.005213618687869554,-0.029136851848823142,-0.014468938839190757,-0.051595648273809004,-0.008514131355704864,0.003671534642795351,-0.004039290851566346,-0.01824670816651572,-0.013685155371640898,-0.019752145285542977,-0.142682249819375,-0.0047135355071237315,-0.03685442071920336,0.00526933598547589,-0.019796509316933844,-0.007296232989261305
0.0053901480633677425,0.005395277131740382,-0.014994802944782285,0.02768982074765707,0.014025688800197353,-0.011244836356594868,0.006399401446635088,0.026838328019823752,0.0074314307980656025,0.008117737741093624,0.005577914954412077,-0.013906666174557453,-0.0031463515006662376,-0.005863260194336953,0.007388958216231471,0.06005318713257286,0.02025679157855934,0.08421461835849776,-0.0025465786161012146,-0.0028714892735237705,-0.07263733514135776,0.03731535404088659,-0.02223963715039971,0.024740937810794148,-0.005045815165185551,-0.0061851615083489825
0.006106495292277929,0.017613205473316313,-0.007018821918337908,0.0033038376405479107,0.014658256935625133,0.016843859075331268,0.008386234931919846,0.004239202061157312,0.011407907991456934,0.004103593050830779,0.02304093457903504,0.026806454795131503,0.0004295600787253496,-0.00037928483904674465,0.017434883639281543,0.0018842001630033653,0.01451689938942292,0.006097320158415873,0.0021753165578335515,0.017867991238897863,0.11555874203914504,0.02981373211739633,0.05734459260235941,0.011552827571866023,0.03838636912428934,0.003257128841809481
0.018956642179609295,0.03381145103080312,-0.0016478470667009163,0.0045331862910640165,0.002877983007847268,0.02950699737391319,-0.009712457411470882,0.03647468148742359,0.027547000126937657,0.012206400463861788,0.0010518549193708206,0.06867230781578969,0.0052784810527165445,0.06684078356954873,0.01735835407362137,0.10366768777190928,0.005339317767143516,-0.024479728823757888,-0.0034893375198390814,-0.0012082726127584896,0.023033114157423352,-0.0015956256334738305,0.019549105884000474,-0.004761870481993207,-0.005945811740798909,0.020455929798313406
-0.04191086533910674,-0.019538786540171743,-0.010014483063820943,-0.023569168523894367,-0.004459896336846663,-0.04709599767216411,-0.03236807951701783,-0.02414507195132437,-0.013175773253142935,-0.0184707533091222,-0.017925980010303034,0.00582139819301569,-0.011260806767677321,-0.07034625984171289,-0.010189672067822408,-0.028930888415003832,-0.018148736708298085,0.04628278522428609,-0.015002512674805624,-0.013754468272171388,0.04286918274594713,-0.0014542904947062142,0.0036771639429401246,-0.017014871827482306,-0.02228842686991009,-0.012153302058067118
-0.0034603778582339246,-0.028000959664489348,-0.025186310923959343,-0.0008881807402194138,-0.013157753795264569,-0.015682174025599065,-0.016240654384733873,-0.01848998106717496,-0.0021310983290423378,-0.01065266478186483,-0.006568454375673186,-0.007898355857753805,-0.012166254381152446,-0.06932551542532983,-0.008079253035621218,-0.03217903331664175,-0.009953870702905666,-0.025201114979647752,-0.015869555050914703,-0.02132962080981778,-0.16833612366785497,-0.005119370806192801,0.015369050708331108,-0.019223278350798165,-0.02382017214389983,-0.010977483641756615
0.021467923548136557,0.009798335157343022,-0.00028237673013870425,-0.0039651228724255335,-0.0019184780081599293,0.038556841909868036,-0.005213961051837909,0.02717470522567717,0.03570988887639074,0.0021633399367557765,0.0004266867800255718,0.04212897073409059,0.014252943973993902,0.07507285173221538,0.016451154444414313,0.09889042627440221,0.0034281342869103195,-0.009664950343456295,0.009335476661932244,0.015527368727416403,0.006543347898442603,0.0017418440216849622,0.01054621995699885,0.008599244647029148,0.016137270524960706,-0.004143314387710356
-0.009369072149736844,0.018914837884766066,-0.006445702264883307,-0.015862979608060587,-0.03516781475680605,0.039801649747462454,-0.007297765080995657,-0.03277768215271897,0.008392608489211159,-0.02467035655484026,-0.004298209684587196,-0.041050205989737486,-0.010322088526024738,0.04514325114505354,0.01167690957169115,0.09439573857404483,-0.006086328415721534,0.0316266957692617,-0.0031686272352276315,-0.035464209616649416,0.03663362642947931,0.0029895109641849527,0.028253051869597867,-0.0033484881498023304,-0.004368731826567198,-0.020198179840819886
0.0027442393467127274,-0.0009117531155215299,0.05266510813948719,0.00877492918366889,0.04406916065657187,0.06417338755431329,0.005378741069098756,-0.006090959399643509,-0.0014536995788396773,0.001755655905330177,0.006850447186304699,-0.017755332866532622,-0.006153877917216847,-0.007764646353811981,0.01295440656084227,0.08543885427915575,0.008662336261105958,0.0006525808858229327,0.03293470226437257,-0.006639340972818232,0.1263171812010026,-0.0036539390073360794,0.010285424058096905,0.016646566474038303,0.0161241192661919,-0.0005728524887552687
-0.010231891297562827,-0.004953291986177954,-0.008501626468151098,-0.020465614353697214,-0.0016686296916381311,-0.04294635889428974,-0.019332664075854683,-0.020026042139345803,-0.018131369051348135,-0.013647089584266197,-0.006815170921243381,-0.010605134310042485,-0.01136359398310538,-0.053630510224743744,-0.006244721277031604,-0.02726537445001646,-0.01007542874575589,-0.02542005923558594,-0.010535428416310732,-0.01047585205767973,-0.1463339508817615,-0.002865798664468061,-0.02644468208196813,-0.01908152516569367,-0.018578842317859078,-0.008927911133201826
-0.030878842765964733,-0.021823706655930367,-0.07718622812312258,-0.023156738049257306,-0.026221214134270397,-0.07816608974151931,-0.027311302639365147,0.00045208691137344615,-0.019689917214887744,-0.015467384453759102,-0.010845360197150624,0.015930034881157146,-0.014538662165732203,-0.039946929043003836,-0.012237313799147793,-0.027429585872657883,-0.016790046048850094,0.01609347847492986,-0.02271195040966444,-0.027639790434046938,-0.0033100746472586695,-0.008008682087718157,-0.03794670273242524,-0.005995329999575754,-0.018556957841191823,-0.017852019286015725
-0.010829731918492149,-0.01562100795366078,-0.024525458905834834,-0.03141342851078515,-0.01337739175640867,-0.07829917409767304,-0.018704495994501916,-0.011344836740315485,-0.008698163622197623,-0.0077748969058947116,-0.007355493451105254,-0.0022851753361831173,-0.016164500208781532,-0.06635192698580379,-0.00733127167184562,-0.016286061362220088,-0.007098424508194313,-0.016706762386348082,-0.013657615401083279,-0.010939543263301084,-0.12600285907448577,-0.025270831623848116,0.012646219419862628,0.0024223476790650334,-0.022679704168029606,-0.010918372660452712
0.023224419758113273,-0.00628870578446786,0.07414138808635588,0.02345199690575988,-0.0020504603895285132,-0.002413684595253523,0.0030165172846952585,0.019848870632924738,0.04864185132810182,0.0060051292055712125,0.002641262610355593,0.04249357359152524,0.018159597990147498,0.0654466130368468,0.0034159767781636466,-0.036202604668681686,-0.0016071186738520389,-0.0011589887182378814,0.002204346622805705,-0.0029438590075017254,0.0947064243435014,0.011908048238438653,0.0650228469932383,-0.005772988207831337,-0.0058436144569832945,0.005384599687416365
0.016680657628470028,0.011874722895392126,0.06870748948065122,0.03771862999671248,0.008753207149903528,-0.0032511675153417156,-0.0021299314999786326,0.02948167155312061,0.02571610577512547,-0.008555463968664606,0.0008127693894323557,-0.030918819391724417,0.021545134601076342,0.00040934752644516324,0.0025624268260248037,0.0012404418358229036,-0.002304021344744669,0.00282119307723137,0.029111211236915856,-0.001256311185563121,0.05574682980922311,0.01433062231185557,0.0872216879894999,0.02542195994154149,0.06109182560374208,-0.007400781130538576
-0.005278068968281768,-0.0009010002508930663,0.03928213642572748,0.016408625348998677,-0.01071805733646428,0.005458029447034046,-0.0017105038510701908,-0.010546610244293726,-0.0003232713763545732,-0.005043839950437044,-0.002359267321518501,0.0704741615605533,0.006200808646666093,0.05798523461542222,0.005068744984592082,0.00018651864259617245,-0.0006825619150318166,0.026443462469374096,0.017231186678764065,0.023515460092208153,0.08625095688063618,-0.0016134838717447551,0.10602520556533065,0.00044484955024114744,0.01984884464100927,0.0037838781285541453
0.03609472921355757,0.00945020019310277,0.012559828844530177,-0.0005943382696923431,0.02228824680682746,0.0882581902758325,0.0032331876340089766,0.016977404669114175,0.006994172294157173,0.003075944810003715,0.013269435108477088,0.1010925175361657,7.439514618653867e-05,0.006207697475166376,0.0041154647758023,-0.02618134457843585,0.014646064757586542,-0.002992523208039244,0.023617235147189393,0.022639621011016804,0.06793929993169968,0.0073464372101277615,-0.00023514421996719822,0.01108609517107464,0.0005429856822997599,0.003925635173700428
0.005325231913191087,0.014289333026177523,-0.011140855804522617,0.016543907872984306,-0.0017563149397184369,0.04169938137784323,-0.00515830230419563,-0.0010158419730253666,0.005246204790288065,-0.005251726549171088,0.0002502593246641631,-0.019187956372111334,0.01737503682778982,0.05907435997560829,0.0007987175995378706,0.02330674435923005,0.005943734903890623,0.0025577705666523635,0.06284438711601104,0.04414518049663202,-0.04942313317362005,0.0039174774817235,-0.03335414091865614,0.017582642203514718,0.04634211671342553,-0.022189442589010493
-0.018538902982498013,-0.02738534158612998,-0.01377418931744364,-0.015324542823459705,-0.02211645241818534,0.0177449261927573,0.030681989931386204,-0.03361356688767851,-0.035206038255345136,-0.016512269547904485,-0.003644871853906966,-0.050128616656959626,-0.022800035265955573,0.0003108056464375975,-0.009301665597502055,-0.0100735022557161,0.0038509220873628332,-0.01594079241717261,-0.010663563895985969,-0.018841920573202112,-0.0469425564069745,-0.008038821244969232,-0.07975627255276413,-0.006497342862805448,-0.014483545600696535,-0.04090572759639169
-0.0007356115150623231,0.07307419290691398,0.035393473117845346,0.011627904846915773,0.02335801123068466,0.04441820270605089,-0.0007491123554793349,0.026699676704599478,-0.010815494505727732,0.01772020657608559,-4.333070843320999e-05,-0.01555856767938237,-0.007844076949590403,0.03162758322517337,0.007264877147544798,-9.849603087197972e-05,0.0003123124482415383,0.006098998548571645,0.0021927443349188083,0.0157951084080489,0.1227975892574669,-0.0020371104637808015,0.02018276291947469,0.00466019582337608,0.0008974939651714593,0.039191904632849
-0.008155751016797412,-0.014309762989029773,-0.03537497146859713,-0.028901230110963794,-0.013550344197826298,-0.06926023469015892,-0.007295234206774696,-0.01001526068659478,-0.017345225755463337,-0.010545747754947108,-0.005178855825470713,-0.03022776315664271,-0.0183662607994831,-0.05216930339658961,-0.009478101991066938,-0.005232786604229937,-0.012717246422322174,-0.019770649129987276,-0.013014912340200375,0.004939705062943295,-0.14165112527756304,-0.011172868666845474,0.007226509702430118,0.013223805280248023,-0.021332562535168947,-0.004892382431271589
0.0014192639369815005,0.003090886429794315,-0.010439309574226669,-0.007446076288782194,-0.0023384215817126093,-0.016471997262001062,0.000329070143793273,-0.0028841403532410396,-0.010861484618768793,-0.0014457371661428743,0.027421196841171443,0.08361838161882988,0.009744801320544784,-0.026204762706112897,0.0020863612452976335,0.005895804933618154,-0.0037163890748914317,-0.007559191941300778,-0.0008468038481978116,-0.005498403618075703,0.1183508783738594,0.008053129133360915,0.026422049310103505,0.01481852352451672,0.005082077069512497,0.001259784691747659
-0.016461226141920027,0.0052238579277752864,-0.025937149792769773,-0.011470987328375487,0.005980860742435472,-0.04659195743505529,-0.03943329267565799,-0.04036301937149705,-0.016503659063002236,-0.009957783832124322,-0.00801216949509746,-0.053675188454351846,-0.014462347587524826,0.02274511546206814,-0.01741720944838773,-0.01016545451238372,-0.014537306635996318,-0.021544727387926916,0.005501024494233865,-0.03580602338354805,0.06531641454898635,-0.017646997779816074,-0.036129531725853106,-0.019122699508510248,-0.013164037895737297,-0.014266398461682393
0.0207894792711377,-0.0066942813129114405,0.038963026553135834,-0.0027045543178166234,0.0006331009803508976,0.03321507144257252,-0.004739802223128767,0.04078925890716209,0.03623872143829896,0.01278257784325203,0.002839175814990883,0.051697978957782206,-0.0002375005880702024,0.057991673595880366,0.0030029811587937516,0.021764213559906116,0.0012707685559029069,-0.011537979794551257,0.0009924353293999965,0.004688028717941097,0.06833576548280242,-0.005086341027275853,0.03394610968507738,-0.0007819359472670593,-0.0049240481959999145,-0.00446915196241985
0.00703108354105328,0.02374798957962516,0.08057590317404657,-0.0003422968177995345,-0.0018713249371950485,0.06291407381635505,0.006836265654799106,0.023603559935277147,0.02299056628155114,0.006629138807811731,0.003759235363240712,-0.005466518231616444,0.018468037775476905,0.010424558476034268,0.0014015035352759556,0.00011104664595122761,-0.0007361332996940431,0.005545836324215989,-0.002894441075600122,-0.0006811712981082096,0.06191579527364903,0.017933438562947056,0.09707161389593191,-0.0019109849147373788,-0.0036092057173615754,0.01198386824063228
-0.012613680220394455,-0.02518195000231502,-0.016709193014044943,-0.0216960409087898,-0.017468393027906454,-0.022578666542234935,-0.018480756188716727,-0.012423322741421897,-0.007837196387406318,-0.011003959640404385,-0.007760491025276016,-0.03193974367569335,-0.0045840078759433545,0.036289310994372534,-0.012186045452290089,-0.04366910972998728,-0.015819224603307595,-0.01334727025978736,-0.014891865456386336,-0.032546619651567237,-0.13702585919547658,-0.004449118758121719,-0.00970129166484287,-0.009882151746925366,-0.02540692009922282,-0.013321661200636792
-0.008946891665229124,-0.0113529190959832,-0.02303940304794455,-0.02986708240042117,-0.03366489883463065,0.007397378802216214,-0.02506202814565475,-0.0272290157903832,-0.008333650403419561,-0.018979794947902584,-0.017596297208085785,-0.02335665162107966,0.0017707960851795898,-0.032533833652131354,-0.01635902170600402,-0.02544692666567236,-0.0245440870036874,-0.05756498925643633,-0.038304766587090595,-0.03382529424306375,-0.031365760990626504,-0.03176427306297758,0.012895317202128258,-0.00640376225599977,-0.016830866414379312,-0.02092650516580464
-0.0078008451283999684,-0.013201751531861474,-0.031387121527364815,-0.007780535403357138,-0.014255879286259359,-0.06868382960531053,-0.0062440872243790775,-0.02410193681029407,-0.005137706066420067,-0.006264767169698074,-0.011597170713798169,-0.03987918778101783,-0.013597041750855902,-0.03182763877825288,-0.009894122355454215,-0.01908842534691041,-0.016952203898312576,0.04495014650372364,-0.007642790034387167,-0.006046885256960397,-0.10760570831171772,-0.00401890770706384,-0.013166487985058869,0.003650652478837683,-0.0062013775573705856,-0.009015175382678368
-0.01904111303426313,-0.04922930945897851,-0.01814695510088108,-0.010360250795705211,-0.027284814549790024,0.019337409405539283,-0.027361719972261923,-0.005751858600408851,-0.0126514847880415,-0.018387180163051655,-0.015899100372288113,-0.013247285210389021,-0.030116140382040316,-0.06970824338719082,-0.01270003622489025,-0.029561803104777233,-0.015829156269096888,-0.04854984222191684,-0.01847628908255396,-0.02904269573258675,-0.03704680273105004,-0.03207940175051635,-0.0009515180532107545,-0.002146853146456685,-0.010002206592703657,-0.020333910088834107
0.014734320346868949,0.006136274008942994,0.03381788608503752,0.013040557188332596,-0.004599494309771344,0.05286014757286758,-0.001810238312825381,-0.014446092060081808,0.008673783902788675,0.0076684725646392615,0.008973932602336329,0.0353640861990219,-0.0022367593603677626,0.004510424290192389,0.008072086949948164,-0.00631181107171039,0.009986138925431773,0.0036435488890212164,-0.0008821688851391359,-0.00016013934742950339,0.14512016212437026,0.018673175646476917,0.0683751543501741,0.025456772075037912,0.002088875594220386,0.008682342623219949
0.035163815361743206,0.06758262805309592,0.03310842539309092,0.005137108327066988,0.01611277704486736,-0.015998265132662066,-0.0015389398276057951,0.01907250072740058,0.03661214267526206,0.016668936901515736,0.004518727036003454,0.0673772772975243,0.008340741023666842,-0.022181503359352258,0.003399250463589248,0.0046290359651796386,0.007651836605615954,0.0004488779155839226,-0.0008104818029904044,0.000831260978386047,0.15541979113257565,0.008796454251284036,-0.003296582881110458,-0.002414757167483233,1.0975399322415049e-05,0.0007894062100583169
0.015745297807556832,0.0847510649243377,0.0009586018164106564,-0.007074855553730263,0.02920015017573835,-0.016969403756013572,-0.0006353750019103992,0.027174258962882825,0.0180895669188872,0.020718178427818538,0.0012609027207990784,0.05794308600517715,0.009786288933854428,-0.006013629279976406,0.0018337909808777166,-0.02012207943418865,4.6416528330515436e-05,-0.0010913447494519603,-0.00013067241229669158,0.013232316060838514,0.1576049799528734,0.00912294798152754,-0.003380122383448894,0.005729862851670516,0.03325525626411188,0.014395953848911597
0.03021229063942605,0.04742024858326807,0.05251536342524464,0.0016196330922460093,0.010599315969431538,0.022151854235951365,0.07402286156538981,0.0063738750840216666,0.004306465638421851,0.004138593134980202,0.0009179009561133204,0.009271280874175938,0.018665578562525417,0.0035844938959209197,0.010074388960321538,-0.005616852996007364,0.0234513235716536,-0.0013809360219516657,0.032541686088161145,-0.0021646025570883102,0.05258467847445803,0.013655481273238214,0.010884134290514531,0.014979433227620175,0.014357151609069944,-0.0037342029854711863
0.01894918248390605,0.0025367841147566393,0.018454893918065218,-0.0032080206543686498,0.002767487923804374,0.03421022917069941,-0.011374747724108075,0.040426845972896315,0.026179997078727774,0.011962767495768963,-0.002304091378627958,0.06805531792120682,0.008399021225678224,0.040455772393282075,0.01279344609806272,0.09587654214887084,-0.0038101605868283415,0.01274818539492514,-0.0028573506169838714,-0.01197087248109385,0.04713704178230185,0.004538272663153888,0.021051170631044783,0.007680312475687933,-0.006063270515929821,0.012796681656724962
-0.004806481089368622,-0.02394751592390214,-0.03749313270226962,0.003065949349349761,-0.00817662403153321,-0.09232178546639505,-0.022988515643399966,-0.029980352594315317,-0.01847875692512617,-0.008187197712851872,-0.005402666528591783,-0.03291358820742719,-0.01275310447158192,-0.07097830405609905,-0.010681557311282173,-0.01597474147452325,-0.01169602282897884,-0.037567602324135946,-0.01512253327756811,-0.018762079015871905,-0.04038283431475311,-0.009338485336782765,0.02856436332669202,0.0014919574446345877,-0.02316316980921592,-0.004301053210391774
-0.01392987270623194,-0.009657054849980305,-0.009871675419990986,-0.01755175503658107,-0.007451652404191059,-0.05711680780081998,-0.02164377615043613,-0.0021806407469242657,0.0069088313706131155,-0.00769788486865114,-0.00654185908683775,-0.005515947738048505,-0.00785311051675966,-0.0541923208457869,-0.0005452283910559343,-0.03457532772024485,-0.01143504382696025,-0.012760152741914681,-0.016687037435097085,-0.017483079360478427,-0.13833493041108297,-0.005047772394386153,-0.048322672237521264,-0.01898232463551505,-0.02120473783615653,-0.009478060950403464
-0.0015879519756757268,-0.03269534070506034,0.015477420786658083,-0.01599171672911944,-0.0036554447329868504,-0.0007204222498269872,-0.02415043117297868,-0.008859962983043142,-0.050084101492730335,-0.02882990652643319,-0.013920568840239435,-0.04669200590994032,-0.017618589405704155,-0.011594539171293858,-0.014762068618391851,-0.040434240784711854,-0.018475343691649968,0.008056925487653606,-0.007319211881969213,-0.029617129577942367,-0.00020395693905308023,-0.04678948442461273,-0.048378289540233446,-0.016558812657346638,-0.020986627240719362,-0.024843427097517086
0.0017604417420530498,0.009819736328603841,0.0037033971324654403,0.021189423381823308,0.025400921106403317,-0.0003708813736744076,0.0014969398980142466,0.03017745843270589,0.03613549143101498,0.02813595233419518,0.005006204709765573,-0.024863945220508176,-0.005517839753212958,0.07768838665548948,0.001361129844523719,-0.017274880830054625,0.00881331274004354,0.06081170592642092,0.0004587139873771475,-0.007442109580166055,0.06560726500200252,0.01414355085010542,0.06564676871542101,0.014530329243367885,0.002069370358720814,0.02694459552871468
0.01815908437320301,0.026304291067778755,0.04220834432608785,-0.004469924200713489,-0.004992190480730534,0.034922604125489656,-0.00735679572949332,0.015994110606047728,0.02140825870658227,0.016836135576902406,9.49457690300386e-05,0.07278885316557206,0.00679345021629517,0.05629268728419821,-0.004824393291098944,0.09744242597773387,0.004705257000269994,0.021759428006562102,7.06111578450777e-05,-0.0024652684044509502,-0.06442484379082095,0.004115811679942804,0.05594644391927233,0.009205833752193224,0.0035170956522083525,0.022065848792371928
-0.0072032115602120176,-0.0448674091665134,-0.004502929901606061,3.2631570614539567e-05,-0.016979479022552566,0.01658505872581631,-0.017496259055281682,-0.01331744062579479,-0.01964759563832999,-0.00530761760012997,-0.008319366281759659,-0.05211116811715493,-0.030427685287982367,-0.020634884218871524,-0.013506467238999311,-0.02989881520854357,-0.007248817027284543,0.02015185389879045,-0.004992690680438681,-0.007945248962227648,-0.14079370389143894,-0.023643933688344915,0.031155872957757257,-0.0018426709673633787,-0.02445019385007369,-0.007356390570452084
-0.004708884825827923,0.03547044712078345,0.031909424706815515,-0.008384996049409033,0.0362280799923154,-0.021734426057328452,0.05610650334116398,0.019520450945894788,-0.023807477674662066,0.010256271598419128,-0.002253169564671525,0.010739483983016744,-0.006561803492403663,-0.01144657949115334,0.014233486612706004,0.10100401625783526,0.008561871106045116,-0.0016334208349985952,0.02444946316064112,0.003283470302097314,0.10092519589664711,-0.0154215835452351,0.012128097828397811,0.002698347169315938,0.013904960999312467,-0.0008691242274360676
-0.0005078628552787954,0.009837127544336416,-0.03616479539629099,0.0025309764093436986,-0.0160410821456703,-0.04803736523118122,-0.022232591696399948,-0.03866676055423913,-0.024598448967004298,-0.01451303485558828,-0.007292142026801627,-0.039285936882213816,-0.010635512446716143,-0.051283467026956575,-0.009386597103798074,-0.007859887126716475,-0.007992187725981495,-0.02522246563078498,-0.009903984769559239,0.0003082106954404147,-0.027312353337681155,-0.004138761482074363,-0.06750616489696598,0.00042145071214307435,0.003352797768603725,-0.01910438904699558
-0.0024765344692943025,0.01650162468455718,-0.00596016596345356,0.04973619919737697,-0.0008666104199242025,0.005799173578123059,0.026365308379888264,0.01509223384080315,0.007354773363033085,0.012971655480608094,0.000699955480519782,0.023719360805854767,-0.0027857218492132216,0.0010302310639289808,0.007041577148217526,0.1720597701475865,0.0013571133368964784,0.00368914029121023,-0.00017011259133462765,-0.0033184739912715993,0.04347544582873346,0.009755359989841138,0.055320258474595776,0.012382367659931783,-0.0008038506617824929,-0.0025386402139164275
-0.013655228850670777,0.04173628642970685,-0.0057295596359054,-0.010005827527218767,-0.02202211798525084,-0.015969948183872894,-0.02282691178369831,-0.024573415895013932,-0.01761985620464181,-0.009934198878999809,-0.001517133312593988,0.05875494066513707,-0.015541058691686295,-0.05849515174769845,-0.001217967417376016,-0.03088141553992045,-0.004253110602054829,-0.021387804405542256,0.016672749228053396,-0.01866429253729938,0.02973183282417178,0.00045214316293483393,-0.01940016932431542,-0.011579730506831849,-0.01909086384846857,-0.006217417505962919
-0.03864951738648821,0.004276862451621193,-0.01637364824926931,-0.015965226777850356,-0.0354559520804171,0.0004948331705927319,-0.021644742935721363,0.0024080715674312755,-0.03089242086226821,-0.027886433190119905,-0.008298141121365886,-0.044524766547895174,-0.0043216264156817966,-0.02697126928754359,-0.009328410658616408,0.021296696523409587,-0.02796515835387341,-0.019757570993573104,0.003916667605927709,-0.006956507276788832,0.021152798654859927,-0.022838394251970942,-0.057038075358426074,-0.0039721719423843165,-0.0133802800300446,-0.02563776740551181
-0.01225688823313398,-0.00019397235113543902,0.05382006802952607,0.006715092416444346,0.0268965764030883,0.06528549448680525,-0.003763602188621113,-0.006669407792742378,0.007779655991494733,0.009364459500887202,-0.0033445627927411975,0.03842982195063658,-0.004280087749243934,0.005728645168534893,0.016937495976498226,-0.008527768535713442,-0.0006517586453268215,0.060727661930625114,-0.0016547466652483934,-0.0068408473838161,0.09539562060873495,0.014853893291570119,0.05376847457580376,0.01914658896255791,-0.003113931988074974,0.021879463624192578
0.008573158614684056,0.02803836573684018,0.08069260474860851,0.023267832672921006,-0.004762027293257259,0.04156519729477737,0.04237784151249596,0.013569110320485932,-0.011110934150263482,0.004492101291485273,-0.0032874784254400035,0.012599488430405264,-0.0029062857038022654,-0.007383822739535116,0.0005488950788475547,-0.003487601836547425,-0.0004930017815155582,-0.003250435801948512,-0.005567961382855341,0.014643475571558541,0.05420763825914297,-0.0007792101087178842,0.12028678387039408,0.01131578601652444,0.026316560658568047,-0.0007013089288854851
-0.002771576465942572,0.03344871974163935,-0.017414491639911177,0.00662534656086908,-0.01201223045094333,0.0239437408353785,0.011397829780947265,-0.027898283945355012,-0.007105642538323828,0.0027733989466575426,-0.003049595172684225,-0.023007204326821597,-0.014085531100944291,-0.014001534776912322,-0.0280422429463503,0.006143369473441017,-0.0076317943353801185,0.03406912126838493,-0.00288971723999027,0.0025733305303245906,0.04610759536854274,-0.018334975381101213,0.08950862461747136,0.0005797999155543143,0.015765386482150583,0.01530613295706625
-0.008532510980661306,-0.02380146118864096,-0.02599879805744031,-0.017693085484577833,-0.016060631055706313,0.00985744971439465,-0.0185605677549135,-0.0018081575699835386,-0.020996809082330942,-0.009349654335979122,-0.00762777767289491,0.008851349297957141,0.003394237923977365,-0.031187883719455516,-0.007829356070870657,-0.03389647795200744,-0.011731737868695075,-0.020803132130833644,-0.013680961512279004,-0.01958802763585657,-0.1576586618119695,-0.003252527044124169,-0.06647901459004522,-0.018053287546932348,-0.0181594280549747,-0.023921649223410252
0.007316573337495716,0.01515286938752591,0.0818925029794539,0.018313856533303512,-0.003234720169438745,0.01801995672181466,0.02826015208482075,-0.002342177331329011,-0.0014059074441535979,0.027779786217728798,0.0006027589240838869,0.015099929509186987,-0.01036873129306618,0.012174001870413792,-0.0012519725858381517,-0.004319265212553229,-0.005105559758954394,0.03192622595917399,0.0034476925234390356,0.016027976573312064,0.02841163019254657,0.0031288674962135768,0.10492923104273273,-0.003017682182058716,0.022996566099561654,0.034330210449513475
-0.020870039125049727,-0.02008186404209006,-0.012203372273817728,-0.027433640855492672,-0.024772035346722388,-0.07736081919285621,-0.021131783512884476,-0.0394233632041193,-0.023998117718933322,-0.013967851689864577,-0.011974474113727556,-0.03631410415882556,-0.0026888753785441477,-0.07768168396631547,-0.01383401903007981,-0.02354062724063516,-0.014997050836425305,-0.031548727087443086,0.0020817477977322684,0.0019881574019891836,-0.0034842069171906465,-0.011903505668240161,-0.006937955351654161,-0.018365713447166056,-0.022183727907552363,-0.001940908542439161
0.0036371968439824084,-0.010157833696074474,0.00960795361024609,-0.018451012567406815,0.009456925523081729,-0.062203934243458825,0.04816018151778164,-0.0003469133482208933,-0.032321161945487537,-0.004479542538273597,-0.01610296447406788,0.04300218297762979,-0.012862729467697441,-0.04658633289701991,-8.059559687853501e-05,0.0039343494619694525,-0.007954097663333267,-0.00444651594452407,0.009997686322461603,-0.004993921245035702,0.09513133153127135,-0.027072547980566197,-0.035754287140816875,-0.005746754971366233,-0.00536977560310141,-0.00898058828824239
-0.014677370492068914,-0.020062170328868572,-0.0317080048146474,0.002779299330965717,-0.017440941267114835,-0.06219685685910717,-0.023117837774765535,-0.020957575456488596,-0.02984426207344989,-0.013946036251573297,-0.008092848523559036,-0.03630666881016977,-0.013546109230915917,-0.046230442944735994,-0.008741806778305253,-0.023200449235533632,-0.002760005992508793,-0.016876421295444435,-0.01745868836514197,0.006254515377988123,-0.02371375531412581,-0.015694024875120387,-0.07829093162728178,-0.015709066931309797,0.0002319961137007944,-0.013262096988411333
-9.268308156798896e-06,-0.01755189616431974,-0.005300592982788147,-0.019065358815546194,0.0014768247844591216,-0.05278612782622858,-0.024962199101549874,0.002051692631043332,0.0009529860099126537,-0.012649760129524987,0.006125727046895444,-0.010121943842588245,-0.01698324795628469,-0.05687919950970641,-0.007049552665746639,0.0017804772531199015,0.004546397992176166,-0.026109550850398577,-0.007758473281447175,-0.002451659700059268,-0.16269032402213385,-0.006467776491267741,-0.039574200102372725,-0.017384575977523326,-0.008278815295492667,-0.01215036632468838
-0.0038044770047648588,-0.012632274914435093,0.06945335915935003,0.019628341716127103,-0.005841338756030875,-0.003979178694582839,-0.0058965520866923905,0.026934294071556578,0.06318821542109292,0.02272327968874767,-0.0011473583718390112,-0.02886893500621413,0.010627296231153188,-0.011056461256376573,0.0006541094354232931,-0.020098597393296374,-0.00605758440904129,0.061146904841452764,-0.013739849649144235,-0.010269865471793909,0.01973428730407472,-0.0058271716637500704,0.1263711926944947,0.014073759576977145,-0.010036078472521135,0.022818788268336925
-0.001413061653211744,-0.007100963668909485,0.0012996442121787153,0.004493111064590114,0.015533058750123667,0.05034007121707644,-0.004972802721825052,0.07250888354111726,0.03473804967599114,0.006235406323555083,0.004882097573722486,0.0765910461447482,0.011185512094273861,0.0634183618567441,0.002027425581045199,-0.02910376590974335,-3.4685937244322094e-06,0.002084448570355219,-0.0037190309244036807,0.015111749854930813,0.08450931020570787,0.005183223820665945,-0.01296076205258325,-0.006857608241286693,0.012783080976865983,0.015305087560283571
0.02284421401795769,-0.00025072836048952444,-0.002263408830434495,0.03307350349527038,0.014140053071840809,-0.0010862402272668074,0.0947498492540684,-0.013896511987458173,-0.0031526982076272147,0.001082105856926066,0.006730575987470908,-0.013695860159400946,0.007335395240831106,-0.0015655253055750161,-0.0019936633334617718,0.01800359453641201,0.008071967099605266,0.004127857132461318,0.03941686500335482,0.001451898034568783,0.16298830658183697,0.01960619433475899,0.010617670011846849,0.013562639138567126,0.02285653962507657,0.0026768465804549793
-0.009632445375223873,-0.024955438425400784,-0.014946580489255751,-0.011133388694802472,0.0015727914205289648,-0.02653800476958025,-0.02251628261674536,-0.006420496638598503,-0.017413718742988287,-0.009448088761982753,0.0006686101715857616,-0.006441197189223236,0.006023535290766449,-0.0008071356817904899,-0.01194528194969894,-0.030490592226356777,-0.017968501938214792,-0.021240144590144304,-0.013659837790188003,-0.019298852631758047,-0.16204206169771007,-0.006352695576287968,-0.05526445052902373,-0.0175398819268849,-0.009025980939233272,-0.022752439110935697
0.01749877697178132,0.028082368025969705,-0.013428968501187093,0.0247526702580862,0.011040182665919909,0.0041455289695928555,-0.005823072299270283,0.018417934065626137,-0.000649054381069669,0.011096591498355658,0.005674628538248558,-0.009233520901951644,-0.004478029446333758,0.06690406373624215,0.001590692165486336,-0.007188945167586645,0.016320248746456417,0.05974827749629936,-0.0016168489814937725,-0.014270407402573418,0.07250784313391041,0.014022763744628698,0.11326415413449209,0.010617148632424305,-0.007834856839338315,0.03427126972889712
-0.013071275611362884,-0.02115451040622796,-0.008805747870000801,-0.022115596071591487,-0.01227004478188442,-0.06741426600759581,-0.022636083533802285,-0.022094639023906397,-0.004463348605714846,-0.012010602706205917,-0.007322333643067492,-0.03401555534339536,-0.0021637059686076066,-0.046509757205058865,-0.00979710308784175,0.007417178900953512,-0.005056752710029945,-0.0230835023748207,-0.01569448505816698,-0.003853635524005519,-0.12654359715629915,-0.004887256055654586,-0.040276306117443136,-0.022470665035564327,-0.005250982468840673,-0.009023987942464524
0.013129302328872529,0.0004218409214500005,-0.0036632824269124593,-0.0033925685688778627,-0.009838094210925992,0.02409812429650628,0.014508793067662982,0.025329770426842205,0.02376963590036808,0.004399796913671072,0.00042390615882328004,0.071326068844163,0.00870075175937774,0.06278267794863113,0.012397886140332716,0.07904795106033317,-0.002091434519015284,0.007226754471727778,-0.004735857024464645,0.008630136605445357,0.04572396197623094,0.004387917294058494,0.03198532863420976,0.0036824910738747223,0.0031109615894387263,0.007401951263141677
-0.031635460259311896,-0.021169588158797256,-0.046652308883291735,-0.025874130428239172,-0.004594886535499109,-0.026444374765817,0.0019120137278209976,-0.016360964149591036,-0.013179986642467017,-0.02186458654371129,-0.010675879900090198,-0.05481264242446521,-0.02103205141734949,-0.017872788109543455,-0.015145301437323231,-0.015800015725133326,-0.007814696293234778,-0.01586727066492427,-0.0047058696236424065,-0.025950813106440398,-0.0016097100443653643,-0.04196378906654685,-0.031380896359359554,-0.03182013577412154,-0.014326540580901574,-0.03792588824205646
-0.01628550832314909,-0.009234706448774443,0.003995273753934142,-0.024476701799855432,-0.029920721029726635,-0.04538694587627171,0.02828571755255255,-0.037809325794005776,-0.02522277743850187,-0.016608862596387546,-0.011155933906996185,-0.054765625108773114,-0.015276540733030301,-0.00035944331281389483,-0.013783773982763097,-0.024533201779911112,2.6229540238321322e-05,-0.009041424823112676,-0.012912954937689788,-0.029945195053205052,0.0004694202142231967,-0.005806758676212219,-0.05269583281277285,-0.007465350261909372,-0.016679350662673224,-0.031978267110796633
-0.018865187666134788,-0.023562875203973634,-0.020938874491528515,-0.006921976618742369,-0.028400266355173932,0.0007197484747933835,0.000562072357326942,-0.008762594928354217,-0.011182180197751761,-0.012230780433918403,-0.014372210657709519,-0.05742153420316001,-0.016098076708241295,-0.04153103005770389,-0.008443077923008614,-0.04420338333807173,-0.010010037016940953,-0.01629308829670665,-0.014429972548110305,-0.029383249992834128,-0.03773123922939247,-0.006042703174850565,-0.07619492116743026,-0.00811326118970222,-0.020734427122283745,-0.0239834337188224
0.03288953338651955,0.0412272254842795,0.06277124217513161,-0.0006181413505894444,0.006133524355824196,0.021958861497083128,0.08624495219056555,-0.016519638234365388,-0.0029425588022168963,0.0014961697550632841,0.00163156066999754,0.008641201681042623,-0.0044753545151395065,-0.021324601938148606,0.023733681461250055,-0.012643179771636795,0.011391374223123224,-0.0019008746716634866,0.0017751249624685475,0.000766343767332619,0.0821187295254545,-0.00011009486536684115,0.026918004642366482,0.01381187613008595,-0.003722601864033369,0.021137029912002163
-0.0033663899570404512,-0.011084436311477144,-0.028485658083666637,-0.00941439051699655,-0.0013327802326949033,-0.07368261426327612,-0.022530097950911654,-0.024534964706269983,-0.0029935453234437217,-0.012801861740755814,-0.0076470316316913905,-0.055471863879221574,-0.02367084001934481,-0.020937393564529807,-0.011458032019242068,0.009086470209089679,-0.012192291230857457,-0.016983884275077514,-0.01586797012115385,0.001966447911798075,-0.11223016472773788,-0.004771826209908592,0.0023122200519882716,0.0016900830391043506,-0.02311804541657893,-0.008381033771904144
0.04563811821993596,0.0036030311052307204,0.00784513429513016,0.014463909759164496,0.015445826262158992,0.012695673603397063,-0.0017516892150623367,-0.013933972955170626,-0.009968231703268531,-0.003370656101445056,0.002447493251008613,0.04067319612429695,-0.009840229175903126,0.0822779859757153,0.007430401909685055,0.02165685559714875,0.004421096938298568,-0.004149595340832115,0.02866982844123692,-0.0003959702724570101,0.07192293392075311,0.011320618614712733,0.07770148215715249,0.02080773628184398,-0.0013565548436322513,0.021177015742589473
-0.01084515796032446,-0.02386453103211625,-0.021999905541350392,-0.03996381456646705,-0.03766000490440132,-0.018457679900727785,-0.008926052531987673,-0.047403928357185765,0.0037478340323144734,-0.04763316662683355,-0.010067452819849202,-0.007917804244779062,-0.013638835727050727,0.0075724801488275964,-0.01849252988930255,-0.01366444752674715,-0.010592753642010098,-0.002706981900385653,-0.009765862290855768,-0.00688329197633309,0.015220286974724747,-0.003390538657754393,0.028792656476261898,-0.011176902214596154,-0.011314985489004335,-0.009507413462797971
-0.016087738973749734,-0.000651027674400928,-0.007888484345506798,-0.008704192867252967,0.001629800054221061,0.041827549481093455,-0.0055948866100095675,-0.018079509850328194,-0.023038922194708687,0.008196164470083003,0.001843204808688632,0.07475828032076454,-0.011032841356928747,0.02173400126870231,0.021483687170952316,0.12304052308791365,0.014202558926801341,0.000640437797879132,-0.002387489145702838,-0.008117971007137695,0.08106914407407914,-0.007720887243304386,-0.02732241802409175,-0.009419861025314436,-0.0030597581128487122,0.009483528183197745
-0.005548627643459911,-0.013112060017898755,0.0647047942648745,0.012520101117389148,-0.006734281585349455,0.03426973173169962,0.01807808397692458,-0.022933438710819393,0.019523777295609376,0.016735253691896556,-0.0034204086867725162,-0.015144074429130188,-0.0041744074895218395,-0.009845150198367672,0.0011646260495326497,0.062001764548671796,-0.00534956912277314,0.023920561598422117,0.005165676619726734,-0.01590891749624145,0.04278765246413123,-0.0062495559608452215,0.10617013073114462,0.008198504689247765,0.01318902338413572,0.02570002554713844
-0.009117357497027365,-0.015196515751345457,-0.016813461589173392,-0.019238459261847567,-0.01490145174666112,-0.04508884034197918,-0.015253553453693497,-0.00616922100819206,-0.01444546558522618,-0.010189765722635453,-0.0055842095451592915,-0.023160804212449777,-0.011552507245971988,-0.03087070538016818,-0.007322581916939529,-0.022855401866441007,-0.007433163875786834,-0.021437380008484597,-0.0064321177133240025,-0.013063984442210566,-0.12858641255881303,-0.0029353881627860573,-0.056615264344738264,-0.017242036835317776,-0.013994133652777898,-0.019068377689329983
-0.00701783254157123,0.022979220386749075,0.05473216548755495,0.03506431608739615,-0.0015029600818401428,0.0007927756202167896,0.0179817844095921,-0.008001663154830484,-0.0030626048108749596,0.01729956257652536,0.001615799868566653,-0.00961066140488533,-0.007842258925269189,0.0656453904289329,0.007387353090223125,-0.01513804012586998,0.0013392447489949386,0.0345525343429311,-0.007841173015837033,0.00741280851791078,0.012831571076359117,0.009665824432974738,0.13508184954025093,0.00931079569693795,0.03473738811194367,0.03701824822853266
0.006099777909732543,0.009702204477194241,0.0627870701643937,0.020407916607331923,-0.0031603493589128086,-0.0019285264272637084,0.015413258991277242,-0.013638954446064602,0.015102195251908847,0.023204796924458145,0.00011950174974869652,0.015180370245753817,-0.006582617825458747,0.043812806585761165,-0.0012671649156324038,-0.003645877817061205,-0.004658605255902144,0.029708866664104355,0.006197768406113592,0.0075094980732763736,0.06619408479154769,-0.003480883876290871,0.11301369277830745,0.006396370791427218,0.024154672116761325,0.01878956598509063
0.021317856698314947,-0.020710455939224014,0.028871563891760595,-0.01862258171916088,-0.0073085558541670335,0.019281982011555752,-0.004469296279762937,-0.04965210313892754,0.037404512948089795,0.007809843377433971,-0.025032464890689863,0.03712285427961525,-0.026202594678761057,0.029282202294729037,-0.013230943861722336,0.04936095968258439,-0.009741859260857768,0.024437952891502565,-0.007142141953068791,-0.020470442591214874,-0.037979775348787284,-0.028250292998892503,0.044230479496555744,-0.0016328421195059947,-0.0134863072719677,0.0026883333706339313
-0.005618181716874532,0.015606981086062144,-0.010722487753354562,0.03418788509827326,-0.0019966878743126835,-0.0014102825568051724,-0.0005954891900428796,0.02064045692383991,-0.002779696922397485,0.012175693114488496,0.0011935244647217614,0.019232075056055457,-0.0024058829919733353,-0.008375588636055564,0.004990761183167493,-0.00397953585020867,0.0072556002588017405,0.07935909681871393,0.019813875607498792,0.017894135748285887,0.15139858323335514,0.008837627229545132,0.057404622275578965,0.014505351835317256,0.00014693001906837937,0.018672072130876027
0.003706155180858816,-0.0040245457487093385,0.08084486615490163,0.03282380871218227,0.0008721096601202208,0.06493976182355804,-0.005817486608018632,-0.005516696095485036,-0.0020866883174482133,0.01066643215487911,0.004161609492913007,-0.012679648834622448,0.0012474624039603703,0.004935120636413058,0.006130928469637004,0.009460490825090335,0.023669341491280197,0.011138947256036999,0.004228493142685696,0.06144423359101512,-0.03133796044079542,0.016961630477214336,0.0781107758901421,0.05311249404225523,0.021644230387865518,0.016795572843658645
-0.0055427994632260245,-0.0027815463701208196,0.0029956988269692,0.03904234679720243,0.005242571249247059,0.07247677248374643,0.004487898259569923,0.024832577536323546,0.02779694663200036,0.025538310881897203,0.009739250459988453,-0.0028464925939573533,0.030039238395228,0.07085874575961028,0.0016765604180157142,-0.0007545205929236746,0.0006818452910930866,-0.007234024426667648,0.06322196490123894,0.031245253722056856,0.0022967519835184707,0.005126399487175077,0.00514822510246773,0.00032095790493481764,0.03368147133207656,0.00814103461413605
-0.022125208255291136,-0.018903670242099668,-0.042931510333173814,-0.028003896013024273,-0.04365629330810405,-0.06292737672866465,-0.005673737294371204,-0.00686940460807975,-0.03413915920291465,-0.01616711242322882,-0.009594413315461483,-0.009110971741361114,-0.013954289209994891,-0.03737208121387378,-0.010918055991217169,-0.025157422013956494,-0.011084081418687788,-0.02483852908206905,-0.00027711173045916106,-0.008985273415251765,0.04026970246855241,-0.011020616928343855,-0.0758630396178404,-0.023592892670450265,-0.012912488120148391,-0.03875962899882485
-0.01021202252685998,-0.020401594973783674,-0.025297848771587184,-0.012999040372382453,0.00039157477117684477,-0.03368353370584637,-0.02088090486296616,-0.011329633114355394,-0.012937124846984525,-0.011524130668238819,-0.0034632356406506947,-0.013487559061210581,-0.01103953491161891,-0.0389190804648676,-0.00832640815886711,-0.02861134474591912,-0.011435073540115586,-0.018936065551327676,-0.012913035181391771,-0.01651293332322427,-0.15111579508380302,-0.004593880531443166,-0.02768724232065787,-0.019573434382187907,-0.016716877241305148,-0.01236280219774432
0.035163815361743206,0.06758262805309592,0.03310842539309092,0.005137108327066988,0.01611277704486736,-0.015998265132662066,-0.0015389398276057951,0.01907250072740058,0.03661214267526206,0.016668936901515736,0.004518727036003454,0.0673772772975243,0.008340741023666842,-0.022181503359352258,0.003399250463589248,0.0046290359651796386,0.007651836605615954,0.0004488779155839226,-0.0008104818029904044,0.000831260978386047,0.15541979113257565,0.008796454251284036,-0.003296582881110458,-0.002414757167483233,1.0975399322415049e-05,0.0007894062100583169
-0.006100050404728758,0.013270739896535143,0.003952722300195981,0.02223046137763858,0.02279390155541659,0.049028925318831316,-0.0012919568717329657,-0.010833872188126798,-0.015039738127711467,0.01722881247986248,0.0023398375954670225,-0.007941849124479887,-0.002959849268820496,0.032532081537141,0.0005051399189743774,-0.005953260635800096,0.014307504936853599,0.08230236509565236,0.01736565629065056,-0.005362566386612636,0.0648390597090954,0.008786506253646135,0.09888204763895447,0.016237858357232366,-0.004843131530216496,0.039154092867714874
-0.0013866658753783423,-0.0007242996166274846,-0.026822811420388528,0.0018377812413356805,-0.0065653965960391315,0.0471810467680522,-0.008139704139603176,-0.011107838617149167,0.019503361851484248,-0.005383573843979717,9.981499570130506e-05,0.10580944610062752,-0.00038636565409415385,0.08962526774929583,0.016272978520093354,0.08860989030598317,0.005342708334936491,-0.00602059133641173,-0.005784697861594819,0.018745325489858532,0.06955775498339317,0.001058282695118284,-0.012283011789612443,0.010870761012566406,0.009814860620980623,-0.0009595519936032186
0.004109147007792469,-0.0028956732487510615,0.015039555195264868,-0.0014255011431541821,0.040721128971935694,0.005863967942796278,0.020979831362459622,-0.002740474707812924,-0.007157541317937293,0.0019076068448430762,0.005985039051592987,-0.010322657416838648,0.006248706649093065,0.007289624095348396,0.013566030474861282,0.1007626737492099,0.002488946673627193,0.052646675831846415,0.03956925321297966,0.0029999093094890987,0.1360081746009963,-0.0032543797714557955,-0.008472378225773045,0.010948962951680635,0.009440324235484195,0.005124486262032989
0.0030543902452697764,0.06341574271772332,0.056296287799635046,0.013189366802096661,-0.004586847376831485,0.03619039149423924,0.005561731152682707,-0.007169376020777242,-0.001073732260552902,0.009412744828440279,0.009771241442880699,-0.008754021409972074,0.03373715886873269,-0.006172745862590363,0.005349020381244979,0.054159625068049444,0.007078474671387115,0.003220763225254645,0.06428997164128722,-0.00256986755647686,0.09603209548292516,0.0014837994439625092,0.002575152185546624,0.015830376049443196,0.0015073984664211919,-0.006397702888407792
-0.019122680525305143,-0.01949186257165291,-0.05480282628858995,-0.020508460634357864,-0.014787976881746044,-0.0611943696536182,-0.01817704314855756,-0.006923678676811074,-0.0030125151953334438,-0.01310352115337096,-0.005857208052831534,0.03637719728119259,-0.0018755140046134823,-0.046050456926204665,-0.001754366710503442,-0.03882495269990097,-0.014552919125652262,-0.017289703763518544,-0.0174698982179478,-0.013766893253005077,-0.007018730665028781,-0.0151312567326911,-0.041021080352892265,-0.02283281603353594,-0.019949578602235753,-0.011425448819542014
-0.009306725612197407,-0.0036887955105010125,-0.019210551648867383,-0.014876432612688154,-0.014623575873277348,-0.05028008164119803,-0.020325694734778414,-0.01881521955280224,-0.016575900516551285,-0.009764740777969072,-0.007842545654305966,-0.034656115758923356,-0.013638025886461085,-0.01911251665941157,-0.01133810661462158,-0.019868780154375147,0.00044460672932164545,-0.022720179320427244,-0.01216837012837345,-0.014254818746876318,-0.11406242928323129,-0.0010638325373880054,-0.05983367905958938,0.000967555287039032,-0.01571564919715086,-0.018904622609400488
-0.01808720626055753,0.02359797389631895,0.07200040617927872,0.021406912765711123,-0.0035055500456424517,0.002603463064755095,-0.010201443667683439,-0.01654818804931612,0.02757069069704977,0.006872374173925764,-0.005568734902378715,0.009985580486372105,-0.004832916587183104,0.04104452631798618,-0.0009870163304682036,-0.0017156924611931245,-0.0015745512920865524,-0.002497343835890436,0.016247950658629513,0.010880670950034277,0.05516657444133184,0.010817570192052175,0.13271635950929014,0.010272512850178632,0.03435025230632519,0.025416263534763138
-0.011643728901158239,-0.021456731869086497,-0.03879828312558692,-0.021290938790632406,-0.0042294639956481596,-0.05736732681297472,-0.018202461134818177,0.000595329816115253,-0.024841778840384163,-0.013976526812635072,-0.010411631629876366,-0.038905245683744094,-0.014627895671306663,-0.02377022365396236,-0.0085184156951564,-0.023584240082013378,-0.012199119757084393,-0.014992506682271192,-0.01653993215356367,-0.0195736428496754,-0.0076992573320834755,-0.005113738433853866,-0.06942812855882406,-0.0007286097598344001,-0.010734245015268006,-0.0198631513165154
-0.0058313222047231186,0.018955390744946926,0.00315749954809783,0.00255126819155963,-0.0050464996507742065,0.04257647188925294,0.07449185465848801,-0.012348093823225962,-5.42017265165818e-05,-0.003423987211383505,0.0003162185446484908,0.01197603335514072,-0.006270914559726349,-0.006598003761064546,0.0021682614389134484,-0.006404299211084812,0.005477996642207414,0.05782058694937654,1.806616856570584e-05,0.03490522818873796,0.11897321634125105,-0.011227042013162608,0.04199466926428042,0.012478256596835794,0.0030677382116510985,0.0015240567854489554
-0.012544344913124493,-0.014506633195126212,-0.027385606855228437,-0.023474647879380306,-0.007795331222351626,-0.07372940758690388,-0.01574658761522324,-0.012470278642232047,-0.01053352533288856,-0.007797621475377611,-0.006966647439966934,-0.026607437282744752,-0.012709154424336164,-0.05780114619774094,-0.008943785541453194,0.008710863535461728,-0.010391697673967082,-0.01744901634693651,-0.01090251987178836,-0.0009230167533843836,-0.14318672894127513,-0.008241916835344953,-0.008713104296754787,-0.0015975511021057113,-0.01910242121105491,-0.000425962973820844
0.004490623395936295,0.035639807702925054,-0.00940664048988169,0.003302092952457672,0.056317911551545766,0.06963530961753456,0.004844374706828122,-0.004070723111132048,-0.0043860354619246365,0.016096865487174015,0.013940246401830402,0.005928440434594181,0.0022311918997057903,0.07874008997938382,0.006897841718430408,0.07016614237678369,0.014660526351216771,-0.0021477757901849645,0.0019029015530517943,0.009949885168061431,0.027743694182319784,0.010598363730801585,-0.0026305961527877293,0.030958706069266623,0.004354471445718028,-0.0003262771283963714
-0.023689209535694023,0.008267508653924744,-0.035169297812314905,-0.011996335436388847,-0.034706451120899505,-0.005496409439046447,-0.01416627491518486,-0.019755590012849503,-0.025504563417204678,-0.011545056501922958,-0.015399426060231501,-0.0667158906252478,-0.0022481611088474842,0.010845946665134745,-0.015018573716900917,-0.02609290170338406,-0.0019695757973442435,-0.007519265328579468,-0.014078120177643079,-0.015925390364132003,0.036053229231217135,-0.009443466503434092,-0.07293963993771858,-0.01609783394080175,-0.014202901312898347,-0.04338824452332054
-0.0006102194662954318,-0.02148140441910755,-0.03401764255117402,-0.008587181593846563,0.015004240238272518,0.02982625067177711,-0.013313423982380564,-0.011609721392607955,-0.006685232114084819,-0.002465505678812113,-0.0024050623678520955,0.0017454684130470022,-0.017912583295148308,0.01448753497090968,-0.00028016160963670284,0.001362759853480801,-0.01240233681882474,-0.009449993574604413,-0.012489898986867583,-0.005130502812668113,-0.002307567792952508,-0.007499561935190168,-0.02189140032236109,-0.005884298426759225,-0.015444448965650642,-0.008460000782394946
-0.011505985472582922,-0.011369304855626334,-0.025672681758334495,-0.02024509428010178,-0.005187885284751712,-0.06081169752711856,-0.018812458227072032,-0.005077678112292854,-0.004492816595130239,-0.004553037215655726,-0.007598162005295244,-0.003620889656146179,-0.010548261040006347,-0.037542269064494004,-0.007979782883464194,-0.025118570010693102,-0.008854424701213687,-0.021421947843790867,-0.011167535119403304,-0.01627320819297819,-0.14150224078583212,-0.007869912084545724,-0.03187790315675372,-0.018518131362827754,-0.01025355036957682,-0.007635894744667649
0.002144235728458789,0.008186394373079229,-0.0010803039545254252,-0.013386454776700635,0.0044630324638566645,0.009059864174777508,0.047409369153475246,0.04451641761542749,-0.006780234304644574,-0.0032835020319494554,0.001880906663463573,-0.014581825094193288,-0.0042913285962273544,0.1597803888973128,-0.0004917953696896734,-0.007520704565443808,0.006374434989730466,-0.0027412567844667625,0.016736008892187595,0.04077468129285917,0.05177242821629419,-0.0016642879450348674,0.012998153406511437,0.006753260553126613,-0.006636959341604707,0.025040514935518073
-0.02088924609853065,-0.02768270167688632,0.007257587362821719,-0.018900906058934238,-0.004560553913066808,-0.05885537581068162,-0.04152753023772994,-0.023282493987736616,-0.022880728139678733,-0.005358122705008782,-0.025198464370822446,-0.05860427946096805,-0.02272715582817805,-0.07284459723981193,-0.018742008941332194,-0.025910751072767437,-0.013260145329475536,-0.024804418805836306,-0.015335265118111164,0.004383043188065786,0.03997450823134901,-0.010042645945720453,-0.046631001273274644,-0.01233670239279428,-0.014727188334338623,-0.014414750782306588
-0.0021714820933371134,0.03474895193918716,0.03931255588647002,-0.00012056248226382664,-0.009664877324359543,0.03125860146942362,-0.019932541272308237,0.05471741186946048,-0.007911898842708594,0.007822802060582371,-0.0009074659801218853,0.02686819181348318,0.010315940448854507,0.06802963380006262,0.0024736124319495803,0.06542500028684854,-0.00036731399778895934,0.000820108922398782,0.0036099748435568504,0.013377348273443324,0.08349786447831187,-0.0015801280819563175,0.004936185817631294,0.005094815164916577,0.009021423421467698,0.026757285738413652
-0.007699099704011604,-0.024831774241216735,-0.02101679854373957,-0.026820439906894165,-0.006191173140111616,0.0445111059026887,0.019911460799173834,-0.025181181982886994,-0.010200240733858074,-0.011043623190507838,-0.011378808565316317,0.011976511019954329,-0.015106470830923301,0.02528556974119578,-0.009619320757013897,-0.036629052685650476,-0.009052406722861025,0.003369236035003828,-0.010166022892722847,0.0324307155108761,-0.10689137500143565,-0.018188899252126082,0.04299899979462225,0.010781554967514125,-0.009385989689156996,-0.0114310373389895
-0.010076394266838339,-0.007732066859518352,-0.014551979454711149,-0.011944303084300356,-0.01325116273447541,-0.04788545007443288,-0.016093674474652254,-0.016134599756838154,-0.014608758684843624,-0.008009795962505433,-0.007837619293334304,-0.023036851218570662,0.008441446832952974,-0.03954676674401599,-0.007946514695806515,-0.020219382579882237,-0.01200869922186151,-0.021491614135542438,-0.013704006070785544,-0.014223727828542363,-0.12564663815078936,-0.0010141110495442093,-0.060408572784110624,-0.010602530910914723,-0.01764154169070073,-0.01405991318055213
0.008797833114459386,0.007356294696104615,0.006371771419888556,0.0016542685867541793,-0.006662728191447813,0.008995606649436296,0.09664114589733254,0.030438363639351786,-0.001010836197358816,0.006266780933323612,0.02117600399714762,-0.005937629993887336,0.002309463537538141,0.04555760884757015,0.005288910969067012,-0.002124185168844812,0.016610127619571285,0.007259075292107539,0.03828024793373406,-0.0017201248610388496,0.11805220555064559,0.009733160477016578,0.01000127480779733,0.016647834461275924,0.005294319296367706,-0.006512021388959011
-0.00241294113767909,0.023549615226016653,0.018648870531645843,-0.0028065531838012948,0.017541008819607445,0.029044312480796145,0.03735416754979848,0.053424880137544165,-0.009305683735995288,0.017515237538438137,0.002804615098665551,0.05935187721388195,-0.004603865967467454,0.051588632958559776,-0.0030099919010565515,-0.020570886176390774,0.006880662283041388,0.002822517107899876,0.011130033718548373,0.00696286332027031,0.054552051399143105,0.005694268546882753,0.041258088162922674,0.007918222564828159,0.016056091911356783,0.024043344124164676
-0.008637189143222325,0.03095866879127155,-0.02280331845755264,0.008614539428224688,0.008875216091520876,0.04373818568347323,-0.001716239281976884,-0.01564593021665835,0.010695002988989559,-0.00029543057119519234,0.0016825322659666374,-0.033080404301434795,-0.004617905162314948,0.07526787192933401,0.020959268337242324,0.06382155292723442,-0.004349330502480283,0.04777313190225898,-0.004340912276602475,0.01080003109742374,-0.057620599046135416,-0.0016138778563600663,-0.00991082443857591,0.016077822248850297,-0.005305907461359534,0.012772150282382913
-0.01926539374483035,-0.01619895221778957,-0.025190739505369493,-0.024858843451362043,-0.03206589741625668,0.02754372396705284,-0.020197395604589295,-0.0135775406355936,-0.04006686197124815,-0.02273678982824122,-0.012515358516344563,-0.027705938027646062,-0.008078344176921668,0.00771327628358267,-0.012101015601934786,-0.01947211168163714,-0.008704686888826852,-0.016682589183733176,-0.016426888944658324,0.005394369380123768,-0.07085331551334868,-0.0058543564735967875,-0.046870041760227896,-0.009489317190955056,0.013733827155233684,-0.05337471319258131
-0.010400025127910552,-0.016669353986725692,-0.019454272226877935,-0.017828365175573086,0.00025862312301775715,-0.05681428114567296,-0.017372094436879235,-0.024310027223099894,-0.017414740831511476,-0.00612871967110925,-0.006082046542612246,-0.02954253635754457,-0.011931608883250388,-0.05702037990279202,-0.007100155208167591,-0.025962951616675486,-0.009801910232445216,-0.021368546250540955,-0.0117342931626837,0.0053274888649974626,-0.11859472408220695,-0.0027700834399866986,-0.03515024540493176,-0.011384485129022607,-0.01590134242355556,-0.0007137812311274035
0.002405572016522761,0.01490751022225908,-0.002963950954025971,0.006355955592317771,0.0012266915469754298,0.00732615568537932,-0.02711303618130601,0.06621507091120994,0.00031598804739354575,0.007580777722405857,-0.005990713769623966,-0.0013258059973483153,-0.004034212445344957,0.17608280802261045,-0.0032208758364620197,-0.006287351218881541,0.0088807395579214,0.001388272436055256,0.0017901648610745703,0.05228437399672894,0.03413467731084483,-0.0005552030672026541,0.01370819359543159,0.0022389190276563367,0.021504079385649577,0.021909971456709212
-0.016087738973749734,-0.000651027674400928,-0.007888484345506798,-0.008704192867252967,0.001629800054221061,0.041827549481093455,-0.0055948866100095675,-0.018079509850328194,-0.023038922194708687,0.008196164470083003,0.001843204808688632,0.07475828032076454,-0.011032841356928747,0.02173400126870231,0.021483687170952316,0.12304052308791365,0.014202558926801341,0.000640437797879132,-0.002387489145702838,-0.008117971007137695,0.08106914407407914,-0.007720887243304386,-0.02732241802409175,-0.009419861025314436,-0.0030597581128487122,0.009483528183197745
-0.009764569417099567,-0.01690075505698033,-0.02335048320696129,-0.014718813250453062,0.0020588682406522613,-0.045673908508196706,-0.02319236723223636,-0.0010751355325345066,-0.01733197579806446,-0.009601084009571959,-0.006664451552392078,-0.01387610470914031,0.002970005065461504,-0.038521184868501805,-0.0073201056551528984,-0.02495432864619598,-0.004969632645637338,-0.02183760924893752,-0.013489872612345065,-0.01580890130676126,-0.16061694088287798,-0.006147156993648032,-0.03952117416156958,-0.02302139793398126,-0.016469319910998786,-0.004770161574319303
0.022814759974005134,0.0025037836592503035,0.04522512113040595,0.0011655098772402875,0.0021799584043624377,0.03814655649306091,-0.003205198255837353,0.06989829021744404,-0.008814847285410791,-0.0007952546888138944,0.00022559088591458595,-0.024786303408727006,0.014746669520847756,0.05002043330261307,0.008898373278664405,0.10267340637240334,-0.003098182969305927,-0.0022945339929958315,0.016882498371071242,-0.002913346546311901,0.10435256647654821,-0.003343687817278438,-0.0175606239627088,0.000765260288204705,0.0005835089747315965,-0.01217220304114793
-0.012543692313094957,-0.01931188692472432,-0.006971434529632911,-0.005629453758304488,-0.009983371942915775,0.017339132277389136,-0.02257909378726842,-0.002079781606289394,-0.016670866295007136,-0.012451617395479118,-0.006984229348682856,-0.04571313527461878,0.007285298607624185,-0.04852076171666494,-0.00894631721259888,-0.04404925348065947,-0.013739099930027145,-0.016324508290721865,-0.0035876167205709736,-0.0060876781637265774,-0.08782480482080367,-0.015787947948576023,-0.0672787680362587,-0.027145702880492256,-0.015397267573099482,-0.01991803567643951
-0.006100050404728758,0.013270739896535143,0.003952722300195981,0.02223046137763858,0.02279390155541659,0.049028925318831316,-0.0012919568717329657,-0.010833872188126798,-0.015039738127711467,0.01722881247986248,0.0023398375954670225,-0.007941849124479887,-0.002959849268820496,0.032532081537141,0.0005051399189743774,-0.005953260635800096,0.014307504936853599,0.08230236509565236,0.01736565629065056,-0.005362566386612636,0.0648390597090954,0.008786506253646135,0.09888204763895447,0.016237858357232366,-0.004843131530216496,0.039154092867714874
-0.01718190087712296,-0.004172938608787922,-0.05352832784558836,-0.024815663761012505,-0.0345616471085538,0.009038603363130188,-0.02400206127922439,-0.035975156197469195,-0.023204465186645137,-0.018713899430358456,-0.015921066924842273,-0.041142775556933624,-0.014971390394483612,0.047459062879101954,-0.014055788787458742,-0.023051744617842443,-0.014264527190951976,-0.016029368113336398,-0.015781983709306006,-0.011197499844081738,0.08191219404834107,0.0012997741711080631,-0.08811190241203573,-0.00104514139469857,-0.012510104945620116,-0.04403884168369001
0.005337954561335939,0.2311143386282725,0.013472367860986425,0.04445255365602004,0.011814955467403363,0.0027499479626573913,-0.0010769558016440507,-0.0014240289905585258,0.001236571299571339,0.016642430323105417,0.0007374915584890828,-0.011349933958532812,0.015977473176441798,0.0009399438903097781,0.009189695136639588,-0.014654540789594429,0.006627805046559437,0.0042038898904191175,0.0016369970023134605,0.00031746571551048784,-0.041375826431219544,0.009180718828604861,0.06468122737872656,0.00915103676527136,0.0022886885681517324,0.020225838513166627
0.015004617805076186,0.003837054875312584,-0.007211458011020161,0.046451638644780656,0.013682489544413347,0.052455370798486715,0.018701573853624472,0.007999391376886307,0.012022488155665517,0.02604215348449471,0.008587242350645,-0.022447045765131356,0.04801506998981299,-0.0020475429776434175,0.00453309356395897,0.05169313113013931,0.0012621387485663204,0.013215303277975824,-0.0010868368138771225,0.030863164781425985,0.02447902183524791,0.01050916132112947,-0.005185637968751272,0.04540530075059761,0.05718619861414367,-0.008535644774306088
-0.007496091236474334,-0.01186829061385472,-0.035214058276499274,-0.02252725249589338,-0.00963074545219614,-0.005037296016718552,-0.02509154817534259,0.0009130250060056309,0.005692256177900331,-0.010892723830921158,-0.008593828958274922,0.009134127437980777,-0.012005002458289163,-0.06835198489164183,-0.014180453637813381,-0.051203103788863925,-0.00794406298186979,-0.035145362156028724,-0.01864492298582195,-0.011263466824488049,0.006364129133658448,-0.021206792686881543,-0.020587641898544923,-0.02694690740867818,-0.022657920515146358,-0.014627086318049992
0.017125406826483357,0.0035094468939873462,-0.011105619778747317,0.026128085457033184,-0.0037795610677173242,0.010841570564726427,-0.00929576774989138,0.027722394985401796,0.06187024069065357,-0.003834452676044517,0.001039186824744193,-0.0005617306072347886,-0.00013920807326028397,0.0031750565532122164,0.012783636491158396,-0.03593176767623782,-0.0007734706567231053,0.06821952894197798,-0.0019886929078156584,-0.007738621268597724,0.033595595709634225,-0.002123593660446187,0.012871046794303816,-0.0014054918784129303,-0.008520311419794355,-0.002918135387790136
0.019089243342066284,0.018418596839577743,0.026920502583111034,0.002157974663035915,0.0019341920375451098,0.03288230839607554,0.010985867886651814,0.03822901456855933,0.028218493971759784,0.010567482662664445,0.0005443133578137145,0.04859067658007808,0.005783423777762625,0.04477236970587384,0.009741000758787359,0.08929103036618369,-0.005963109588099909,0.026868845003683417,-0.005548703145105252,-0.005058991394331538,-0.007290978820692057,-0.00854237513750972,0.03586325710478529,0.009383889721425488,-0.007015571335271505,0.01794201801851825
-0.0012085679647866794,0.0016801200514190058,0.004707356688609779,0.004281013673996975,0.04718408901120276,0.011228526318434118,0.03264138404422451,0.023128332125495508,0.014920260948851082,0.021337212889650754,0.0003599242226561953,0.010152546425397835,0.003185023993815509,0.005156308946724764,0.009095844342081149,-0.004082904088856583,-0.0024229946873309555,0.004105626337247754,0.0016398486483878514,0.0003952463316126908,0.1828613757923804,0.006178366257989534,0.007301606759960592,0.014994559757601904,0.04297762186928427,0.003633709895529685
0.009347559479217967,-0.0013330683283809114,0.018938648439291543,0.006183146356628028,0.010752845942809942,0.10864605735802416,0.007855648507675237,-0.007052550611405879,-0.006410893478124873,0.012664864166179944,0.007276875065139809,0.01926139872895251,0.009729095949307839,0.07704423338434392,0.015902701416754084,-0.0027330660029771985,0.009306587067565252,0.06634013117469678,0.013446708944114328,-0.00699522406450542,-0.029876452919145497,0.013275901008118266,0.06328375427343753,0.018015272321462678,-0.0010329215349233142,0.01359418594733275
-0.00019698353983217876,0.047684662153224644,0.007247447770802156,-0.0028289837372529212,0.0034590920996139416,0.04064776011124375,-0.006187063668535231,0.06313762343443033,0.021513029471174196,0.02090497781143636,0.002074860118808848,0.06537381783625879,0.01102170378450224,-0.014440957454827872,0.008188573563276756,-0.02581329988252193,0.006007192816697998,0.0021593190115798354,0.009408215915183487,0.010698949355476625,0.0962466397312752,0.004834248710818662,0.03068824522456118,-0.0009573903780784164,-0.005830227168882566,0.05038998550119465
-0.02134290332837661,-0.013644828935566154,-0.024057904549105714,-0.004042928849364252,-0.004944376611785048,-0.0016957667361795954,0.026747560216217287,-0.043610212519974614,-0.03106134609564729,-0.017743724780583264,-0.009681999843738342,-0.013616280581921903,-0.02516577969944646,-0.019882136210436857,-0.025725288682373473,-0.03184622322028915,-0.01678754090946606,-0.02137066705354209,0.0015877234861961832,-0.03113224306847857,0.06752521090087572,-0.02328391875362059,-0.039885712078641396,-0.018790898340118614,-0.024212788371228307,-0.030792475680874818
0.014732450771062866,0.015260245764104823,0.02201653494982117,0.018661855812148565,0.0074440337528670205,0.09614831689917933,-0.0004554823571970203,0.000383381643995748,0.020463554612466614,0.004251110983436953,-0.002318046004582351,0.0007506082903291781,-0.011614593041099066,0.061008699677603376,0.014442886696333203,0.005856640691059779,0.017287621404963104,0.046871855743614875,0.01031416732733835,0.004611433976587069,-0.05826518463724406,0.016271874353316746,0.09666061813046688,0.02648876985190267,2.8719661876052437e-05,0.01812936363726595
0.006038906648686095,0.03841892953758054,0.020587200828578903,0.011365654040880902,-0.0008539248523234409,0.038213429734187405,-0.004210035676223276,0.02491660350072263,0.005329609877839725,0.014212938631811363,0.001966187945878694,0.06722673738333902,0.010314600899112162,0.07580827071383037,0.02553105524222902,0.124559690214134,0.004325914759467343,0.000683470043959387,-0.004209685807442783,0.0034570768416355454,-0.07591277116611436,0.004069541257983994,0.01768439899725339,0.016144737047228012,-0.0039024027365801937,0.023665304683940066
0.011498757300077132,0.03887111017589457,-0.00181778199488815,-0.0057665873184980015,0.0018678847289374978,0.04736913651110871,-0.004447123029244629,0.020417124936387476,0.026192084335465778,0.012207962459240206,0.0019081368190434014,0.07144649046744171,0.011764707393527824,0.04896823908960214,0.023296094392139203,0.11581253440246314,0.006408037276514883,0.020841377265161647,-0.006728814518195006,0.00187980129385811,-0.06510951565556806,-0.0051879889030789885,0.03299782124154056,0.007124427656482864,-0.006261189135678821,0.026545378068521794
-0.014425734825834757,-0.022233792279613983,-0.0309945928304307,-0.020148817517547848,-0.009786141181854524,-0.04789942574209258,-0.032575448055682625,-0.01965582414496506,-0.030078726956855,-0.005374650267875645,-0.010421868348826604,0.0010682285316572717,-0.01714957245341423,-0.04690987364754759,-0.01008885572066797,-0.041702852293541655,-0.011793096462877219,-0.023584893306933495,-0.018474481711374918,-0.017149924817569332,0.03584145371962299,-0.01191965635077919,-0.06762487942023987,-0.018751224367071863,-0.024096460922413746,-0.03197078336673839
-0.00883548109826592,-0.015085520428083489,-0.012554842709623574,-0.01573257649744515,-0.0062529471149793915,-0.049074995196423714,-0.018963454263662322,-0.006736074088874193,-0.006338185412887517,-0.00991527146799849,-0.007247716690068814,-0.022158258754973865,-0.009264176790775111,-0.04449936436267731,-0.007347149482160338,-0.02919990639855946,-0.011636240916014553,-0.01829021272282927,-0.011739411333350195,0.0004958675683875271,-0.14358206074777433,-0.007384336997398866,-0.04768876148966554,-0.01594995173068607,-0.016127209711219375,-0.013460322570145709
-0.00032814537858269824,0.04583920162849936,0.0796133765382155,0.011868090331544567,-0.0026532282619091472,0.03828413538071257,-0.0066807173296910315,-0.01006885165012126,0.0075719151734275295,0.008111113746511692,0.002359676555578028,0.013781572210542605,-0.023279471243162646,-0.01218276866568288,0.0016938841076247907,0.010891751039371969,-0.0037886069773362912,0.03022863603849217,0.0017915982170823672,0.006729070079812838,0.062181019826699296,0.010083892167583534,0.12047032591803639,0.010245037241291253,0.022583462671033363,0.020085469226007374
0.005355577801673078,0.05373696051744245,0.007597143931084908,-0.003989475630530413,0.010526580722431365,0.04652264536074344,0.00833024762792422,-0.015637736933175484,-4.099722992736088e-05,-0.0055483273511634625,-0.0058415212550375715,0.006435527973742281,-0.0060159822922485106,0.03720091133787909,0.0031218194749050923,0.003969497098136345,-0.0008290012495559076,0.0708805638789884,-0.00024853819663903836,-0.007844281979779379,0.09869680360383755,-0.0011558450078356217,0.11425472183920989,0.015232165495376383,0.001845712979909742,0.008876266074213827
0.023055723036141475,-0.0005279817700789194,0.029708910337396404,-0.006518362537552327,-0.0012047273701556553,0.03723043614865362,-0.0052019300217782585,0.03777311026680024,0.030114713201601872,0.012335949951739998,0.00030402372558725337,0.06452486301984539,0.0094194667288781,0.0404619025891798,0.012895687239383377,0.08308932839100808,0.0022171661633495687,0.02087452112840239,-0.0029354452488821125,-0.0070793016134281855,0.006071753209072788,-0.007714461381887636,0.04239915764868113,0.0071774021298236365,-0.005936394465568888,0.019562594752070596
0.009359266819020863,-0.03735478359381779,-0.04677459121740819,-0.018437471418855846,-0.03442610425496813,-0.01480662275336776,-0.028481663172707766,-0.039803878816062635,-0.030454876456903656,-0.016620353033921394,-0.014825988960705663,-0.06342235622054249,-0.02775956379188424,-0.00020436847999831512,-0.014336424800908397,0.006727949266554125,-0.018569129502225515,-0.02230128727800928,-0.01454013632574297,-0.03798780411623008,0.04411386671604653,-0.001673440688054498,-0.03300610241454084,-0.016951622365049778,-0.02112207213269853,-0.020909002415403246
0.0032118298249757473,0.0118729479463356,-0.007341171638936568,0.004257193527618027,-0.004349774526612052,-0.002674567672852601,0.04992513534328681,0.06494132086358272,-0.009076736170832963,-0.0044408694211957676,-0.017860934234466868,-0.005298201454509317,-0.00563651169233257,0.13676266868910217,-0.004262159084744147,-0.03756708278547857,0.0096613876929633,-0.010584226947681137,0.012976572455643277,0.035490176471416494,0.031244637979598252,-0.005171809098664198,0.009655109383637036,0.008416748776365094,-0.0072878764875924824,0.028150964186327267
0.02120352304857913,-0.016095057466534383,-0.012166245379647129,-0.023494861509240114,-0.00034353756011726934,-0.01626774814022093,0.011289546752443815,-0.0028504008608876475,-0.024899641729288532,-0.013330765901463584,-0.009587786449402952,-0.0013436978945913613,-0.012845645326589895,-0.03236300278636106,-0.011726586708102091,-0.048681506556158105,-0.004865605547305034,-0.028010698740391485,-0.010416882016655799,-0.024796976694860754,-0.1452104561870688,-0.0151547496927592,-0.07402428807021148,-0.006285517895127115,-0.01896590434231001,-0.03333406775405183
0.014018045201914305,0.02105965948286203,-0.003309510423860498,0.01603856629874023,0.006086471020694565,0.0076262268046666535,-0.0002770327701270118,-0.0047717043604292245,0.04753955289671202,0.013619129703092923,0.013427355545200444,-0.008824673687552138,0.0030289762480459797,-0.018819380225004963,0.004675358241942526,-0.004574856397602984,-0.0029016839635086487,0.010170341277578421,-0.006162433128384473,0.019863083161244303,-0.05783234666287442,0.007377115601506049,0.06503952400193827,0.008696671736380855,-0.001654896878485307,0.012960546533671777
0.018311067487563757,0.0035669309888091113,-0.0010629616741321879,-0.003731061054055788,-0.008411362616850764,0.026603436467032587,-0.003582530640147276,0.040536058982099464,0.030880066948954,0.004293878227696832,-0.0008459039016360482,0.024942383758268988,0.008152736627725152,0.06021476521193777,0.013870486896942274,0.06995417920341515,-0.0009567227493943597,0.023620848049515468,-0.002387571740364729,0.00618272558108936,0.04189551670094697,0.00260810908765899,0.04143599940246044,0.00875135498181773,0.00419133565217949,0.006397672712085419
0.030927879140384005,0.028535129981733905,0.016686051984539946,0.0009790099266728952,0.013996776992190962,0.06424357856969044,0.0006534491085500981,-0.0020971120505888377,-0.014532266550464934,-0.0029864083289443083,0.0021834319418357314,0.027334348133205722,-0.0030514953521938266,0.0007871404261582453,-0.005928296708943085,0.02169008672334727,-0.00179800353330677,0.06001624043763,0.011294375834037206,-0.008566282103140492,0.09977213171744694,0.021133175400659385,0.06371770279877599,0.010566867194516215,0.0011384894067158963,0.008735437501174444
0.0037443568575147956,0.019855308160521428,-0.00019748831505994632,0.015525733042055857,-0.0032918528308483346,0.0354264486780088,0.0020284825519005845,0.003241182930275307,-0.008818007092136801,0.001913959661754286,0.007495003981441106,0.026280713928530108,0.02294440589014797,0.06626933670149258,0.019058067762625773,0.015423261347021055,0.002527383353324152,0.013656333931364551,0.0016383500734248057,0.008245895575980683,0.17087507569201604,0.0053882614832875195,-0.0029302205514585007,0.015348802728871517,0.009680482408194246,-0.005897839358632784
-0.028063713212670736,-0.026804469136438636,-0.05073523517959531,-0.023659113390124904,-0.030167855312881173,-0.03332202408029491,0.001687293221999367,-0.020190575569943102,-0.014247336424753171,-0.019156161062785056,-0.01316945836166129,-0.01973101286512294,-0.0073543770363818945,0.0044050545240076075,-0.012965927496549899,-0.02457610926294822,-0.019343903759276932,-0.019724702868029853,-0.02225812916041629,-0.005754813849268689,0.02963940026063274,-0.025414821316907078,-0.08499768555206673,-0.021419217950591443,-0.015006014312945523,-0.048904318920034405
-0.0012085679647866794,0.0016801200514190058,0.004707356688609779,0.004281013673996975,0.04718408901120276,0.011228526318434118,0.03264138404422451,0.023128332125495508,0.014920260948851082,0.021337212889650754,0.0003599242226561953,0.010152546425397835,0.003185023993815509,0.005156308946724764,0.009095844342081149,-0.004082904088856583,-0.0024229946873309555,0.004105626337247754,0.0016398486483878514,0.0003952463316126908,0.1828613757923804,0.006178366257989534,0.007301606759960592,0.014994559757601904,0.04297762186928427,0.003633709895529685
-0.0358713278075333,-0.041451271203833503,-0.020573246067369315,-0.020139571938433052,-0.009189573288769962,0.005619155903110612,-0.031831120736765035,-0.059435986835242365,-0.028663934973143627,-0.021409325258089622,-0.010585790714539222,-0.030280509117737067,-0.00775619983720088,0.05470268710324916,-0.03477229974544734,-0.031404677167637306,-0.024000734790789978,0.013037634129914199,-0.017518376996474454,-0.05255889156056559,0.041083105299133,-0.012005232706364626,0.01201679723362333,-0.014319306280414631,-0.024430372531588494,-0.006163524852897365
0.0045076369926146595,0.015150895973112304,-0.003954197618761377,0.0011281753599129605,0.0037934759975242287,0.03000686529717125,0.037532338206459466,0.05023069452278929,-0.010208247788477658,0.0076033026327245136,0.0009614019409865997,-0.0026180891737061633,-0.0013911379150640742,0.1687037587908446,-0.004498923797155548,-0.0005322636129853137,-0.0014030021132558023,0.00048309752377040724,-0.0012669840800828408,0.05442405622980195,-0.07318920410483432,0.006021604879626417,0.016397068305646884,0.01861225330700631,-0.00017160024205025177,0.02577512974464846
-0.008212428879924839,-0.017268762376464943,-0.02308459206245434,-0.016486644288682895,0.001156741765840623,-0.05995566985676901,-0.023457326125426246,-0.012886192022940274,-0.010406768607226247,-0.006519398033253969,-0.004991718624036257,-0.02963882722723457,-0.00016240482946701558,-0.04866121404984233,6.490415264436488e-05,-0.03115264836669217,0.0034751906037831237,-0.024521009028217737,-0.01575620998966097,-0.011240229899739867,-0.11524224784766411,-0.007862896261006865,-0.04444693742379143,-0.018225669157215848,-0.01626498319428301,-0.01282061977828108
0.02097261153211166,-0.006483323132467413,-0.0059401582305212515,-0.0019597297606393903,0.011764368002524802,0.040540152905691094,-0.002305073630665351,0.015346717379148616,0.049886002963809434,-0.004802470113775839,-0.0060296399989357465,0.08018766338275604,-0.005241774411580695,0.05268759234037215,0.007816005630644263,-0.005024966972653998,-0.0023300191196846958,0.030539560057489656,-0.0024005197952806437,0.020575811999026476,0.0877669767270877,-0.014380190992860564,0.06921165642298192,0.013294493383404628,-0.0005737826521599409,0.002313474675806561
0.0036127062265635095,0.006296140036281847,0.007310047222727857,-0.002533616784853321,-0.006794726880270409,0.074094873093332,0.11868497021029868,-0.010136490656108634,-0.0091058939043998,0.00120555475636808,0.010330305729890002,-0.009531828420399777,0.026834171650672388,0.003136305946393758,0.005389584237902935,0.04857478222841666,0.007448103557987655,0.0011030329995298878,0.005289885944027075,0.045765402821467384,0.06928507820558003,0.0028407489903399335,-0.008603818412261384,0.017781361620962093,0.03634879173080806,-0.007527366892783096
-0.005100267760581237,-0.007584359001435623,0.005801666933980247,-0.004510540097580137,0.009259778670313292,0.02106700057045497,0.001100977181255173,-0.027474125123151193,0.03961989467499062,-0.006230047223662466,0.00026352048030107224,0.08546690453599914,0.019583825432153992,-0.01707926584289893,0.008086592211206858,-0.00020562246783579244,0.00186315793415441,0.05929613307389525,-0.003931098510781542,-0.015114371983324028,0.1006675663412894,-0.013743709992862568,0.055077204834037656,0.013929688456466721,-0.0036859917422357455,0.0023402603409000107
-0.0134817761710049,-0.027549638369682893,0.005557234370966882,-0.022791420503956602,-0.010172160813725623,0.01350871814960405,0.011880376473436217,0.0021990813021039147,-0.011526083878021327,-0.0159255370697548,-0.0025934379210530724,0.019236963911906456,0.0007469172863548937,-0.06966368087451955,-0.012802458160118225,-0.057369255808320516,-0.01422277342923688,-0.02587552480091998,-0.01812813895749214,-0.021384377507502196,-0.11110555640508174,-0.010687959150628736,-0.06363893316182494,-0.04718679964481464,-0.01830825159090671,-0.033284088684215805
0.017302626042801333,0.02345711980831759,0.005307337153918723,0.05283759105469817,0.006615494963783043,0.11499323274027637,0.005191638764431562,-0.007473024693920049,0.006495571337597728,0.013684624581805282,-0.0011676298914321914,0.0035850891308602407,-0.010288924596110013,0.009974296738754372,0.013209363274206487,0.027493968237406744,0.0045427850650828555,0.01847274164742081,0.008820580212221383,4.1637394639902266e-06,-0.05971109423193557,0.022384882869986522,0.10541091711309153,0.04266376493100597,0.0047912410395220305,0.016833081558426322
0.002891300068328685,0.03461662108933025,0.011236694089173452,0.018217754138854923,-0.004521008459191799,0.09316390273613283,0.004218919766096961,-0.008640800835288653,-0.011768545753306613,-0.0013883304917477904,0.007009016594819165,-0.0013670897898827754,0.007868190402356649,0.03429855036083785,0.011290800252215885,0.012303130292203543,0.00039166832202887955,0.016161902711772078,0.00706769354003383,0.013472631054694076,0.03942284185643865,0.023839184821294393,0.09629456429630338,0.01717430554032593,0.004856678069600845,0.017320863918178084
0.002064075161288935,0.004765575621985595,0.06369505414961218,0.01846211095712684,-0.006464258538712104,0.03286192869751359,0.005492652160598595,-0.010004794025815066,0.002829476803616924,0.010481713062194753,0.004633542772074504,0.009815746640940225,-0.002355418754470497,-0.00893502436482124,0.005640012655766791,0.10695285859490829,0.008500469441502548,0.008428984215351445,0.041595517303937304,0.02295958366068136,0.1023726050765892,-0.0028803130721277905,-0.01042458062909268,0.012291743481713005,0.008065563461920201,-0.0020800526093040115
-0.0058313222047231186,0.018955390744946926,0.00315749954809783,0.00255126819155963,-0.0050464996507742065,0.04257647188925294,0.07449185465848801,-0.012348093823225962,-5.42017265165818e-05,-0.003423987211383505,0.0003162185446484908,0.01197603335514072,-0.006270914559726349,-0.006598003761064546,0.0021682614389134484,-0.006404299211084812,0.005477996642207414,0.05782058694937654,1.806616856570584e-05,0.03490522818873796,0.11897321634125105,-0.011227042013162608,0.04199466926428042,0.012478256596835794,0.0030677382116510985,0.0015240567854489554
0.0007324029984479789,-0.018736584850284465,0.03018316154292862,0.0014048758450164163,-0.016775603211436063,0.0020500082896639784,-0.011501656112531764,-0.028074619328995944,0.017670537099356617,-0.010965777784174036,-0.0369104070905478,-0.008270441265667776,-0.006969970942010865,0.02471835273628965,-0.011387047420059892,-0.015050972643750845,-0.008323952723180992,-0.015743643038669826,-0.005060981128553897,-0.010079325001242069,-0.015689370950635825,-0.010078110665026703,0.07274005907919925,0.004345969772316279,0.0001897443476395617,0.0053823956551248935
-0.010699132019729923,-0.01737768458089129,-0.021575495009958357,-0.01716589926162548,-0.009525028189894211,-0.04530628012658153,-0.023685300757919445,-0.011619113076541175,-0.011991304178830667,-0.008815083766805815,-0.006909841608566965,-0.031136313823067658,-0.019485303847443083,-0.015004292483417303,-0.006467643614950273,-0.024517605025099264,-0.0006317460884704411,-0.01338019530483268,-0.01233089787729911,-0.016831558109098973,-0.12076532767051007,-0.0027743948938006497,-0.040344667062255694,-0.015842605662872534,-0.019851206126264242,-0.006671896143850497
0.0023169169052016034,0.008332618728718216,-0.011828412101288594,0.04526439762264106,0.006058959011725672,-0.01202162972857032,0.05656035955754663,0.030030254080877863,-0.003764722145199402,0.006918743451016123,0.005351330934518759,-0.0014831508862903264,-0.0006424452856867403,-0.0014788356752721045,0.006086340457073213,0.006193933727555932,0.0006027157463781204,0.007297526462282994,0.002875779211986516,0.010038063505072253,0.15076340972513455,0.004718999915584149,0.06448852353343684,0.007585054089963163,0.011810022720442794,0.04335668502671837
-0.0022072476005464497,-0.00198068808228799,0.007923247334340428,0.04081261184997537,0.025751926267675758,-0.005084614705396907,-0.005460058076511682,-0.0019407471946808763,6.978705485564708e-05,0.05927543792737408,0.013258896894049204,0.009904526428188924,0.021603022237595682,0.007671078893254441,0.04798078936639216,-0.0035027982886049968,0.005166667687362525,0.00312804933974392,0.00491990586145514,0.0069761463131529,0.030302337798406312,0.03167982863815439,0.05861414021919699,0.01481222905948059,0.0028099909900214763,0.03961363904558064
0.03035861638557071,0.03282157471743946,-0.027489220259905682,0.0008963839107602769,-0.007432326216572587,0.02924060672055484,-0.0033074167663544544,-0.0011099607909324082,-0.02590395146692228,-0.006652169165876482,0.002147744021251806,-0.01176957263832568,-0.004805232103018872,0.09435260317236135,-0.0013566927134918121,0.11834519224252839,0.019198801703749362,0.03637513725008365,-0.002825581684499741,-0.02196142524452825,0.006015839282043943,-0.0021214478607507,0.03829557192439773,0.004375937059307251,-0.004883038579347029,0.021292132358759687
-0.010323267735012884,-0.021137787720225298,-0.021077170524767777,-0.019116261783177747,-0.014463634132276807,-0.05417314480712734,-0.02152992585200599,-0.014119039506312775,-0.02169550320914189,-0.009646715110691177,-0.006567642657096933,-0.009344219905133856,-0.004088193243857901,-0.0368405221932957,-0.0057906738609534505,-0.02295738384893014,-0.00890834929564952,-0.015198209121780186,-0.01418392501266269,-0.006550496519915142,-0.13043286649122926,-0.0036297703666377766,-0.041314863142656824,-0.016046380734280795,-0.01679919730042714,-0.008633417333025388
-0.011907727284625566,-0.02047106632081589,-0.04397207318357318,-0.02389385398399938,-0.01616114416966246,-0.035014188547802846,-0.021596985485225623,0.0005333487901535372,-0.014293710138989975,-0.01043009528480373,-0.006177603130101263,-0.016206451823730254,-0.018107851549017576,-0.034270735399715146,-0.00987641459892116,-0.024586225289004015,0.005319625998000195,0.030665688110889825,-0.011553148907511565,-0.02623926472256802,-0.13691238295408978,-0.008913665272385766,-0.023804536311526556,0.010994822968369702,-0.02102237547808661,-0.013337214106286922
-0.014736759886774527,-0.005915742481279019,0.00029155088497630487,0.024941370265654704,0.0007501689689063497,0.066860276439369,-0.001795450447482364,0.03405431442659967,0.03204567848414505,0.012250448882391013,0.0013666597981558802,0.010819942997481676,0.029584110235781867,-0.009804855446365576,-0.0016299352245014707,0.014040415508147051,-0.0013593610411262846,0.003525776426076349,0.036920225861327975,0.022733945767273885,0.0334264694145975,0.007853382286780444,0.07932954350045192,0.01782264018109613,0.04338916500508762,0.008667457784831656
-0.02211046437149106,-0.013821255714471176,-0.030145493291877757,-0.01576985078079468,-0.02379154870960468,-0.06724042446476335,-0.0348288982787735,-0.039817407730280564,-0.03080304997964991,-0.01974397568105058,-0.021218258554445,0.040996699853334546,-0.011543504418313404,0.04064482256190836,-0.012087810367530602,-0.058761572167640004,-0.012561868637580275,-0.011448876973678676,-0.012833673329056085,-0.03785650308953483,0.020908404189211603,-0.005116531066196389,-0.007243343266526027,-0.015013585765161526,-0.025171870245650235,-0.015499327189375061
0.01863201549001363,0.021685394801851814,0.03601195101012847,-0.009561323867811694,-0.00831171593138201,0.030793796494503586,0.01592680673990199,0.028520999480316188,0.03858033534400016,0.024948535400767153,9.296523779457608e-05,0.0720704300979395,7.141686266967649e-05,0.0484757562240559,0.00976532070721686,0.024255529385382002,-0.003500761403118405,0.020415035531391845,-0.004265120379786053,-0.01317247702900995,0.011427333432358714,-0.007139469625300615,0.0558014221368023,0.005463737853990152,-0.00724586730851808,0.02068939190546357
0.005619269749857629,0.007386999021020622,0.034968435474256813,0.01302511062217935,-0.006284468168368829,0.030910664990069062,-0.004492930155694436,-0.015169680227337452,0.006054498546152833,0.013154217272800216,-0.003426791818265961,-0.04868430616306897,0.015294300220439157,-0.010853913366328096,-0.013686737059272702,-0.007928135154485802,0.012440786563081445,0.060528135748221475,0.0026303186092753003,-0.004857588286184149,0.08523344780395371,0.002349627703634203,0.0987980086177488,-0.0005898888259418517,-0.003864089924027175,0.026209480131234243
-0.0009200826343327623,-0.021421108696177627,-0.042383793833026755,0.003405076777473299,-0.013687791878330285,0.03827274706754612,-0.017036767889816753,-0.011701763982544253,-0.01324012781266676,-0.013091404095737544,-0.013275885777836298,-0.02189175561061608,-0.009271280228340027,0.0055096229253088136,-0.01758493059053513,-0.03326601861070178,-0.011172855505659558,-0.012464236528840432,-0.04353528036192778,-0.016304353310723475,-0.18038690150838577,0.0007779527660429417,0.03153289934982871,0.006228568895252741,-0.031012406942190807,-0.013313350058158884
0.008933141213273547,0.0013129224182441806,-0.002291497984060954,0.0024049506397963863,0.042631117730665746,0.05097949837513909,0.00596569915404557,0.0057186240065987305,-0.007198185100837721,0.017257436558365105,0.007274064855108149,0.013569106295446363,0.018567248290776685,0.04997291379035509,0.004146099137501472,0.03855330719016372,0.005441417962667789,0.04333567325443797,0.012170154645075665,0.00811552789101454,-0.016161298448028185,0.015783597444011747,0.07266923994059771,0.0193151508356935,0.012213030224549963,0.014752498271124945
-0.008590618384484888,-0.011945203270104895,-0.02050287344355712,0.0009615844366581761,-0.012527169798994205,-0.025853504847068852,-0.02030633295623963,-0.007097817035870682,-0.02068583203599984,-0.006267090844876233,-0.009377098323547012,-0.015200806454582981,0.006254786803104671,-0.03084382736249581,-0.0034630657414154394,-0.03351980083900978,-0.00923955100590726,-0.013936875325884066,-0.014479603478472,-0.020006544415561583,-0.13338906019372276,-0.010989387248595908,-0.06865340342893629,-0.02499413054510833,-0.01842040677148179,-0.0214949288955745
0.01231429951850841,0.00827291800921353,-0.0017290182396603176,0.009748019977484809,-0.0009952657188514815,0.002896724129127946,-0.008769927497372767,-0.004750877472451602,0.04227406854383003,0.023969366082190666,0.00024497532527276513,0.006429628481753032,-0.0007071555727755699,0.09167405163183345,-0.00043765652744835737,-0.013595489661870153,0.00021237971304212904,-0.007154659662798069,0.00021019103221879112,0.013243528854714054,0.0759694363885195,0.00814992831042094,0.11017389450862587,0.010333096796405193,0.032746655057717525,0.028041659917308403
0.004985668777865509,-0.039736852586923214,-0.05686292869348589,-0.009233843010981208,-0.0007932011238621944,0.008084566107915006,-0.022894439402580517,-0.06787668349614004,0.02214987689079122,-0.025755202082040712,-0.009058272809838345,-0.026952541008768684,-0.03669996587615887,-0.0015026270814177973,0.0013014937882416,-0.022210312456789356,-0.012907886580826936,-0.029574384655469174,-0.015876735022874032,-0.03883410995523639,-0.002613797795379161,-0.005846707569259503,0.01151891343636954,-0.006025066857440384,-0.025187460559609853,-0.006166061784519905
-0.0033815304896920645,0.0026184283729768364,-0.010695624936156722,0.029104331018638453,-0.0026846428458629497,-0.014353370717192372,0.03583563066643061,-0.01525020052408215,0.05638539147471757,0.013552870350400207,0.0023266763358790674,0.013706592532003863,0.007763726938577787,0.04120021258012259,0.0012302337286428174,-0.011270417498241392,-0.003955376009258438,0.04778507330422446,0.006033878185735887,-0.01505900858722095,0.07093242950101925,-0.0003164212232989698,0.12628223486639115,0.0012519865458812667,0.024585168285426638,0.03180316673554155
0.002487368377938485,-0.0021704193879518705,0.0492077319479951,0.0026282892424095722,0.03231022609045317,0.002860502325438277,0.002230101798001663,-0.00832877705098924,-0.004808943341149757,0.021105979680925226,0.0031847694260099656,-0.003839366880531796,0.026513449762928666,0.0912329608173202,0.002987816601708852,-0.01678823273811267,0.0052198274955544965,0.007494683365721333,0.002405013556768673,0.029166034023734473,0.17838813752282043,0.012759443915397942,-0.006204473344211418,0.01715892777817759,-0.005366806438398868,0.0035971940437148336
-0.0053073671902302885,-0.02865624507671126,0.011753034266838514,0.008917198266781428,-0.007772752517779621,-0.015778550318855337,-0.01427033590718871,0.006897747088386782,0.0044578750228160815,-0.0002712856624508181,0.0007809145632999954,0.011775610369237419,-0.006115722974209653,-0.0518805516075064,-0.00438737150259541,-0.02500229825649121,0.006919815992769866,0.0863605719707862,0.006324557771180529,0.009268777925597481,-0.12771264847667188,0.0022016064468908785,0.04973413112604864,-0.008119487172849714,0.0038032501569603794,-0.0041874484107321175
-0.0124391671810153,-0.02154439428472718,-0.024013149559804804,-0.012565397878228537,-0.009388058616694984,-0.057434822940131136,-0.021848222438842345,-0.019056741743184218,-0.011776423924023944,-0.008812050988235447,-0.007840910877413391,-0.03839350922464859,-0.01658757916389525,-0.05756066426082266,-0.011516283580562368,-0.02268877974312897,-0.004825727606163828,-0.016430932946767507,-0.003328831576262058,-0.0198248233071976,-0.06708647181976841,-0.0033707119444539193,-0.03405114860698838,0.0080443201311909,-0.021022899450083857,-0.008094066765483562
0.03200779951082443,0.03409984875526818,0.0008274949145035559,0.03625874863969351,-0.010657895952630675,-0.0010168587643503177,-0.008292378052472278,-0.007692020726524809,-0.00819925940921978,0.009460405668477313,-0.000148416825448852,0.033353453774159464,-0.001982178444272954,0.0423882825354153,-0.005763233144279006,0.0082416425611014,-0.003895752385244379,-0.0022504857534042465,0.027719113188161094,-0.0009084936548946862,0.12856613795319233,-0.0030877060273965516,-0.002342101399383416,0.009368185733545325,-0.00850813260184432,-0.005448094834684103
-0.0070362896178623935,0.06496787489583046,-0.006764113003870815,0.02419435319879775,-0.007347878899775375,0.0037031962873399957,0.005215855494524804,0.03010124494639634,-0.007853236014566275,-0.004177688984718217,0.007708563832806645,-0.016214706925874303,-0.0003839737943488009,0.05902664081685314,0.002944870046990637,0.14174272051953174,0.0038266451790812126,0.0007114197121449124,0.007296069060714554,0.0010323421932369537,0.042636165815736975,0.01276304900280621,0.03022713923185686,0.01636935249419807,0.007498036875788602,-0.006756213771996255
-0.008896024674983625,-0.016782469473519083,-0.023273463950405044,-0.022047738931491766,-0.009087301001413898,-0.05665681210883243,-0.018390249249476867,-0.016912769474159768,-0.00454411398577762,-0.010305768719059163,-0.004692619702950051,-0.017626328778557507,-0.01136257469023853,-0.04414451607076103,-0.007161948874106279,-0.03663902325885884,-0.013515056122253283,-0.025782592897893995,-0.01049789814963807,-0.0054645252677721825,-0.13835999797359133,-0.010447364152046624,-0.0026050555606399513,-0.013558044876973024,-0.017648128233992148,-0.008166175228950358
0.026910409452568097,-0.0056886308581542925,-0.011596157277648561,-0.004844015922887469,-0.0028888088810706423,0.045269363307765244,-0.0049614037808152454,0.04996019360202777,0.03185039468188997,0.01152319061637265,0.0016596548724321582,0.08749353402144394,0.00834029926354348,0.0704787447493203,0.017242261111104103,0.022901916542035446,0.0012711553611133941,-0.011026103512508914,-0.002723627665452378,-0.01405925004352754,0.06553820452856642,0.004985217560369957,0.05084547687192635,0.009983713015850089,-0.006026254134322777,0.00299196110973943
-0.01577221363233829,-0.021941388449693438,-0.009572528657540323,-0.02148753095878024,0.003420667394989772,-0.05572120400453711,-0.025962457691318098,-0.01508624634719891,-0.03445598208397983,-0.01412835758104654,-0.007921896521092984,-0.009715135708724839,-0.013251064653591093,-0.040031831235122974,-0.013793210592999273,-0.008885460408676635,0.0033004009672958456,-0.03219737536889743,-0.015096184837808667,-0.017070464243480864,-0.007409194982682987,-0.021717848414463854,-0.08072224456691574,-0.0012138800296796282,-0.01809325508644158,-0.03170934038059359
-0.01094259817884619,-0.013049651378036183,-0.03183718922151549,-0.020648537999345042,-0.010290103604387618,-0.06739079680229246,-0.019090486630471474,-0.021402961107621268,-0.011995169950149714,-0.009641881205505045,-0.006596091890898798,-0.02878538928900039,-0.014134434035272057,-0.03790960033222815,-0.006529631108082798,-0.013329842463543377,-0.012056228999225151,-0.020337127716162594,-0.013440747332544833,-0.0163180760202592,-0.13358052550795052,-0.006983779642226599,-0.0052624230175073025,0.0013215497595065484,-0.01624350602290988,-0.006982220600639855
-0.02545787441533057,-0.02183684452202101,-0.01856751359687638,-0.02633744619851325,-0.02607783803681377,0.0012127604997624495,-0.025185899911346545,-0.003326190535329029,0.0059669772655267265,-0.013372395169982074,-0.011527171012058747,-0.025572094600212078,-0.010588123949706782,-0.07687922095742174,-0.01398988526137372,0.04598566935266409,-0.01601435114064296,-0.027627567640211986,-0.009219206278871168,0.00370163888403671,0.003557431008440146,-0.024997072021046826,-0.057171797873922396,-0.0011201786679367774,0.004663127035989424,-0.029231938109664915
-0.008413951372721332,-0.006397459341237349,-0.014360976717329749,-0.008344280158824975,-0.01001089554546317,0.003883770741424461,-0.010012114699833858,-0.007309903713784051,-0.01672240651545913,-0.012422422543783358,-0.011251053729573336,-0.031072757846530318,-0.003543035084704383,-0.04711535437459042,-0.0010882982770043083,-0.03695846609455539,-0.000782308258898736,-0.026998958063804764,-0.014953404714288129,-0.015926930414594333,-0.14309583687000899,-0.007147832834684638,-0.04722190129869374,-0.03318136759937336,-0.023092663038254486,-0.02102775304163971
0.018400624473158933,-0.012794566506801828,-0.0288307094085621,-0.021008841801585375,-0.008342439849272036,-0.08425593850156896,-0.02193249218675052,0.0038759139687388317,0.01260217581695973,-0.01596030321752256,-0.0031987461618145315,0.03228049099962231,0.0005875673748383427,-0.07586786002971498,-0.005871342537386725,-0.027098933939872876,-0.0145395466944129,-0.012693953701532704,-0.007523721132213187,-0.023231624277110213,-0.21177114745695574,-0.008596960494274912,0.016842195173259845,-0.03470906070419156,-0.015992837114514675,-0.004936503498796464
-0.01299692651152148,-0.018801666635144456,-0.030237016636228638,-0.02445076152259377,-0.021873132992680153,0.01818045709218481,0.00020678680150185245,-0.014381327433956644,0.003553106358410905,-0.010649108562648644,-0.013031060304077571,-0.04309022101800179,-0.017363635846028996,-0.041340447673393364,-0.005766887145485169,-0.014067102197349834,-0.010093225653518792,-0.017614945409962928,-0.01213091487359774,-0.008204356060400842,-0.09299538672544973,-0.006224740984866538,-0.061787620215177426,0.00019680732953529002,-0.00014390973586428702,-0.02582496121566747
0.006085641844015077,0.028149145789608365,0.07277567775607162,0.031000078408845853,0.014221349796935833,0.05639299680995143,-0.005130788738016511,0.010736777432075887,0.052378284371572194,0.010793210183612966,0.0029636047975207924,0.013710531273647589,0.007419719412680722,0.01019181554479008,0.0035764798760119375,-0.020827082413668322,0.002946237939147802,-0.008009269024864474,0.011001497450245024,0.01040546691175715,-0.07368322591614813,0.004971492688744663,0.13171177945446264,-0.010651931915865519,0.04150188005085515,0.006911179918703488
0.01846833416127884,0.0043106158876203195,0.004168249800032856,0.011818862399531624,0.0038816633989693958,0.055098700142483116,-0.005822518137397733,0.03438054191820716,0.03835230030374185,0.007999885777976522,-0.001026357908254586,0.024896106724821433,0.0010404562507123306,-0.01631740023605807,-0.002340827907720967,-0.017360739496044116,0.0018017713888350238,0.07001872038604481,-0.000265963073154531,-0.006193927191926748,0.06820061232456243,0.008163616687541779,0.11549833898117112,0.015452068406315383,-0.008410100714874975,0.019618428317208884
0.018850751220018922,0.026298794355647907,0.01562250833487443,-0.004190341788113509,-0.0068548826956373946,0.07829960247723197,0.07951907943684443,0.016205082268635058,0.008143723087067777,-0.00048804573168526006,0.0022073657946625907,-0.015516836134663703,-0.008343773989339477,0.002939069398842187,0.006888992026325723,-0.004439682596487191,0.01015294557015696,-0.005327178291287416,0.0010075120210068002,0.007561597154231655,0.1514230668985998,0.006906590343778128,0.03261542619459837,0.017080394152491733,0.0028578749771372334,0.006011804106743574
-0.010192266932367598,-0.020931365560173307,-0.00666922880764782,-0.014169286796966964,0.003445704643895513,-0.05264572611225385,-0.020213577326846043,-0.01800001999712837,-0.019044064014444945,-0.008488006345393755,-0.003930467558599522,-0.016359976341343813,-0.010843827496091047,-0.05257204012172563,-0.0038100542382184213,-0.02521407363096156,-0.01290662355497042,-0.023010832876176817,-0.012696119262084174,-0.006644382374341532,-0.1441482769776066,-0.002765353252760869,-0.04898382235913931,0.00226580642183265,-0.01747719101273273,-0.008563489524161971
-0.018136632815157736,-0.005932465470964479,-0.02036108523679409,-0.024383671922654743,-0.02379371693939381,-0.04368862557451181,-0.009780930502812568,-0.03739754841173241,-0.013327146563244607,-0.013317829725158931,-0.00978584622562663,-0.04964302093872315,-0.015009564909136644,-0.03712028057401017,-0.010573248249860752,-0.038155932531956434,-0.01098899208007433,-0.02645756280679795,-0.014914091179266441,0.00865114752935409,-0.011681068363082676,-0.010158231196373815,-0.04547454775779991,-0.005777202441291198,-0.0014600271980384988,-0.012567105990065941
-0.018687119851961913,-0.018229914242897993,-0.08441055185482173,-0.018335923368627702,-0.00672560577196782,-0.007586802861338652,-0.02793377173715751,-0.0541826041433704,0.0016349625104719117,-0.020676086264850447,-0.00897798210966992,-0.025755532948015438,-0.02779654302419519,0.006792213014114973,0.010259679544028889,-0.009837936626306417,-0.006808730647995149,-0.00017319275624057376,-0.002670218975592147,-0.02912224939574303,0.03595943586434287,-0.01458025528763415,-0.012931301656251795,-0.02536252100535025,-0.02250660242518223,-0.005923405386177532
-0.0008796969423464425,0.09741337506958049,0.039268673263200896,-0.0024211897294255016,0.03246902504431562,0.057075589004459776,0.00423727699515575,0.04134317802976671,0.04163698671755655,0.0064652664796531175,-0.0033127204544248275,-0.016313421809550168,0.0017286044978240356,0.0005744992218604568,0.0005972248851279775,-0.0028009760415647995,0.02224588512423304,-0.01311904551080846,0.00373570409435738,-0.00543890151832253,0.0595295331115179,0.005218607390274149,-0.010724756911875013,0.008461902045732625,0.0039408334825323755,0.0006507767035907952
-0.012908634093097459,-0.030266812815678248,-0.031177749115410488,0.006354168662467596,-0.016811932530978548,0.000701563163800989,-0.018085253274298982,-0.026523080129278107,-0.023164379463149292,-0.009503432230824432,-0.01001911504234601,-0.022367204655920164,-0.010980621827461207,0.01381464072780568,-0.011003840051579748,-0.02694791831871756,-0.011282343923602969,-0.01751349874356153,-0.0144483305415504,-0.007018771867485565,-0.1130288257166232,-0.013278585106644392,-0.07536375954578768,0.01117094401197805,-0.017513564587222644,-0.030735557726494236
-0.0035965745259869705,-0.011777605933252264,0.03195790874405299,0.020535786040963653,0.04947420882138249,0.05463135775826078,-0.008196347648814729,0.005008648228890652,0.005553810908539725,0.027332672096429554,0.007221143306861742,-0.018912355393799526,0.043492102299488994,-0.016276522583768393,0.005981665738289157,0.00880562739197752,0.00710719161118501,-0.004256860705919213,-0.001445314396194359,-0.0004917150336115848,-0.044116923225003504,0.0018831398692950457,-0.012949926164653488,0.006959545868882531,0.01453702846898283,0.07482688990623824
0.0027008070001158526,-0.004761131035331521,-0.009817781515583135,0.00644904274485969,0.016042559064438147,0.04564574247563478,0.06382956779003406,0.06730732730108363,-0.005349279373385111,0.025105838938514178,0.016017359403684223,-0.004317141404887934,0.015157583057367988,-0.002619879386080755,0.02612855484090185,-0.014545337096814066,0.012637557094257328,0.006249879142333411,0.0010283457730648317,0.04512264218212117,-0.020608004782532732,0.0034454760747120784,0.028360463585696417,0.005357978517213971,0.04791943410686156,0.0696105007600451
-0.0076415403120560135,-0.0007011066717680709,-0.005296695575337455,0.01613913540685693,-0.0004289601251029742,-0.0023274495853407287,-0.004814699909873614,-0.009969475085747997,-0.007021641993646065,-0.0052304866768448175,0.012806782796970465,-0.008374776967646812,-0.007795945408570476,0.20535044583132714,-0.0035706768322912785,-0.004642939129483883,0.018791979353646706,0.0014125538041734307,-0.005107501722207949,-0.0031028123437345924,0.03667005104300444,0.007487251986498768,0.01020171967278137,0.012961993061003253,-0.004581894083773299,0.007551461392097853
0.005604262304750317,-0.011784757712924115,0.04699856696708013,0.03758331410587288,0.00881831769988908,0.07206323478309239,-0.0025697757011927677,0.06974660852577565,0.012565422955424834,0.011919840649402219,0.018203685966247767,-0.008129313616859554,0.014240394102566162,-0.0009359236661689824,0.033585224201504185,0.018272265444445372,0.0631404444722434,0.0016194659748889337,-0.001583725203702976,0.0019772313553833502,-0.03892247635126133,0.00793796329514942,-0.002468318859005745,0.007796593844520227,0.002788306767349626,0.0769645862871637
-0.012556865632954526,-0.008777020523365951,-0.014269696641081733,-0.011196747908128796,0.0035085619699415757,-0.06387144365302845,-0.024191913740182702,-0.02518314232490656,-0.01923955109281418,-0.009803161237078065,-0.011591278378218453,-0.031212019551083766,-0.010853334868719837,-0.03002797389511886,-0.008971341537701722,-0.029511359066698432,-0.01196429513787069,-0.026429840174787583,-0.012554661298914329,-0.018560646827476015,-0.07273035880118071,-0.006362272489859383,-0.05614582180554583,-0.013552736106671048,-0.005920012942142924,-0.02259962774285399
0.010005790009330917,-0.00031977507868315543,-0.04661697857777991,-0.0028743711827193498,-0.018782908183083185,0.020182451050203214,-0.019081591056733165,-0.028084449965940242,-0.00820356117906235,-0.009515394550399488,-0.013670288726299757,0.016128320739683403,-0.016014070419415823,0.077331378472869,-0.011060883003657391,-0.031192717308375844,-0.0024047635432769164,-0.02405817441471208,-0.011260434875279595,-0.025818673399163366,0.0671655031378936,-0.008301337808777811,0.01700554405952623,-0.012598729570862454,-0.014074498526390342,-0.012414986468366796
0.005541068665052326,-0.0233066700532698,-0.00827238581413958,-0.01138686746424313,0.01272527622749806,-0.03788813561876233,-0.021802355322799817,0.0046865292678414106,-0.013992465062241952,-0.013519014175459065,-0.012221823704599292,-0.0009938303958941192,-0.028570074549296075,-0.07784437046330563,-0.01737708521280012,-0.021577035123333192,-0.020336936262735937,-0.014965670062255902,0.007241053240041988,-0.014193049755833707,0.06579313079827569,-0.04318466709597773,-0.022167269365536743,-0.01938092104860127,-0.0027219110513415413,-0.01801974867136151
-0.02942315033212498,-0.022323069362948932,-0.029167181759858586,-0.00019695713785176182,0.014145331958768789,-0.03341142551669463,-0.041905953946961075,0.008136640732877624,-0.017812767868315805,-0.012312779746815314,-0.014384557541274233,-0.00036945333558921506,-0.02768519684001588,-0.04302916041926557,-0.011948864090842634,-0.015685175359020177,-0.027197791415790196,-0.01843798748320072,0.013312381753183672,-0.018564270498805904,0.0678380960286167,-0.013620461324699941,-0.011087087607409738,-0.03402918122322408,-0.006184392895299562,-0.017057479509114928
-0.011829501051226212,-0.011917134409275297,-0.029614096736241102,-0.023517901259093567,-0.011756098355785397,-0.05923282818158942,-0.020670863309094987,-0.022162184009593796,-0.017838693577595256,-0.013205508972957403,-0.004258771009991682,-0.04098018155819502,-0.011524222650829018,0.027684191692349123,-0.013344399695824054,-0.041804162804633165,-0.003996042364817703,-0.017900480666102083,-0.012846552618183437,-0.03514882501357978,-0.019606798859250915,-0.009437632938418285,-0.03335941445696344,-0.002696033115070439,-0.020576430233544864,0.0008608936360586182
0.007520309554808125,0.035048350099694814,-0.013686792464335467,0.012140026379745667,0.0009284666623627598,0.061498409975748465,-0.005671675247058821,-0.009603540108256581,0.015937820183122498,0.012221644529381997,0.00394592775962651,0.0021725043665422696,0.005585662075226097,0.015333483537716115,0.006804635720334623,0.052635647865451225,0.02525290825529412,-0.0012622333277215226,0.007094659688837673,0.00995164302048203,0.09037664262907914,0.003690606728326514,0.06868918663262741,0.01942255790333308,0.0036826097658601872,0.01238864307197883
-0.013346202133223779,-0.02867926713436733,-0.016018885557286013,-0.02283713008575804,-0.004786022110569482,0.013547112289365662,-0.026768322980444348,0.009714376969734076,0.01549460953822282,-0.01417141510059154,-0.0004270065356634662,0.027275980839739263,0.003200292245637271,0.021722140406041333,-0.009103950555948618,-0.07044597945278318,-0.015375197826765146,-0.018128999082561936,-0.013863269202103512,-0.03375296526533502,-0.17743929718383478,-0.010529125642506658,-0.05326452333826126,-0.05774364721829352,-0.024426537962982636,-0.03441532932695186
0.00923964874792436,0.012552315464131769,0.014476678434117976,0.0013891227065580347,0.026984577386881165,-0.00016541809013763154,0.07079520089024587,-0.0060306738132352815,-0.009972092630878822,0.00649541290732458,0.008074260221568033,-0.014577391269072962,0.010109107210960313,0.10888811386077639,0.028532097428390787,-0.0068041588647043925,0.05718122135557323,0.01279184260407355,0.0013658498152611283,0.05526556260829849,-0.008814860318239252,0.00476738393347825,0.031060110303253417,0.01933995115098137,0.002062524876782419,0.010425051671245399
-0.002290934840477863,-0.017354743506775,-0.03063371524836259,0.013355855988826165,0.011306255142822588,0.053214642492474803,-0.005478094390759305,-0.016197664862131762,0.03188892092668874,-0.004949799819253501,0.002081592994308335,-0.0143614860187214,-0.011895627252374136,-0.011724745757588521,0.014059627782769793,0.00010272951141809307,-0.0015214455896001046,0.08346847307612296,-0.005479692211778233,2.4089535145185936e-05,0.060589902628361975,0.010441458058542925,0.07941242323239354,0.013441504421421986,-0.008922339979432103,0.01952091894422359
-0.01700975242455328,-0.01083029928150347,-0.0381564599772709,-0.015197065411935367,-0.0126104529291931,-0.06423660562937439,-0.015135731993039424,-0.032338717347023205,0.02064396276738054,-0.010643418697169175,-0.008797373717764753,-0.036649419774597375,-0.01543390866450393,-0.05507736324414727,-0.005558597932985781,-0.015735713216722114,-0.006421799151647176,-0.034220845608104934,-0.014973689374242618,-0.018854794576894308,0.018663214709250586,-0.022569740363479817,0.004760957703513849,-0.014642908579606425,0.005469828436251848,-0.005678533795674328
-0.00782327296016854,-0.01265830662562426,0.007929412851536349,-0.010673666053892144,0.0019383989604317292,0.02729242605468609,0.023836933257235585,-0.02020880018715969,-0.00352363454021956,-0.0033732546686498937,0.0003038576194353146,-0.008695018795057604,-0.005412575912462465,0.03127700021254302,0.015273572814227277,-0.017887005912461146,0.012870782598443504,0.03708201448097051,0.007287646871472599,0.05189655926301156,0.07006254727066542,0.009605833789684916,0.05872926002934264,0.008172255943698265,-0.005203694785626304,0.027332167015508432
-0.010538368368298925,0.07042854914376398,-0.03012463206958616,-0.03593930738024651,-0.01769969540279996,0.00937938872711849,-0.02201080011590737,-0.016204936720975466,-0.013097353255153677,-0.00635986951223235,-0.0006722294801327338,-0.03973012964657124,-0.018692322732182444,-0.02952623904868114,-0.004533726777978077,-0.019336738256866538,-0.00813470324414005,-0.016877462585287835,-0.01769709774611126,-0.012590840554050981,-0.10891209822191841,-0.009863784378964912,-0.06946224549395581,-0.00861939305129537,-0.01844632225508336,-0.02397286964732889
-0.004792774191699771,0.03158918011600127,-0.010471908417141238,0.007254883386530104,-0.006770353741334237,0.04425234432764518,0.05166475127919559,0.0327384908953166,-0.017978360349007797,-0.0034264140941506547,0.00018127612837174213,0.08257209364530457,-0.002472879237033789,-0.0017244845527192032,-0.002106891505379187,0.021457888074035158,0.009267974546113533,0.032942201764111965,0.010066617618714415,0.0027016040009860166,0.09779264878128867,1.5520766049013102e-06,0.04679627145278569,0.011735198564641145,-0.00018837451323627411,0.0123489025356737
0.0013446469552649293,-0.016895909161174002,-0.042648905199074966,-0.0025565294842167306,-0.02615821311231197,-0.036599791860344046,0.012544013969157823,-0.03584426794005423,-0.024184629104190683,-0.017674565916912938,-0.02247976137854098,-0.04163914082452655,-0.017286083519157468,-0.03800893735169255,-0.010520331944493368,-0.027678947216580055,-0.014017282202082352,-0.02473308673134986,-0.01370207511665687,-0.014927610333697586,0.008705611263531714,-0.010703970154849599,-0.013664744802503315,-0.01607440774233748,-0.00042107248226060936,-0.020409236684035523
-0.011592257669075267,-0.014760707952960238,-0.010652999352907585,-0.00819405020474885,0.006494785876672153,-0.0410954943653239,-0.016474022433612862,-0.013633748991565497,-0.020594337462953027,-0.008622599141036576,-0.008141404707404178,-0.0318000963498588,-0.011827090077056684,-0.04369973797749293,-0.00544924586942682,-0.024380556894217174,-0.010724777542601103,-0.011324438538393697,-0.011973466744233958,-0.020181067597350517,-0.14359840309680721,-0.0034237921239950553,-0.05381170957323408,0.006930317964289353,-0.013651496965598931,-0.013941719172777705
-0.013960297479830774,-0.008656206600737364,-0.048004344275384934,-0.02061246695032374,-0.020938068941834448,-0.04353249984951123,-0.016704787236918556,0.004096189326818239,-0.029215283022487513,-0.010245936695113863,-0.00802957851497192,-0.03520048600831737,-0.010513597738087603,-0.02978763134483168,-0.0054450551772237,-0.02084338634065155,-0.014732701446265312,0.013209583613049187,-0.01924182843033072,-0.027452312061100687,0.02193617571583078,-0.018714948334727463,-0.005593386852410248,0.0021702583464443914,-0.018913086739864533,-0.006309545036277438
-0.005595650344104064,-0.01553309267287737,-0.014971429359640825,-0.01696722767823671,-0.006818036856259417,-0.053193098705965926,-0.02170644702117877,-0.02085446589124206,-0.01850540396327061,-0.011418509541182828,-0.008081498620515618,-0.03006391370869527,-0.01163082598314016,-0.027143707023048323,-0.0007087816470643385,-0.027290150883347238,-0.010108221666858885,-0.018220597243064254,-0.013578001909808419,-0.00843681752797581,-0.12262621680804968,-0.0022601496877907696,-0.048005260598053046,-0.016241205432418332,-0.016018272552636267,-0.008591578082296328
-0.015856750023735683,-0.017507431211980413,-0.02251090186543868,-0.01670039366024079,-0.022327288905279942,-0.045512691849290014,-0.02076326616157499,-0.011904184787704022,-0.030365827052686267,-0.005371329260739618,-0.010558680566649341,-0.03756941316805644,-0.006038847763049306,-0.03305924951863212,-0.010631429290673679,-0.03347059144443749,-0.012228285805788478,-0.006846080608242586,-0.01676672534701252,-0.014046280152229168,-0.012515302779195549,-0.017313470409691355,-0.07200795801500107,-0.018030089014994616,-0.01948181415290676,-0.025184278593143067
-0.008687461033905674,-0.02067935304872649,0.0023615656252674293,0.005174972080074461,-0.0089786603710515,-0.05604284764624448,0.03182938918604687,0.0222606342256324,-0.009545626535845488,0.0021889224821738285,-0.013725068735906367,0.03073259967726269,-0.001793539739507261,-0.06817547636364663,-0.007250568149392179,-0.00029763551945048147,-0.00233737403705711,-0.008922625155433928,0.005816992647502644,-0.009656812032193672,0.07730871271586628,-0.014786007219523379,0.002413826161578871,-0.007286967002111737,-0.004059676367532004,0.020106559784773447
-0.015140806001457703,-0.01559780413632544,-0.037264997701206115,-0.01774999108634021,0.004278026242305188,-0.03586011494029865,-0.021015772927626006,-0.029587254115252433,-0.015505170043393315,-0.01436834287012094,-0.007187071918787093,-0.008635795749942766,-0.021942950154005554,-0.05150944682150037,-0.01047872494058915,-0.020060734352995577,-0.004435202700748006,-0.027324051968058535,-0.013393652744090533,0.0014105065084306784,-0.0715730509522051,-0.013581359454329601,-0.040131296586100595,0.0004469252022652256,-0.017546168005837345,-0.007480925855751842
-0.008473696474119044,-0.02035389294187285,-0.015029424690357202,-0.012249088087466282,-0.004274364426374798,-0.04458183240173807,-0.018134200913493922,0.0023519972563755976,-0.01433841832921412,-0.008204805250315382,-0.0040729923839000395,-0.0215225099661707,-0.004572016734179839,-0.03979048496908494,-0.007712668281011153,-0.026152108665191263,-0.01157750220912995,-0.020447172247128186,-0.013894833246137326,-0.008214799724533678,-0.13909423342024638,-0.003936908561224763,-0.0521657711619301,-0.0147912463682255,-0.01574367504294434,-0.017591912168256892
-0.016114991434607512,-0.01313050672030955,-0.03958718380869524,-0.021148360073091486,-0.013700658674949599,-0.07345124323804018,-0.027219069622699568,-0.003306807453108947,-0.02181242782532258,-0.01467411577590649,-0.010935914289170021,-0.011364218719627681,-0.0198708805188979,-0.04735677208931917,-0.009631426451943518,-0.030184072649384185,-0.013928354901530595,0.027851518939152865,-0.019543695035153366,-0.02297652350338234,-0.02347346582536538,-0.00556525774715031,-0.06264550231481719,-0.022289463690113785,-0.02092476556789833,-0.017584402417119376
-0.013213973585375703,-0.004245441192555749,-0.026850546969988766,-0.01932898009192827,0.0015045598813176566,0.012260872303115757,-0.018922118440792543,0.0079007581355257,-0.021460411866139333,-0.008490158466868078,-0.005658244286749989,-0.02011194877183293,-0.004832618701871398,-0.031946772698011876,-0.010911845046989794,-0.024436475479666847,-0.01577284020926893,-0.008316923499296256,-0.009888983717929895,-0.0037010136403453366,-0.160731196633101,-0.009219189072093398,-0.07998791741437616,-0.01939752435347094,-0.01685112392490265,-0.022434694140938072
-0.010407898701360647,0.016710320205780928,-0.006476813838604471,-0.0006727164889394569,0.00910432794697485,0.06496590465384564,-0.0005404098126399748,-0.01568550414827692,0.02629351107007911,6.0259386685488974e-05,-0.003399004204924234,0.03656671494332903,-0.006391397717731537,-0.01566646645719124,0.009480772687402907,0.009793683122407346,-0.003775011653219824,0.07711170014390444,0.00024765069096186387,0.011337984921295,0.019790774594117447,-0.011945271813291492,0.06090528068842766,0.01766304548559856,-0.00481296092631341,0.018506297146620724
0.0017518574896311584,0.010208818279822755,0.08893058203533712,0.02549992191143584,-0.002554381313430345,0.028117437611862844,-0.005655300023101186,-0.019726919602724845,0.015023338636202473,0.029156403614343844,0.0007506812494291121,-0.018276830925091504,-0.009074921225457902,0.07684561442783543,-0.0013151808378633002,-0.0147501896500292,-0.0015646559271527104,0.022119782197319977,0.0022515949008657782,-0.0040464324241121915,0.02376722594805291,0.00495895973149576,0.12624591983153147,0.007160783857131751,0.021222606653194125,0.03838472214512757
0.00853169090741946,-0.002415635186409983,-0.030781094329614817,0.018997175668622298,-0.0005384972118239361,0.07465939192904791,0.00659553942460864,-0.0012711777425529944,0.011098965761683023,0.0022866720973272366,0.005716714722463522,0.08221057818274105,-0.007926124124384499,-0.015774363781571273,0.019037058217166464,-0.010222273540008958,0.008659129348940938,-0.0019372079621180227,0.0019396319222449265,0.015355345259041161,0.03981331039250042,0.018236702861568754,0.0761812096906563,0.030184241354466273,0.006551133050264676,0.01357665501261801
0.025142050254348534,-0.0016153246378117275,0.053792744993342516,0.006152101659125899,0.008483332851726363,0.03483637997529473,-0.010731732072375088,-0.00045239340228374694,-0.01025956379136079,0.011277160341139632,0.0009339926101965152,-0.024231553363963324,0.008159590239584649,0.03777335877192505,-0.00012892882191841622,0.0012730918177906046,0.017361972194861783,0.0463006772189113,-0.002085386014157632,0.002198820003133756,0.09403306069522316,0.0026338187817021574,0.10982870527521804,0.0032001588981621933,0.00017598705672012378,0.03137931705707716
0.010325019787553198,0.020116298751027238,0.07793882588500319,0.02386047438348699,-0.005360013765916979,0.05187208632835708,-0.008851766388856052,0.028269080937324866,-0.005853285980632447,0.00463632100598283,0.0025591554913852468,0.027344617683719815,-0.004522102581590091,-0.025930458737721276,0.0009649962951827056,-0.00624598284455644,0.0002016921395118186,0.0009328897571546411,-0.012976101367579972,0.016909486042183418,0.046846473571902095,-0.0030444148210351223,0.08905712767320714,0.016943071559619553,0.037492288937882944,0.001945658849006356
-0.010575457857878192,-0.0025853421970216707,-0.009780146715661462,-0.017329236149222174,-0.0020981993455608445,-0.08118252155887642,-0.016046174635215658,-0.0015003920048762736,-0.01253761473176619,-0.010153864346538992,-0.007242049886291835,-0.022514652359212295,-0.00034235180910130886,-0.035970192263011846,-0.009354796715152457,-0.03023783205212874,-0.0072622385383530694,-0.030417637355614133,-0.011750538157723676,-0.019626852352386176,-0.16247006637335304,-0.003315337958264034,0.0011397084170615092,-0.02024434490307076,-0.024328617954804396,-0.006841811604770103
-0.0219047536795125,-0.027515229006847414,-0.01991896030914607,-0.021884368069208907,-0.018730145425513354,-0.08989572628212293,-0.025457323712111603,-0.012911745067907794,-0.03399896992417244,-0.017029691596701313,-0.01653758606958098,-0.004924910929248977,-0.013064833672400748,-0.0576991080223558,-0.028629969653823573,-0.03064392820350423,-0.013958521868209891,-0.026196797680416835,-0.005361617314544494,-0.011332551091013481,0.09380117740223255,-0.011100465244158942,-0.059141443364786384,-0.028688342501277827,-0.023091774519484333,-0.028750975602576227
-0.006658377123067304,-0.016706948607055776,0.021333662066906817,-0.012779147535135935,-0.006397683631361254,-0.03377327923551995,0.0031670058884656076,-0.0018682738773694665,-0.01564921175052359,-0.003854678120805412,-0.0019798688044496606,-0.019747700709348736,-0.005021516059053108,-0.0398656178439889,-0.004053405406868942,-0.023094704864089637,-0.007962016409243903,-0.015187095619303159,-0.005033351333473001,-0.014380722719320118,-0.13181966336471,0.0003291775364766451,-0.0473890561474497,-0.012091837938582749,-0.015503068158102625,-0.014465505650865063
-0.01524652967464473,-0.035443247087828686,0.007046524128285803,-0.017987158768916586,-0.022971876590973942,0.020157201263874124,-0.025815373228992047,-0.047902799217025734,-0.02496150339246915,-0.0217173878608561,-0.010180598473811408,-0.07241312923928635,-0.017454818081842863,-0.010035547425033412,-0.021631316978358725,-0.02678814815859742,-0.004750576947054275,-0.01667021377473477,-0.015913915093102544,0.001733436863376641,-0.010704620661511715,-0.0024404488919618802,-0.011794635683869162,-0.011155004035436799,-0.016364739216775604,-0.016495468514172492
-0.021508475380657848,-0.012160028457318546,-0.029333947442640555,-0.027776149387585988,-0.031643464819055944,-0.04150647693386669,-0.013940494622668243,-0.013821398440716058,-0.026712757228263755,-0.018262959858054557,-0.012042673435950776,-0.033135153877149354,-0.009612584329828335,0.024994410807446014,-0.009801014256555315,-0.042459609409133584,-0.00804464500300024,-0.017625938118006706,-0.01011564817049885,-0.01423406092723594,0.03304795689395325,-0.0008862628911762033,-0.08139387455043069,-0.01527145830734107,-0.0008570375892074849,-0.04279814900687498
-0.017722106869167458,-0.02063957615729754,-0.0300110343860548,-0.018272910981155743,-0.021272281357157516,-0.04563585836169545,-0.022080320355283543,-0.03279283123561605,-0.015179589099163891,-0.016486162843414896,-0.010467404259594651,-0.04672425439986105,-0.012889852340988198,0.03455168369267525,-0.005471686511056743,-0.00918383072748839,-0.001997337767706857,-0.021322974251676504,-0.014413677422521864,0.016339180039659302,-0.03716290714555047,-0.006305216594303201,-0.08960345709715654,-0.01842926454427969,0.0006658353274504249,-0.038727392426671454
0.020007223842448175,0.048416566858946665,-0.0036643681873038034,0.04328990562944614,0.02444175362217219,0.014053840607553261,0.06254126834907126,0.006580526529823844,0.0005328175281423314,-0.003856387501977904,0.00097070346233699,-0.01155047762272307,-0.004317046395402585,-0.0003024365355332692,0.0028756100410497506,0.06399899483691318,-0.0011441465203996782,0.006798632257531742,0.0005594948552595314,0.017994119244717343,0.11802638092996605,0.004562027755952546,0.014959706037151268,0.006606747892213241,0.016675076130092018,-0.003625095055831449
-0.010197414868833247,-0.01876601568333438,-0.006876454613157819,-0.004863629280093689,-0.008375515756880574,-0.037774661031810215,-0.021609066743447043,-0.011380918918750788,-0.007559751255629578,0.0036474764967552625,-0.011721202903390912,-0.030399544269134438,0.005792259515012685,-0.044880635429275596,-0.00794789777916071,-0.030337507083299114,-0.011863400613602172,-0.021578078106329605,-0.012059229587997416,-0.012371754084430914,-0.13496389885419036,-0.011448838220306297,-0.05065265454479986,-0.02505601434850842,-0.019603941278417015,-0.011720272165932594
0.017302626042801333,0.02345711980831759,0.005307337153918723,0.05283759105469817,0.006615494963783043,0.11499323274027637,0.005191638764431562,-0.007473024693920049,0.006495571337597728,0.013684624581805282,-0.0011676298914321914,0.0035850891308602407,-0.010288924596110013,0.009974296738754372,0.013209363274206487,0.027493968237406744,0.0045427850650828555,0.01847274164742081,0.008820580212221383,4.1637394639902266e-06,-0.05971109423193557,0.022384882869986522,0.10541091711309153,0.04266376493100597,0.0047912410395220305,0.016833081558426322
0.0014567416391945466,-0.01194790340473682,-0.04252245083632909,-0.0009867316150148687,-0.008104152909652221,0.030884143180257274,-0.02006856178223689,-0.042046066348480564,-0.027314635072345092,-0.01321023479478204,-0.007885763788593769,-0.01647179372941618,-0.029333826893065573,0.009882373941162611,-0.020603532216566196,-0.02357718703601673,-0.013165159980136626,-0.023515388680699866,0.004484365991005842,-0.04543169726686401,-0.032558651225231224,-0.021742864751371913,0.028312986772805773,-0.014700065340210379,-0.014972198240053154,-0.009430307020962333
-0.012002299641256393,-0.0186468365180689,-0.013079564470851426,-0.018399588152213993,-0.019244815465204665,-0.04861888985345954,-0.017106614760245015,-0.03279467849347966,-0.023578756170789732,-0.009983268012888388,-0.008822579009586558,-0.03704365900379802,-0.011802676627206207,-0.039679953160354164,-0.01021845525872353,-0.032840781741252,-0.01228731911996332,-0.019486398753330147,-0.012947023324005031,-0.01584197830834875,-0.027243960202487066,-0.014165967481137189,-0.06045738062446201,-0.007545558558737362,-0.017931458856152327,-0.012798099840344933
0.01846833416127884,0.0043106158876203195,0.004168249800032856,0.011818862399531624,0.0038816633989693958,0.055098700142483116,-0.005822518137397733,0.03438054191820716,0.03835230030374185,0.007999885777976522,-0.001026357908254586,0.024896106724821433,0.0010404562507123306,-0.01631740023605807,-0.002340827907720967,-0.017360739496044116,0.0018017713888350238,0.07001872038604481,-0.000265963073154531,-0.006193927191926748,0.06820061232456243,0.008163616687541779,0.11549833898117112,0.015452068406315383,-0.008410100714874975,0.019618428317208884
0.005518012560508815,0.001556015333662653,-0.013284076066080591,0.07482701222833181,0.013637543276428209,0.051619456830565985,-0.0023410231142722586,-0.012124667489395101,0.022004494651516354,0.01395055886355565,0.0017135122424660279,-0.019732535042444637,0.023617935607389087,0.0009749712086563743,0.01640146055144351,0.010256181195950828,0.00837891448352629,-0.004266488285174228,0.02010482740671726,0.010959064945938296,0.004709146403319762,0.004645666369298895,0.091313129464731,0.037096315859245055,0.06493685628601703,0.015625819486429673
-0.010315330834505866,-0.019781653530426685,-0.015139845378557957,-0.014602239083873697,-0.00456018903145531,-0.03554631125149041,-0.018992176308293876,-0.00025615490224601366,0.0037552763195602946,-0.0066705554079381875,-0.007146876625344387,-0.006547340618218237,0.005019064052334764,-0.054321264147902816,-0.005027974957245256,-0.024734174095695033,-0.009835010491810316,-0.02443014280727854,-0.014695483578245742,-0.019793206898975544,-0.16180986029151917,-0.004085469692430087,-0.04850346705960342,-0.024403181569879265,-0.017851416878650155,-0.014293576339117686
-0.009379875295541905,0.0014310240665885274,-0.02055355151893927,-0.015564571055185246,-0.014654164616332557,-0.05507486209355349,-0.011155659856693092,-0.019685915484235143,-0.018265582876334764,-0.0020074323275944867,-0.0021360920184892796,-0.03613312209577443,-0.007756226891686878,-0.03979679349206226,-0.0009030066902550257,-0.03266718334637635,-0.009137653215995887,-0.021401239650959185,-0.01120907998790407,-0.017703469378593073,-0.09912485759910387,-0.007158794950498584,-0.04899539413448854,-0.016727186023036977,-0.0170049718829999,-0.01846956565925852
0.00014879621806294994,0.004608601776225381,-0.009831347268863233,-0.009642357630407087,-0.012931402393835535,0.006440030524313576,-0.009146330105095905,0.0849429140513011,-0.008559332054269174,-0.002136419244583112,0.005648022621462165,-5.614274309525469e-05,-0.005700907612926645,0.1411903772670411,-0.003128985074081098,-0.006447997126395226,0.009394066275112023,-0.0052993763658409744,-0.002099581079476984,0.05469191058584002,0.003785204175455241,0.0005084813962057676,-0.034790831233359375,-0.009526292262582881,0.029810534951780467,-0.02616242127856543
0.011431616536303937,0.013210114289180093,-0.0021256072799519204,0.029602297348924,0.0028854841513754233,0.0014948997243869045,0.09136115970638865,0.0018481628718778982,-0.004442116281409927,0.0019244651276983029,0.019793895890902524,0.021362880456192883,0.03173438526240298,0.09673776099394737,0.08336476432506533,-0.010312786187157565,3.994644971919018e-05,0.009552464748844258,0.0008041446160887342,-0.0058834486074192715,-0.03272728623090777,0.04579009273060107,0.02171534707988805,0.013742214127032118,-0.0006020646044810947,0.003128651346172204
0.027802719313401978,0.014384336114754903,0.010810012729345718,0.002964304718867644,0.01909807477944493,0.03830443638935251,-0.005024693283548937,0.02369735800280534,0.0408458745428581,0.008623905191879097,0.002651535935878013,0.06788973699567166,0.017567715265635917,0.033346210198690336,-0.00043179125270647765,-0.028289446052484873,0.006641785880991013,-0.00429629932941806,0.0010419479804790236,-0.0010074044395575492,0.12397742103727678,0.008949874421582195,0.01215233315411411,-0.00280857080046112,0.009013642993705854,-0.002473581896944598
-0.008362253381820527,-0.001130885453034647,-0.011165884827553586,-0.023290474834391225,-0.007469708125367826,-0.07944884547742341,-0.017219330493017118,9.106031233464316e-05,-0.0056192497898373585,-0.0069365571823614336,0.0015063468147700643,-0.01593989514556459,-0.011599396047719236,-0.0443495925944467,-0.010496269601556838,-0.016622295717203625,-0.00748258125354054,-0.022617074697407855,-0.011092287319973916,-0.0202321654280871,-0.17446917961390643,-0.00890213285178639,0.026612238750004198,-0.015983990584722222,-0.018746949185258772,-0.006934541013033565
-0.0024829850461912002,0.04021651363019658,-0.0048708531863106575,0.022642439971490895,-0.011260959690764962,0.016311826861983555,0.0045244150814499244,-0.011571339812268386,0.01949874137629724,0.006697207151258694,-0.0021127200836212005,-0.004593301473981321,-0.01342701635215636,0.03161298581747985,-0.0027364769940715506,-0.0006632827230153451,-3.273356414968387e-05,0.04615100515811523,0.016002634890691064,0.01650907948594863,0.05446561012844237,0.009827635444621733,0.14335941184679932,0.008290954347560414,0.029176773218247836,0.0338958731075716
0.010490038073876464,-0.019521999195409753,-0.018726667855038077,-0.013932944322403116,-0.0014765273407147338,-0.062459897810913004,-0.013291347845304242,0.01022579159990896,0.023794631099184733,-0.005907171173258897,-0.007846418761654797,-0.003526505338007158,0.012994512179030368,-0.06953487642671116,-0.008573553502874568,0.014923742117882301,-0.013102552834973226,0.0859938652191918,-0.011335106542525605,-0.023451353648871652,-0.1443170707716864,-0.013423938647527304,0.019121346643726028,0.0214898517865497,-0.016753455864621156,0.001727195902913118
0.03452879638359411,-0.0072437836336660556,0.04138865963575794,-0.0018019313313422923,0.01085842175046169,0.049900689852886385,-0.006123536314853806,0.023362932761917716,0.006128235193810244,-0.00024102614511114264,0.0017465224866197655,0.030443865630849037,0.003645014994519554,-0.023632921996539557,0.001579909560778571,0.004173618359893201,0.00036209221249406125,0.0014474123650356696,0.03224401896392637,0.02394546158806938,0.042533070221993874,-0.001510497740692822,0.027931099185721352,-0.0025802333553570913,0.0076587882135281515,0.004490681316057107
0.0019248551011110727,0.018340367490017852,-0.00769148926161149,0.010891167527447622,0.028065152166844534,0.038980282167695675,0.07570863619989282,0.009496392843027899,-0.0023685550452387416,0.01035073011965088,0.0015860319915866462,0.01523024731067883,6.421629307542738e-05,0.023452689056354926,0.005004919730857288,0.011633049915375991,0.00011288333495505104,0.013225888560476566,-0.0019034067327823598,0.03660147349885984,0.06903189485652315,0.003074197266694435,0.023609694171206036,0.015460469189211255,0.02928174354639281,0.016267907293352032
0.012738474953457696,0.0018701470814255557,-0.008696195283865348,-0.00392842760843615,-0.006466091935895039,0.023053303629951886,-0.0020154149547015852,-0.01211048389225572,0.0040666252014389765,0.004379002751475118,0.004466171074998745,0.04742636959632409,0.029892119639642847,0.0917699914543623,0.0058399211430178585,0.043390005660087966,0.0330904286531328,0.055247875154862826,0.00135998876416016,0.017448901338763017,-0.012838720687267938,0.015118982152965275,0.054074467222437465,0.03288857930828562,0.0006613066992802877,0.012704111474019522
0.0005102269162002683,0.025511964558220388,0.011321535016846263,0.031118385665696028,0.005378365133621527,-0.023359617098798562,0.07441389604391482,-0.012854645264451726,-0.008912601411250146,0.018496084339242547,0.002334995285264474,-0.008234232780176211,-0.0030069494153282263,-0.0166707878760692,0.02299643265227526,-0.009482882120396887,0.004799886049422457,0.0023930053085843453,0.0006644315785363997,0.03435646949689039,0.035787112127987936,0.0042216227229953576,0.15911233794102383,0.017447254044202748,0.04219377876806893,0.034895370909050774
-0.0013227630885085718,0.0013196755426926037,0.0015888232638216135,-0.0029566284592836035,-0.005085184301046005,0.015758642973428952,-0.00141938386096995,0.0177386524183234,0.03591191776056679,0.03560555492284451,0.009844909955775931,-0.017872257026917505,0.0012851778109531982,0.0016134674432277277,0.0016483929014238204,0.017346168840252158,-0.004581737145894576,-0.0037018893798368047,0.029111984799859807,0.019101560528948954,0.09905991144532483,0.007193941225809388,-0.007393335957264069,0.022980322477978845,-0.0017400418908284255,0.014395555391136045
0.027273873385702477,0.013204061185612901,0.005576080018800049,0.010970934924465749,0.008150885391054899,0.006270013954902641,0.06741978933648654,0.0258561055575919,-0.0070957893023734595,0.006392294181339517,0.010102515618921991,0.0072251456102660275,-0.001788367739892602,0.0560566828243307,-0.0003927476776757449,-0.018290798377438935,-0.0027257263757519356,0.0010508039183839432,-0.003196449088953283,0.03230261145193698,0.08062853146570031,0.010062011704949388,0.04295736377913504,0.008151821855246731,-0.001373142516639958,0.016020338508742554
0.0012905758893730732,0.0031434412702880657,0.07150702440209661,0.022564770824096508,-0.0010808552384555452,0.06774547137132114,-0.005395810008891818,0.05538480435606094,0.019907790284635928,0.004970079521608705,0.0011324213415455846,-0.008242775121957207,0.02524640155798132,0.004065671299919422,0.005278004789373131,-0.005615317155401184,0.016236460445697768,0.003370977084565173,-0.0014573748209262781,-0.0008360216164502301,0.0661475025755212,0.014494633297859327,0.08422666264436812,0.006523728657849146,-0.006840438481568075,0.001663609421061719
-0.0015382906818270873,-0.021400736439798493,-0.010721154212469325,-0.012611189267522102,0.001959179546182627,0.015586933848500868,-0.01975200727758279,0.0027859297784329465,0.004781620096348586,-0.02100080376040563,0.0006037699404219378,0.0005092346500865621,0.002536732577201439,-0.04753785357078976,-0.007839855188377856,-0.03661868202339351,-0.010543102359177473,-0.025038480456028675,-0.01886987551657993,-0.007273119570074675,-0.19759435943369713,-0.011470082925868286,-0.055035423177840936,-0.05065358401039657,-0.005195214318674458,-0.022638147655576462
-0.011669999145506529,-0.00791959295440317,-0.014995213637270117,-0.014189079025056825,-0.0016616260543429768,-0.09034970788160541,-0.020454987912579596,-0.022987231302376607,-0.018830247166971573,-0.006862680174511745,-0.005938072322633168,-0.024027612613718597,-0.012624626062630958,-0.054899213617110205,-0.010232462217263831,-0.021874393328471096,-0.007609316778967559,-0.02687120553409276,-0.011962168018871162,-0.020030302814542076,-0.13571937604060544,0.0007008689320841796,0.013379123120225963,-0.016245826028197918,-0.011789434865783342,0.0010958220366524968
0.019516143665046694,0.0030857815144750772,0.06535619492132501,0.008430650871950522,-0.003852848183730908,0.052092388728775446,-0.007479946678705884,0.019702354803246565,0.04927177385286487,0.00950247772196907,0.0005695675311673812,0.05885026399746363,0.010367310322984115,-0.017315633256756086,-0.0029388539116651726,-0.0037491415674933497,0.0003100391148790976,0.009182862071706543,-0.0037549768825266144,-0.001754105991023451,0.060618946799671655,-0.0036485188324635962,0.11331084727150775,-0.005089640623898923,-0.007769968100514147,0.02261746943138995
-0.011275167172571784,-0.01756169294827216,-0.01653062742296859,-0.006274828753256494,-0.017054281847860925,-0.04574012658257572,-0.01962808868140395,-0.023768218190244838,-0.02279840070515947,-0.012478422828923648,-0.005159713118688721,-0.04140941020377451,0.0005612222331762883,0.024434673849208305,-0.009562879720245485,-0.034677968575387075,-0.00708403536899815,0.012308518171660891,-0.009684661513939468,-0.027429241202040006,-0.09473354826124554,-0.009718478576973362,-0.04419120719136867,-0.014091766738831656,-0.018001201670005313,-0.011750020739205638
-0.0025631115840491297,0.017716066942472547,0.06517953177510788,0.016909217611499546,-0.0013860399879416382,-0.0021329304243842416,-0.011170577019696287,0.02380824331736713,0.04607393606283714,0.023508105197833442,4.141764758580255e-06,0.0013563829426132153,-0.008404622154919293,0.03246684893164788,0.00040505426791782043,-0.002283971217710097,-0.004031290088904747,-0.0030864144471013134,0.015536195254863057,-0.0073731936733621465,0.05286912599386602,0.004306555422272089,0.12886093585441272,0.0124412138433529,0.028561060821871948,0.014527639851653862
-0.00873957413876104,-0.01782398178134574,0.0021806403649783515,-0.01262769369864208,-0.004674640094893462,-0.04081097869441977,-0.018924312336641155,-0.016961337463436293,-0.01571150600319576,-0.008597367432784695,-0.007147158057619899,-0.027134067756073844,-0.008148078586014504,-0.03873349225855485,-0.007067206755162608,-0.029274902680017693,-0.008998236333155758,-0.01981301366970966,-0.012604390532394986,-0.018057136378090956,-0.1409155624387275,-0.003478626128180158,-0.04460210415734933,-0.015379891575402224,-0.016049530409842645,-0.01447441241307995
-0.007121335457325328,-0.0022032538521635572,0.009880698079707031,0.05779778474648575,0.054032131769411414,-0.002719562129283883,0.0032983256994719924,0.003489903946501597,-0.0010742126761360876,0.005588160844492219,-0.0010476748702024689,-0.023408933568269518,-0.001479822717250842,0.017412292152419736,-0.00040940234894557606,-0.011619842861281602,0.000289936700598527,0.0071209020841479075,0.005030343197368677,0.004714164124370291,0.18647117087392034,0.02927646010614988,0.0474759336000222,0.014384872285515521,0.05201653742860222,-0.0017641385665875307
0.01669002740515833,-0.004783369629770035,0.023341446748763674,0.005223457690863235,-0.0007704445058551545,0.03936771261967506,-0.003510552022760841,0.005830776492260972,0.01550944182511665,-0.011446930967737474,-0.001325297158438041,0.08048926326306613,0.010280151670590865,0.0587104051682872,0.008365554304632955,0.09221214892358823,-0.004310866921459199,0.029935535649283886,-0.0028033040091115886,-0.009745033152734265,0.04327737584663669,-0.0008080754032884251,0.033429100735619804,0.009976964974749768,-0.004400083885860486,2.9366263664000643e-05
-0.0014206257917536247,0.009454347548752,0.05136784664917385,0.008906668975208493,-0.003151064883575185,0.06876558367709038,-0.012689053871288164,0.03195522030431341,0.030964907834016963,0.015415869456748029,0.002739871013590252,0.017794398168784187,0.0010570041978395543,-0.020714753079750153,-0.00017843972369611689,0.00484493901250175,-0.00023275866993829918,-0.015052329349207904,0.03288042939651091,0.020930910503680056,0.03061730873201027,0.013499047873258096,0.05776319729842606,0.025273698947286993,0.0336390143395871,0.01100020003204883
-0.02237031418879913,0.03494757763681675,-0.04578168965150296,-0.013195928510367484,-0.030762811535188214,0.02067558142737034,-0.017183899326101305,-0.025746287212847066,-0.03040610488122334,-0.01719707007222568,-0.0017809201046707114,-0.03604321077842252,0.0026036167221958097,0.010784167774267077,-0.017384232872543703,0.005818562188530574,-0.01325784462158225,-0.014585811090306329,-0.012530801543016775,-0.014293403485828733,-0.019867981099035703,-0.004841780749548798,-0.08208276054697711,-0.01664028594633082,-0.017971891296247357,-0.03547303764473253
0.0032225816005866832,0.03619597732174777,-0.0005939284713023186,0.0018630665728333327,0.015387425892528443,0.02865072368877509,0.01786096520440788,-0.037072710878953766,0.0071074954509374975,0.006704928396607045,0.0014842815693230096,0.06748966827218314,-0.004690476306773903,0.04105260948064856,0.01794826878477642,0.021213542226191325,0.0007672106757827519,0.04370129803415991,0.003415410737808258,-0.01658407306856083,0.017424618330195804,0.004265196718518203,0.04883698831494408,0.007811322815899688,-0.0058493196349508544,0.014485033529966596
-0.011649103043679837,-0.021572525818235506,-0.015399707556956221,-0.013291728734237894,-0.006641875859225424,-0.04481124058306504,0.019262753276222563,-0.016845252288714297,-0.016312474610425693,-0.009730867690267582,-0.008781542797366211,-0.0035333804954428573,0.005562502484619388,-0.04111107940440322,-0.00943496849237143,-0.027598248147363114,-0.00654961668143586,-0.018961793862310596,-0.013804577569372204,-0.012842678161576868,-0.16958368484056713,-0.005977577275720625,-0.0545668343403949,-0.01746718105779722,-0.012214512328507288,-0.020711365529667437
-0.005296859148299276,-0.014007772382557187,-0.016991959071285402,-0.015709187387211287,-0.008643249091601973,-0.05040315145818389,-0.002560352307994685,-0.008543404152385138,-0.006292928479852334,-0.0023841507772242873,-0.000312082997431276,-0.008229347361313285,-0.009183174632271031,-0.03295869032016837,-0.004016452178814493,-0.01963241027267809,-0.008801359621824566,-0.004038117146669425,0.012390294433860057,-0.00034948499482695405,-0.10628463539702904,-0.001601839094127824,-0.023941923616286265,0.013033693668188873,-0.003220878023908856,-0.0018616263691970199
-0.005230527553604732,-0.0002467877864526141,-0.015469656620302604,0.005298269481567212,0.017351314261472402,0.04150810088485518,0.0927306881751702,-0.009465578221643584,-0.01278257681443183,-0.0009539736326267029,0.0024488126851695846,0.06359969493441721,0.0008257252649464977,-0.01643755653758877,0.0007733660057511065,0.08411468600203408,-0.0008316343266401853,-0.0017957214474172301,0.030968218033264654,0.0018375755437066781,0.14006501294708046,-2.4171441067077968e-05,0.008711095997784565,0.012272193408262987,-0.002427371909100419,0.008592241257003063
-0.007691515118413839,-0.017858706001559616,-0.0037438695067462053,-0.010421543711666549,0.001703434324552908,-0.048050791953103036,-0.016752721468044275,-0.01849406538911854,-0.01787174216558538,-0.014238954089111052,-0.009715543115662095,-0.02984197815599296,-0.008819081486105903,-0.032998373788547544,-0.0028015968995544305,-0.026758930422277973,-0.003537797302212629,-0.020354512002517058,-0.015480136942193605,-0.013482596083292017,-0.14966374836614227,-0.005470626882304983,-0.044242687391658694,-0.013801977893431709,-0.008631329648924187,-0.014436058838348162
-0.008082314976081008,-0.015513419480432562,-0.01849321219240365,-0.015908567132303778,-0.004160996853282958,-0.03997902229229682,-0.017006712537472584,-0.015326232453503362,-0.013087428034681528,-0.00919894094847364,-0.00685130186642674,-0.017099354284910485,-0.005021851665713043,-0.03222910442771158,-0.007247405424151287,-0.02995222572243136,-0.008720374252723446,-0.01642239329897233,-0.012523653671889822,-0.01955500474959868,-0.14089468707589592,-0.0046537355355606436,-0.04778901878049726,-0.018550884601816236,-0.015565578837605013,-0.014735140311609054
-0.0020183984607856195,0.0027300573953166823,0.03522075252211801,0.005953441847671572,0.0030179426535272467,0.03046523936283411,0.031403174465277676,0.03311793617469137,0.04602156106874674,-0.0012782614076554451,-0.001159081328770035,-0.04908823412703237,-0.003587921447965437,-0.031226060166731826,-0.0017281408271178477,0.005115641434754211,0.0026534021449403887,0.018236808421072906,-0.0019039793455944433,0.008041181606896736,0.09714015545033128,-0.0007895082576866837,0.03868888954350701,0.005143850973069495,-0.004059170284080179,0.005986825846961534
0.003169247492290859,0.016761112481132105,0.08338036084896032,0.027987186499834553,0.0011604090959640018,0.038403482175029556,0.03862843861465895,-0.01657680651577229,0.016523468429242672,0.005838391674063749,-0.0034805342445785323,0.0167324183470123,-0.001965657051947764,-0.005200530589844551,0.0013339048481992874,-0.007204851295660122,-0.0026679597907239712,-0.002083991687493947,0.00010200682997084467,0.01736264527896978,0.014754084146880907,0.0093642729923127,0.11898763605620172,0.0030506508907425407,0.03692637493352115,0.02747901146597441
-0.01597641041059388,-0.03047987876411051,-0.008745517446855424,-0.023515902814962443,-0.022228413476406236,0.03422612156280558,-0.02380303364225194,0.00305530472390096,-0.0008139149666603503,-0.01396363060674395,-0.010369102757461685,0.056528844783683134,-0.0008984564049323332,-0.05733367712318796,-0.010101341217786454,-0.03918393485317591,-0.013885386500308326,-0.026066645386062702,-0.0207956604227914,-0.022375325580947944,-0.0091150613500541,-0.004826052838120115,-0.06202894648383908,-0.020845542780859268,-0.010308433363791976,-0.028274118842454253
-0.009023048390934292,-0.02355271171400041,-0.01255305542256588,-0.014920001868687974,0.005652016029598408,-0.007988179620008761,-0.020509329798734,-0.00036797671799829125,-0.018932201045039607,-0.013927564757167986,-0.009626577802243526,-0.0082659390664961,0.00574366984106832,0.018529284366596885,-0.011547867970593274,-0.043002606673125825,-0.009344695502774555,-0.024206664103455854,-0.015339631809811318,-0.0267931495906643,-0.16706368625866405,-0.008581220240470675,-0.06552545303376336,-0.02628092563315307,-0.015349947569819807,-0.03179109705540708
0.013085026535943326,-0.0076064952301471735,0.020294248629608436,-0.008377453342706368,0.010386493647525702,0.08012291909233252,0.0007507363171683294,0.02641071111670885,0.05113248304656016,0.0013025836525280181,0.009458836546454331,0.07483116888321666,0.024397101592750905,0.002860364724868097,0.01262603613306294,-0.011886075574686128,0.03804352259446908,0.010368847045716044,0.005339934459866765,0.0024697553921166457,0.023909421972045285,0.017331219333628026,0.04133615466159304,0.0058506538138171004,0.00046561306905403753,0.0005276304780879791
-0.006994653545063607,-0.021973172741462578,-0.01069647957209237,0.002534278822210754,0.013459982494320203,-0.052291405897305646,-0.012672776169933527,0.0050786522794698825,-0.006171462917446019,-0.02282089020875824,-0.007269252135977026,0.016810094150191246,-0.009693365569520107,-0.07876331909002329,-0.016025732701756907,-0.03506448380499996,-0.015399848752743533,-0.024840915498776702,-0.01226489228189424,-0.005998312600382638,-0.1397243156531986,-0.0010672760464010016,-0.052622012269207465,-0.035956203792723684,-0.0005940973713073773,-0.023546700533489805
-0.012680744554139643,-0.012283032083498817,-0.01711307191705381,-0.0241030006285038,-0.016677616342130122,0.03379085955094642,-0.020260941138353812,-0.021550364504204826,-0.032375964671546936,-0.0129235123183663,-0.004838387928584692,-0.03206087939933582,-0.015970817074642502,0.011595533077069156,-0.012135185343986775,-0.012657044722939432,-0.013114565152912124,-0.011366066417366793,-0.02155114236766791,-0.01796228687509749,-0.11849984679881645,-0.0014625515489079639,-0.03795461566954487,-0.0024638051248214526,-0.012188455245672462,-0.019094389541555762
-0.014303656238170752,-0.007195333797576999,-0.023588803637548256,0.003617125699011603,-0.014166094284329299,-0.03552215755093047,-0.020064843849349485,-0.02909178321073861,-0.004598575852904066,-0.016584366152611392,-0.016975373180180935,-0.055598741510845526,-0.010290928221777313,-0.048185317661609814,-0.0061419323295762406,-0.013250482272700289,-0.009160301541679444,-0.024773509296906575,0.0007489566086011323,0.006901258439375348,-0.0173092938338673,-0.009048194538164448,-0.04377867071369905,-0.006212111419295714,0.009302914949378046,-0.030965012676883695
-0.01733278475448642,-0.022105869524792716,-0.002809536788996749,0.00919773336420821,0.0021394919286596282,-0.056923644104646454,-0.025086398194146868,-0.004867373566332925,-0.01056149400646251,-0.019029682688734107,-0.010104616527454098,-0.008728376721169492,-0.012210564946961358,-0.05409187015522698,-0.0061328355254533515,-0.02615490987982034,-0.010388974857350563,-0.021556857857263533,-0.014020892243784576,-0.011643028664672834,-0.17143505160279263,-0.0074749531492850655,-0.012915606903726937,-0.01910182145772051,-0.0015409840737604914,-0.019687658506186135
-0.014671079977444176,-0.005011451158338296,-0.005784200293584838,-0.00013193203216703447,0.026486200740472855,0.047173001322006025,-0.003295189423986748,0.019234830431757444,0.03146192088169479,0.0036889017917282464,-0.008159542824210981,0.031609199970021845,0.011463376219710749,-0.01151873454956357,0.014516202727451149,0.03456463328898948,-0.00010467978240052027,0.04990321581565797,-0.0008549731946002132,0.031088339960705775,0.15046794169277128,0.00799816991482966,-0.0003834080953948186,0.026815911888242203,0.003349565930020229,0.002191884013836682
-0.008011258048065519,0.031262616993114084,0.03845457155797776,0.010323461790564538,-0.011474686263822115,0.012749296888561414,-0.0014121893667101394,0.06842572427037864,-0.001916225692491792,0.010359630920560236,0.0024688535705106565,-0.018504793709196617,0.0026001617705318537,0.06104584683698237,0.003135251533496599,-0.0065123919184786935,0.007571196940396508,0.008154501909618127,0.01752859102518742,0.0037781384447164077,0.12308935478289211,0.007583863330238542,0.008990984435844705,0.008762462367700851,0.00012102931821245058,0.036857444902901444
-0.0119647252188327,-0.00695324225322404,-0.01805765965841692,-0.022844787107904968,-0.013954048046907938,-0.03239741789188173,-0.01729511240478804,-0.0040655974608893,-0.019628806705015867,-0.010188972073518217,-0.005272511641040461,-0.014781558781383965,0.008237674976354878,-0.013952000698395667,-0.013480732764786731,-0.020580368212013134,-0.0069371188418447475,-0.013132358321572871,-0.009537285989907975,-0.011833731666293645,-0.14615502975707312,-0.004999756329171151,-0.06988951513941696,-0.02263976984743965,-0.018624005545603662,-0.023640124027684298
0.005301399754259096,-0.0008817166899901769,0.01811515974574936,0.0023586781825455285,-0.0012479134947570153,0.09662850549669556,0.011757162707637074,0.04598996905533995,0.0034742900511085494,0.004719033375778621,0.016063578131994095,0.022567384635034545,0.0011657793349882483,0.0009611357288868786,0.006331874567719194,0.009694309652623693,0.005797925634601969,0.00019405078588771423,0.013063152056882514,0.005483328518018512,0.1465415625663816,0.007315071054083854,-0.003585728783850429,0.012181655427461116,-0.0024383344230864655,0.01788012551960783
-0.01097552539980799,-0.01133193517126728,-0.02020265063437057,-0.022346077613031246,-0.010911182719688666,-0.062421402434478364,-0.01854865645746188,0.00010315389574737973,-0.016734105210250337,-0.008137027349593446,-0.005510345390424673,-0.005706998529772604,-0.008594647595980952,-0.055180669414949195,-0.003860157444540622,-0.026721294157646538,-0.013179889486507626,-0.019235539744279016,0.0013956135262489715,-0.022998503392876013,-0.16302782299291832,-0.008649717281506403,0.0033688480755182486,-0.015158785445486602,-0.02062981931043756,-0.009373423728493806
0.02003126959119778,0.014704448770410834,0.07621582695442636,0.009636828735466941,-0.005652359724624452,0.035526782527627955,0.04235549991229904,-0.018355267800577245,0.05081200424372205,-0.0015664503268966084,0.0016060358976526803,0.010120314721148103,-0.0020592561172263543,-0.005850621886227445,-0.0017432666349169134,-0.03415835124780461,0.001575145137279317,-0.0022867498589426885,-0.005261996393394504,-0.0069052394633294,0.07961946133980495,-0.000495696798715513,0.10706810500250086,0.004785025697959976,0.015359225137375632,0.023684054508760575
-0.000333858125096355,0.05849012505583255,0.01684273326259729,-0.001104449713678585,0.0013210727854593095,0.06627771085164352,0.06372110129709865,-0.010024276134621474,-0.016072855126579497,-0.00010751499020836797,0.003100686321173587,0.007276214861023391,0.0020531057148639887,0.005292991352355933,0.011645337609000378,0.00015565500238226597,-0.0029999713713373954,0.008950112561251975,0.045507967894799974,-0.009649423277805458,0.06343798249721061,0.022763372035484054,0.07492433408152578,0.024233755551315087,-0.0015159809376622724,0.011245509533578576
0.0017518574896311584,0.010208818279822755,0.08893058203533712,0.02549992191143584,-0.002554381313430345,0.028117437611862844,-0.005655300023101186,-0.019726919602724845,0.015023338636202473,0.029156403614343844,0.0007506812494291121,-0.018276830925091504,-0.009074921225457902,0.07684561442783543,-0.0013151808378633002,-0.0147501896500292,-0.0015646559271527104,0.022119782197319977,0.0022515949008657782,-0.0040464324241121915,0.02376722594805291,0.00495895973149576,0.12624591983153147,0.007160783857131751,0.021222606653194125,0.03838472214512757
0.0029327157107367097,0.041880964152405775,0.0016674334214949807,0.00030684107259790634,0.02042537472962388,0.03968450593170395,-0.0024568154937671086,0.010274031476582037,0.04883819322645231,0.0008715370295824364,0.0012722534544060897,-0.016041383895343802,0.0019083738955477968,0.02907340825045385,0.008461910638443726,-0.014777284296460576,-0.0014885756704797594,0.05438738937442241,0.014427972034037258,-0.008522768792015745,0.09853248460843031,-0.004797746200854235,0.07521224507425213,0.010741766597633552,-0.001069190090743353,0.03368580235249785
-0.006145251135454305,0.022390928067292006,-0.0157514965452199,-0.011619543189852415,-0.015327619497537031,-0.0565402339760939,-0.019073660762306894,-0.001528281819993348,-0.01956187821102898,-0.007918120431471398,-0.011482641285716902,-0.03169109897804065,-0.004719664591558646,-0.04986508909868058,-0.0024191415190086447,-0.027405614765027002,0.008116023667431938,-0.021694425568066004,-0.012672314331377511,-0.009632046765449674,-0.13673797917642203,-0.0058256578981753585,-0.06275583614977977,-0.023916781326350108,-0.018880572745344475,-0.011910563375985199
-0.01042760232084476,-0.023413731832430285,-0.023333200884453682,-0.002779665240277502,0.00784177969367559,-0.05448996845744773,-0.028841644070346235,-0.010820250225922916,-0.016772355497218682,-0.0072216724308941495,-0.014665627966169801,-0.02359255673921103,-0.013327333266847959,-0.03504292413333349,-0.009262405619806586,-0.01479980997508728,-0.011646205730911477,-0.024701412852857096,-0.014119072187636035,-0.008985612848557556,-0.15656318377863443,-0.003784430140296648,-0.017613456969054888,-0.01663180312252029,-0.022934012437168402,0.0033595976257798643
0.0280395939203428,-0.0006058691644938692,0.004626275831064638,-0.0007727214765863228,0.03545150763716371,0.05142819279170285,0.012959551080586561,0.022255001416654954,-0.004102156063803621,0.001909550713379526,0.0011483900182790712,-0.025209539771845927,0.003912102687996937,-0.007157196224733722,0.00425684328294189,0.026898365159921674,0.0043745131352250066,0.001832629454649011,0.03390250832598604,0.0283682119770237,0.15030966238502322,-0.007746640252382403,0.01487447441294635,0.012856957828217023,0.05272129991212934,-0.0011000704257766128
-0.001701116157028821,0.020270933944167305,-0.02689601562350092,-0.0022860784769481966,0.0011643059893492568,0.008241468764048448,0.06133878577016837,-0.0032574428777795528,-0.01258612248283599,0.0019561915672984247,0.004399668160729944,0.025037722636391486,0.005386715604912185,0.0617973860484528,0.005100723770436978,0.11350056683611129,0.009424842817472027,0.04466760880003318,-0.002231369760583759,-0.005883266190687547,0.13213226059747235,0.003461930336149404,-0.002614366887522112,0.006617674117702931,-0.0016962850674303062,8.471635506846326e-05
0.00826171910283401,-0.020977276356986995,-0.017219282590404082,-0.014945663353093087,0.0042944711126984185,-0.05359775549854335,-0.021462201716503513,-0.006856506820484479,-0.023854640471439568,-0.010103496315193996,-0.006908177100421148,-0.02432302550342048,-0.009288397900981156,-0.031193881946906067,-0.00036475126392411934,0.010423285960618802,-0.013475281464546322,-0.027352373846273256,0.0047063199600045165,-0.017980053615301965,-0.1637406551868395,-0.006060043451237684,-0.060182631811132856,-0.018008876850244396,-0.01587568059045265,-0.018483703890671423
0.02438579667821467,-0.00426941429873829,-0.01000532227511815,0.02416907496356205,0.04573440482383555,-0.011482074593079072,0.06149364281497837,-0.006511036417028675,-0.004284629313642553,-0.0002845375888013026,0.010819170864924591,-0.015438135505244473,0.009364200856777487,0.042354778680801675,0.0006407332650049161,0.01332213397653003,0.012879672528411022,-0.00049883984734584,-0.0013730520478763301,0.025910916903949463,0.12798185312027424,0.013851711709948117,-0.0028168537505607457,0.007604595567475521,-0.0062755915066773195,0.004673390496158107
0.013908985895531325,-0.002135424298326346,-0.009558546922981935,0.0015068637968828993,-0.0008679559604607045,0.014211307327950872,-0.0049908485290011675,0.08620959822875728,0.010823080556339957,0.0040486349176288615,0.017823375964999166,0.09233626762707196,0.0001350042349188504,-0.010886731692258003,0.000856799326875614,-0.014724341556157637,0.021948815717658485,-0.001732709778269411,0.002426095908907225,-0.0009945895125161614,0.21974033418941707,0.011603242236804714,-0.005101973306969768,0.004301044203124429,-0.0005044506199932757,-0.004950439364142633
-0.006006301150925202,-0.007036551507966994,-0.01810117771233627,-0.012859287347074361,-0.003239263965005892,-0.053289636969578856,-0.018788374513789736,0.0016781977542403054,-0.01715342408043383,-0.01626445571613503,-0.006398306070141494,-0.029250917179800724,-0.012856693125706874,-0.03595650273939553,-0.001893312166274741,-0.023534411987107356,-0.012594661830977186,-0.02357077262741208,-0.013572733203846108,-0.014220569082821346,-0.13783919718883678,-0.008098502588345335,-0.04469739996234175,-0.015449135715408497,-0.010885286230915772,-0.012689884498641685
0.005381416479428854,0.04510646957274731,0.005717192574611569,0.030901105570937296,-0.0017717894446348187,0.021666193638672917,0.03342049833751009,-0.014558233824392443,0.0032142012908257874,-0.002211318028811188,0.0009237720565882203,-0.02834804851023974,-0.0054983825081430975,0.041473300576685496,0.0018466181110821016,0.019748308368222358,-0.002417166839165753,0.03567795374759025,0.00477162257259841,0.03989919699784693,0.019081831974541347,0.013389380639913604,0.12880489643794504,0.008089521757382305,0.031764479846772796,0.009358417195093933
-0.010175421582672092,-0.0011778749217140178,-0.021214470295079814,-0.02587743482502172,-0.012709349393410799,-0.07559728543619877,-0.020826114032531297,-0.022010215932244892,-0.009385053144282268,-0.00741050871993383,-0.0068675929047176815,-0.021853370952225615,-0.010531978071401518,-0.047187093803202025,-0.0037828269436395866,-0.027239621789249532,-0.013840218247739105,-0.01818946287092242,-0.01278142545867149,0.006446823799625039,-0.13359702908981547,-0.008829894225225898,0.011528037388202664,-0.02307457310997703,-0.018828789344553246,-0.012889150835607216
-0.016180278757786465,-0.011287134984350768,-0.016566734178216504,-0.025877062871004997,-0.01907613545649172,-0.08328863188418716,-0.02148698950963982,-0.022962136197203973,-0.011137117185624395,-0.013531033650649681,-0.009642808006390658,0.05165802594817191,-0.016303637291809187,-0.0730457810230838,-0.009687828988572945,-0.024045403520817323,-0.0050950835870447984,-0.03272248904128394,-0.015998257715204835,-0.025940931919706298,0.015687122952682382,-0.004448812925700415,0.009882339640073809,-0.0071678618672098805,-0.024414017190228322,-0.005723215530457352
0.0022056471112462833,0.017004146238073222,0.08930988480119927,0.04304311726719512,0.016078938098221442,0.02932089907101253,0.0005662478131427415,-0.012910514290770076,-0.005741490221739204,0.01604530292952707,0.0005461043228253073,-0.02788669076718599,-0.005136804321083101,0.06161168134161767,0.011475500773138077,-0.011880541237389464,0.0008458429089242598,0.0009629713860794953,-0.0037206755555177513,0.011767965227341314,-0.040063663900072176,0.0022707189842623415,0.14596694783217362,0.008969249304808281,0.053444482412869906,0.03466950439503273
-0.012483101307773654,-0.0033692918101723103,-0.020411957261220994,-0.00495716329023334,-0.009974739561077733,-0.005358630113421291,-0.009560429022787382,-0.030132987859227238,-0.005367219565622306,-0.020323923696182657,-0.011985194046801305,-0.07656346954726886,-0.0014881489232079852,-0.03930862603928751,-0.012915026593735555,-0.04554523552799436,-0.005386397683428716,0.009804378079095283,-0.007935128988088498,-0.007145031023043173,-0.017800487775144938,-0.012915340519891032,0.014070777453119618,-0.014277489050667991,-0.014662480026066526,-0.018576217708251
-0.00625020736433476,0.0241080476490417,-0.005080716987020199,-0.011020539203888152,-0.011603769332439954,-0.01826977700838917,0.05150027321353428,-0.021751819532952896,-0.016874363221591575,-0.006585905623348257,-0.00197933422084148,-0.026480272730021553,-0.00564216401808176,0.08344030171328379,-0.0234123387965042,0.007168708549765136,0.0008444954736243229,-0.011304201199969744,-0.0062022213458646,-0.002702915885934927,0.07726038719972901,0.004471735372054044,0.006026561594688283,0.0030197027153771104,-0.007383757544577619,0.0149124522031879
0.0124468681481368,0.03739401685096506,0.02423851467043732,0.0008115845588746096,-0.018875531521085346,0.03147354896347488,-0.014425575786139875,0.06220049262094944,-0.011936514123787384,-0.0013408444482596279,-0.00035910421268699324,0.0676059741292515,-0.007734101023283762,0.06324072979369871,-0.0019055208136289227,0.061747589892569586,0.01314592147629254,-0.001892034191727055,0.012831796388292209,0.013647996579578985,0.07968425598408983,-0.00010399344199098661,-0.0010317873768363138,0.006648686061504233,0.010444934650967219,0.0074735347619620815
0.004609600052715382,0.0040840851244729245,0.04127355011506025,-0.0018658521270100107,0.00292400370868241,0.003990544074923117,0.010588462287176583,0.03658737926484387,-0.009746335989361702,0.0016477395499574455,-0.0024505025721639167,-0.038847556507973044,-0.00745252791539244,-0.006638096433855183,-0.0001569441395443679,-0.007953357195292624,0.0006948552466355389,-0.0075285928195333645,0.007268349452984063,0.006642379163350784,0.11714457477708036,0.010696861605067618,0.018914458245450638,-0.002803683968319724,0.006395055341011405,0.001317752155414306
-0.017781488184076225,-0.04145988196182787,-0.07501801998255456,0.01411599320426497,-0.02204558982322661,0.01763342548203427,0.01082832334852623,-0.03133288038285822,-0.027243489397560293,-0.02021595732977085,-0.011824619112132584,-0.021079019521411356,-0.00839861121271856,0.007905331135407735,-0.016744650885522572,-0.04456385914712103,-0.011531276815144749,-0.01226731450763684,-0.017989798852056274,0.010362251353429256,-0.07863749115560485,-0.005329467124354709,0.023993160436107514,0.004512299308048241,-0.013289274765386792,-0.008583322181933776
-0.01811307143399509,-0.02350230332551907,-0.04260872586580523,-0.02435957862597198,0.005363834064286034,-0.028643590234670176,-0.011027610690289702,0.0026573789305878526,-0.023417028981784268,-0.013659040819959686,-0.007262585439421114,-0.03808631281796665,-0.014072912671195207,-0.030419489771704993,-0.006667209629156388,-0.028237206914325186,-0.012776006970931997,-0.019643226442405837,-0.013762795156165972,-0.023026848219401815,0.05300867509297223,-0.009625840357622808,-0.05443516962128096,-0.010116248204942323,-0.019907380264141617,-0.012960867770179432
-0.010558198784378388,-0.015035264652219098,-0.01883562401168756,-0.014668189807940726,-0.01647801895692738,-0.038779754769288195,-0.023752275231361718,-0.024651971460629116,-0.011928832480651302,-0.00921175430569959,-0.00659713349937119,-0.024174067861894,-0.015872501238284445,-0.04658258590442149,-0.0038162283021630165,-0.021849862322406256,-0.011075881859640695,-0.020808814827993558,-0.014331112777372123,0.002236162038352678,-0.10819073065404734,0.00021787788543659782,-0.03156924738547478,-0.013911986235848132,-0.002593360188443915,-0.011749203813930192
0.017691693429721735,0.025215832533465977,0.032253059853980394,-0.006596478798982171,0.0009012305737371959,0.0391961242426597,0.022150014062521907,0.042756431729515494,0.029817925516291664,0.010366896301752316,-0.0002329396311486095,0.05959597480328544,0.008163041418857183,-0.016285895114873026,0.011005795961638844,0.07151026960919599,0.0011495812350896274,0.017636824520563123,-0.0035838558240979643,0.0005223402578124239,0.014672420712655678,-0.004625042471573955,0.048679850236002804,0.006940872501905489,-0.007001247384159075,0.01686405164913426
0.023224419758113273,-0.00628870578446786,0.07414138808635588,0.02345199690575988,-0.0020504603895285132,-0.002413684595253523,0.0030165172846952585,0.019848870632924738,0.04864185132810182,0.0060051292055712125,0.002641262610355593,0.04249357359152524,0.018159597990147498,0.0654466130368468,0.0034159767781636466,-0.036202604668681686,-0.0016071186738520389,-0.0011589887182378814,0.002204346622805705,-0.0029438590075017254,0.0947064243435014,0.011908048238438653,0.0650228469932383,-0.005772988207831337,-0.0058436144569832945,0.005384599687416365
0.01861623899764118,0.006256716738748909,0.0010633235087009333,0.012453785321199933,-0.001756826744105686,0.06075919367174327,0.07881983485526087,-0.009949178398814002,0.006466322500437025,0.008275855298434583,0.0041986754480405255,-0.004382247552614695,-0.0021532568863186123,0.10297478747194955,0.05726541823166131,0.013230783552057397,0.0067264004946180405,0.0030876473452427404,-0.0007477822568421806,0.0013915146994092243,-0.0023758419757881157,0.007417045475418234,0.007802429936833155,0.05239165828662727,0.0036120843927568615,0.013986856179335865
0.02284421401795769,-0.00025072836048952444,-0.002263408830434495,0.03307350349527038,0.014140053071840809,-0.0010862402272668074,0.0947498492540684,-0.013896511987458173,-0.0031526982076272147,0.001082105856926066,0.006730575987470908,-0.013695860159400946,0.007335395240831106,-0.0015655253055750161,-0.0019936633334617718,0.01800359453641201,0.008071967099605266,0.004127857132461318,0.03941686500335482,0.001451898034568783,0.16298830658183697,0.01960619433475899,0.010617670011846849,0.013562639138567126,0.02285653962507657,0.0026768465804549793
0.0027724972092610066,0.008453772655115203,0.009037219346467385,0.04751830041473045,0.014842100888070076,-0.0035323959715731516,0.00992846674642711,0.004248419980778419,0.020347599511228238,0.007360586086338653,0.015696632366897827,-0.021884333751706977,0.041057239716877955,0.004306446724512613,0.0256181125813779,-0.0028966336161522026,0.053911198158106445,0.009041501827845605,0.03468135860264195,0.003801890648283132,0.09532699395965759,0.015546602507154417,0.009540077132334433,0.025650905470479636,0.002914615029942481,-0.004524402300238399
0.022814759974005134,0.0025037836592503035,0.04522512113040595,0.0011655098772402875,0.0021799584043624377,0.03814655649306091,-0.003205198255837353,0.06989829021744404,-0.008814847285410791,-0.0007952546888138944,0.00022559088591458595,-0.024786303408727006,0.014746669520847756,0.05002043330261307,0.008898373278664405,0.10267340637240334,-0.003098182969305927,-0.0022945339929958315,0.016882498371071242,-0.002913346546311901,0.10435256647654821,-0.003343687817278438,-0.0175606239627088,0.000765260288204705,0.0005835089747315965,-0.01217220304114793
-0.010895610412343743,-0.017778642955387055,0.03750105827055727,-0.024195590855837605,-0.0060601457723003065,-0.06166237592417314,-0.012726472119359948,-0.003347365307345786,-0.026292536299288134,-0.010004137087917989,-0.008546405510609775,-0.001776001013039694,-0.005882172170255859,-0.053259089474505084,-0.008722077027334428,-0.035514458740123524,-0.011047655922052025,-0.01694059118936221,-0.012004014184176074,-0.020372324190116763,-0.19118121516051295,-0.0018731224319249277,0.010662918217258163,-0.0172024056450145,-0.02514041370935851,-0.006974381460240821
-0.009410751882123553,-0.01758760808582433,-0.02009187881966397,-0.011808762843345921,-0.024809655681749903,-0.04323849239214146,-0.015246252801725271,0.01257596145439651,-0.01460855057587684,-0.010947828780491277,-0.013444986785774906,-0.0316108476306909,0.00039529043581120957,-0.020773689219818137,-0.0036267426684668843,-0.03537618386205253,-0.014945683449322253,-0.014094966920215569,-0.013843373069128558,-0.01560998750233642,0.013164315304923761,-0.006544508931489696,-0.05086179964341357,-0.02286205821712038,-0.02058229959867417,-0.0015258317407650436
-0.014135422238305806,-0.018520493423525214,-0.03760453273555337,-0.018417586935305,-0.020547029565055264,-0.04495182510935512,0.038563155593848146,-0.029737660496628755,-0.024041397743208938,-0.01838137322080581,-0.009779747761393514,-0.022257941595048274,9.203751483640826e-05,0.024866763466418442,-0.012815869971911658,-0.030259108882496232,-0.014447456493575157,-0.017665583281880438,-0.014364912889382393,-0.032613694553643297,-0.118799965886015,-0.008202505519118344,-0.02248253551826854,0.004288783617084284,-0.019582368379658287,-0.0061036227337674
-0.013755153314754635,-0.02136363584546747,-0.020329659055797884,-0.016317603220024932,-0.018638723404461304,0.011239255006077678,-0.01872012978748326,-0.015350233300826816,-0.017993522534705726,0.0018385063889719336,0.00026445539294840193,-0.039741157943504586,-0.010113645916682849,-0.018445088981472544,-0.002370757918364959,-0.030090558340215245,-0.007315994699308269,-0.014473915335538691,-0.013358422076300887,-0.017647062879767524,-0.010138343434052592,-0.002973802365608864,-0.062095846155525526,-0.0005255728439852672,-0.013581010238642008,-0.022793160826108834
0.0286676080045848,-0.010307941581649369,-0.005412599421384553,-0.0037870198404093315,-0.012792233940711089,0.07586535108227431,-0.002229880632094721,-0.023358577531491394,-0.009168394275910662,-0.0003718838666469053,0.0026324922926740137,0.004339718391081014,-0.007551330181751992,-0.01895052935760586,0.00039060313888629884,0.12751543148690891,-0.0026226488518059058,-0.0075715342086841945,-0.0006816993224826648,0.023910606418969603,0.06282225465038209,0.010484453395483855,0.04979829500135194,0.011379840717813004,0.0048849815779092014,0.004212742112622796
0.0036224897762344695,0.02854822791857936,0.02322711591018943,-0.0032102522704935644,0.03500685133949451,0.07967140709827719,0.010112176006847353,-0.013841329095802624,0.0059128238659852,0.007532085719540618,0.003299687536381964,0.02569045288149776,-0.0031343440974105972,0.0032138263154530074,0.002254788996937925,0.02125241718847855,0.016353789529398154,-0.00891945398747563,0.001497207191916515,0.005392865358293905,0.09179921186665774,0.014683973211979156,0.06179086209123632,0.012643129599237968,0.0002724915664679318,0.020758937073772677
-0.014032116703548675,-0.027563375370474087,-0.004024912200591106,-0.024803505801845063,-0.03538494202975401,-0.003975217056130667,-0.0004789047847176038,0.017111349197577837,-0.00826833751810072,-0.02147285958556633,-0.008688213851338951,-0.005495405343666642,-0.011935494760658196,-0.059159755942977586,-0.01542667761520345,-0.06416167854037713,-0.01235080002176137,-0.02368308901147988,-0.020686573690456334,-0.014350794540067302,-0.04629737005394678,-0.02262682926157458,-0.03376773521134655,-0.03683132133208081,-0.026856881291062847,-0.02602378575390732
-0.0021886491159341433,0.025268229059424514,0.018216745315697513,-0.009943600433048786,0.019404613752760296,0.026345919427608794,0.03624743903559363,0.05173107078003708,-0.009369779442266513,0.017422779449227523,0.0027587338954044517,0.05750813477410011,0.00021578133984127433,0.052172612342826864,-0.004112333162947756,-0.019557471465218388,0.006932920580573966,-0.0019029692471888176,0.011461301709031056,0.007796162708328884,0.05562927788540874,0.0051291652324327785,0.03930325860697237,0.010130420766227659,0.016682581837760127,0.025482426292302157
-0.016559476339429113,-0.020366619410600577,-0.019417934506632446,-0.0172344463959634,-0.02752981771163807,0.011745813061819975,-0.018837842246325575,-0.019717992881109526,-0.033186959282554995,-0.018511373567094473,-0.013681292021993804,-0.033818680614090844,-0.02272031410559778,-0.00048126599354656916,-0.008988644343653313,-0.00505404559680786,-0.009711578474458492,-0.024378540870114585,-0.01870148182957441,-0.012619214363318676,-0.04631329395803763,-0.008714920446890432,-0.09279647319321079,-0.006327462596585542,-0.022464403316959893,-0.04818030040398682
-0.0010915966469405205,0.05721120075409128,-0.008945412090006839,0.03701952008236526,0.024802025231217415,-0.005585907500389763,-0.002177534215279849,0.03356685342849471,-0.005494232928560812,-0.003360556704062791,0.006528190501043674,-7.911420738050048e-05,0.004519548956778502,-0.012686937063635053,0.004440029726528487,-0.0063460056931932225,-4.187390185717787e-05,0.0034126544013384926,0.052726948691749605,0.016430093581527774,0.09803989053009848,0.0049910173615756994,0.0015813426393778162,0.008410273713478049,0.02614066322424352,0.008087023385703804
-0.00925723332554666,-0.0380977561438561,0.02283803423358365,-0.006704020052903087,-0.004430938091129548,-0.002418220515036956,-0.013372634029916876,-0.030591620498716183,-0.030643165784433875,-0.03219111120092263,-0.009623470667557891,-0.07762052087512732,-0.021919558641444657,0.005619398778397351,-0.028183991264439733,-0.07865822639176358,-0.018001469518192335,0.007228381354981362,-0.026021760563421523,-0.028333143697843715,0.038299372839387905,-0.01238730865478008,0.03535706377280029,-0.020022521185148096,-0.027199161330054577,-0.019899646621890796
-0.013195701605486656,-0.013840567027217652,-0.023081436058491604,-0.01688259531569878,-0.01335047095764728,-0.0663438878914137,-0.018947148087658464,-0.018038888944864506,-0.022816243702139923,-0.007495598776596082,-0.00657953385032659,-0.0032073626179932226,-0.01087724866603159,-0.052527256770678314,-0.008908989839766117,-0.011877022032809546,-0.013350703983705706,-0.015809066411426726,-0.006089576959020465,-0.011028986027307635,-0.13722394479889016,-0.0006672524678319342,-0.028752783611953443,-0.01372916555156288,-0.011330614066867932,-0.008616515385445124
-0.006011347613819153,0.03029788077073671,0.04943207555175602,-0.0009313390160849367,-0.010098402851026613,0.008517098016795347,0.024948742553736705,-0.0005555623430878317,0.02194978300350033,0.00807080363055508,-0.00028778439477956903,0.0295717381150476,-0.004175633904403217,0.06404137657170361,-0.009817020552345302,-0.030154846493464803,-0.0042363152185654835,-0.001464678512197896,0.0030134221309155947,0.02260678035671944,0.034608238164017105,0.00032573517323258004,0.0579787117836634,0.0021285899998458326,0.012330864377725202,0.02834252929143005
0.004115385752806469,0.01630303198594636,-0.01564267499985448,0.0203228923713397,0.007034156465589866,0.05280851792254601,-0.005666484276758531,0.014776345072135507,0.01423012479211214,0.002503106482086442,-0.0030097503393827292,-0.016329547330246295,0.021423882011868428,0.0213787472064788,0.0008103755118096509,0.004586636190172532,0.013586503717804713,0.02855325997922884,0.00338583252509618,-0.01108948209315282,0.10203039827794227,0.002197099290888444,0.06819214116568055,0.013977506184256507,0.00033828436299365006,0.0037818170289057335
0.020060975621716354,0.03206752271417552,0.08102614216793562,0.04428173146373699,0.030161368425685748,0.021626050350901378,-0.0029372200310845207,-0.001913888147574163,0.013757909403922422,0.012045012667694244,0.007323718737018553,-0.0067320193839869565,0.030375771148157694,0.00775948436505287,0.001572227891683655,-0.014969922925449236,0.02542103541180536,0.025784076320084393,0.006770178936554713,-0.010031410659431817,-0.02745716295213399,0.019351984898161683,0.08697787292409016,0.0039915571351676424,0.0006923375703546006,0.018426104537596195
-0.00032814537858269824,0.04583920162849936,0.0796133765382155,0.011868090331544567,-0.0026532282619091472,0.03828413538071257,-0.0066807173296910315,-0.01006885165012126,0.0075719151734275295,0.008111113746511692,0.002359676555578028,0.013781572210542605,-0.023279471243162646,-0.01218276866568288,0.0016938841076247907,0.010891751039371969,-0.0037886069773362912,0.03022863603849217,0.0017915982170823672,0.006729070079812838,0.062181019826699296,0.010083892167583534,0.12047032591803639,0.010245037241291253,0.022583462671033363,0.020085469226007374
0.006261309022612035,-0.0036945817931797868,-0.009916747427332402,0.03555058848633645,-0.005077994991091567,0.06647051789966948,0.005056502365773605,-0.0151347630304643,0.027078294695229856,0.0025008590355205034,0.0034227155618924317,-0.012736086787969494,0.05618016499085773,-0.007540439089525413,0.007255414554659061,0.016453391938863124,0.02045316716379735,-0.0009446919048241487,0.017577567381453295,0.027950365184105333,0.06775992923189089,0.008926411343154039,-0.0013818743690171497,0.02540405891065977,0.03834186711049479,-0.004117840225293041
-0.01225688823313398,-0.00019397235113543902,0.05382006802952607,0.006715092416444346,0.0268965764030883,0.06528549448680525,-0.003763602188621113,-0.006669407792742378,0.007779655991494733,0.009364459500887202,-0.0033445627927411975,0.03842982195063658,-0.004280087749243934,0.005728645168534893,0.016937495976498226,-0.008527768535713442,-0.0006517586453268215,0.060727661930625114,-0.0016547466652483934,-0.0068408473838161,0.09539562060873495,0.014853893291570119,0.05376847457580376,0.01914658896255791,-0.003113931988074974,0.021879463624192578
0.015754165532548808,0.029747311144509278,0.02810523437159939,-0.00477636104045923,-0.0035421743068162113,0.02901287253038179,-0.00908721959155541,0.04102925868592134,0.028135325535598964,0.017750142421183196,-0.0035185711662488153,0.06726139522379783,0.006965382993796858,0.058483013640997984,0.017114427362973913,0.08827179309355246,0.0034288944897437794,-0.016735553977412363,0.006478225825967307,0.008328822846383407,0.038170592729096925,-0.008239751769085238,0.000855143053526986,-0.010683946212763955,0.005086904630889921,0.012036110543487698
0.033079277303442726,0.008618941021718726,-0.015231910658298051,0.02138710748569954,-0.008758700687154732,0.04375370765528354,0.1284704363359135,0.013641651390591421,0.004917901597175656,0.0049441320406211,0.0008353040113918245,-0.005894744860170165,-0.004306003411721217,0.006492326714325129,0.003980129992700971,-0.005150021245475176,-0.0014644783961490421,0.004189386724902506,0.0015502168387701136,0.011684184308613996,0.12223520973521504,0.009234393099499331,0.021930645128816133,0.022030387773665804,0.02461552228428903,-0.00135356359207647
-0.010315330834505866,-0.019781653530426685,-0.015139845378557957,-0.014602239083873697,-0.00456018903145531,-0.03554631125149041,-0.018992176308293876,-0.00025615490224601366,0.0037552763195602946,-0.0066705554079381875,-0.007146876625344387,-0.006547340618218237,0.005019064052334764,-0.054321264147902816,-0.005027974957245256,-0.024734174095695033,-0.009835010491810316,-0.02443014280727854,-0.014695483578245742,-0.019793206898975544,-0.16180986029151917,-0.004085469692430087,-0.04850346705960342,-0.024403181569879265,-0.017851416878650155,-0.014293576339117686
-0.001288568409989197,0.05581494667648649,0.038364350717930915,0.0003013692778528581,0.03609042184590838,0.02377006886983437,0.017730809073269783,0.03362537484612205,-0.004594530478084057,0.02762491203081587,-0.001131742645813329,-0.023449911832994816,0.01061516011215592,-0.005386246434310456,0.00048137482337814124,-0.017926537383693875,0.006365470413584125,0.0052263946852564615,0.03661394076738292,-0.005402908479076802,0.12559106740343298,0.0006522208439533587,0.002533540428056759,0.007971405568498664,0.02504965587492128,0.05018939999675121
-0.006313106039659308,0.020180075730089106,0.08649838906525956,0.02212669425862273,-0.010657423075298654,0.004181871747512548,-0.0006324188539300743,0.005417228143132122,0.031130128100877157,0.02830967042203624,-0.007462521688096335,0.006712163458320809,-0.002225080318820571,0.04174110241396136,-0.0016973156900005565,-0.009221772493043331,-0.0031912872259673513,-0.01159495181539189,0.0006671909714517681,-0.001705769227639693,0.05038955400664731,-0.005576425202626866,0.14225772057149566,0.004322901003742667,0.03375463216084152,0.02802018816810333
0.010135855418948644,-0.010273554733061607,0.04906915591807595,-0.005738818490998767,0.0016190781413642997,0.024781683312878302,0.010051037590498439,-0.041418070785281265,0.034685928281758885,0.023369792841052284,-0.003602652846524046,0.06079284932758451,0.00707325401077349,0.028615351499874552,-0.005332405136728766,0.06842241602807754,-0.00715235814236074,0.03414838187963173,0.002533858669380238,-0.013681872934968309,0.013081342662514017,-8.431038101376628e-05,0.05420211412292618,0.005058797503505235,-0.0035504813789645996,0.019736177323787643
0.0005278536981807762,-0.005351448007493065,0.04940757093934824,-0.009261316255266,0.05210899728324906,0.03726179325680764,-0.00022698077528924098,-0.009511781278762956,-0.01838463067673005,-0.008371336986432365,-0.0013432956161777234,-0.02969625858488078,0.00442393232033439,0.010982712985171296,0.004505993851827281,-0.006056145703350183,-0.001619501870854265,0.025543354043671303,0.02388623197236274,0.007082840907356667,0.0916434677144786,-0.01680305083279809,-0.012731129682889301,0.004580646898218845,0.010383305983563353,-0.004494831436478328
-0.0208353875594716,-0.01663756527342938,-0.028545271520565383,-0.03157461594684689,-0.02556139837172503,0.00419135180364401,-0.01998509296403635,-0.03156334490805238,-0.0325030658893689,-0.015633119963427936,-0.00648873818492376,-0.012674100725169769,0.008808048573187463,-0.01966432844503499,-0.011192623921286548,-0.02637436574086098,-0.0009573405375818948,-0.024930308663136298,-0.0011038076175312467,-0.015113501463560677,-0.034742491298894444,-0.006493108463918119,-0.09369100502590345,-0.003639074432340003,-0.005733794498740642,-0.03452310296183668
0.01921154106578292,0.04988426774885584,0.06620067445862951,0.019588080877104855,-0.0009228943794032369,0.039925156908829626,0.001656265857047025,-0.003749555850246539,-0.019700440843856037,-0.0029384988451115644,-0.00044912560416831074,0.007062923281608295,0.010116633629813602,0.03233851666985018,-0.005165585683473345,-0.004699355590157594,-0.005309200666239487,0.043427824130921965,0.0005385999187796353,-0.0134552105503809,0.055637049886742375,0.0066298457024838815,0.12618380739182386,0.004656841177984333,-0.008260182852348728,0.02702346075074749
-0.0021237511782646883,0.002751416851209345,-0.00041393404535499,0.013786291074975084,0.03747347622631922,0.026144548469329232,-0.005810491689216557,0.021414702876022103,-0.009297220801322358,0.0028559733945150434,0.004673751742611529,-0.02171216490038769,0.001422644336769119,0.05220224845512455,0.0034329668525063094,0.013212998951708726,0.012711914867413559,0.04088542920690075,-0.0005732166267290788,0.047121530741869797,0.15238355174148147,0.010550705384929247,0.006864955773668451,0.014587404237430721,0.00795079871938514,0.006268241262042416
-0.011100010008836314,-0.006326721575308042,-0.017775266812074045,0.004434503511841189,-0.008572867430070859,-0.07331134630264739,-0.01743260926465552,-0.00802102139326206,-0.009868374081350278,-0.00819087505017059,-0.00971458966609563,-0.009183751742013808,0.004644297178865557,-0.039919907293537574,-0.007123063977300111,-0.03991907640556684,0.001157028966919646,-0.024293122070357113,-0.019741817970648317,-0.021257532191303063,-0.14289564001117686,-0.0030782286723382256,-0.026306700532650083,-0.026683678456773226,-0.022957517528155273,-0.011130672630862553
-0.007429197979541833,0.022849248813655038,-0.00956561338640587,0.020717874457929737,-0.0032185269246874024,0.02651109223020136,0.04660710573799514,-0.012083325271535928,-0.016929226947862495,0.003866690168721548,0.0011071315287874098,0.00046405403187787364,-0.006879497977929223,0.013487559253098483,-0.001284200853685956,-0.042148265207548524,-0.0011473367442364983,-0.010408143830625806,0.02714874461240892,0.02589845837720976,0.1025018821160543,0.007630103576807929,0.053846251478223986,0.011572723072568809,0.026101741006900808,0.003272936782635289
-0.001280824802147277,-0.018522510571970748,-0.03347441506865659,-0.01902550314527439,0.0009224733064320075,-0.06135560174268842,-0.02033568304079923,-0.027169074680879854,-0.02301143966227256,-0.014496013115928384,-0.00512078711652693,-0.02609477730530156,-0.016755809996767602,-0.054820838443183875,-0.010205737554146284,-0.02689938394819552,-0.010859660687579414,-0.02023025837284512,-0.010324630055254759,-0.011613962942637182,-0.0329841011328142,-0.009189534332267865,-0.031662186438351066,-0.0021285450430258627,-0.022483579310138873,-0.005749206507754265
-0.005851359964961719,0.005621470138072324,-0.015891094921321406,-0.0061415783051607786,0.03223172027495847,-0.034138150986353005,-0.004532228848705461,-0.002499049232882577,-0.004477132910333243,-0.014905524856882693,-0.003107431783197037,-0.03817844808785104,-0.009237345103374648,-0.03450599774245503,0.013876270934307471,-0.029795626039601425,-0.005877702510293116,-0.021690011782892704,-0.014028228885901281,-0.021502256906917615,-0.13730870374204598,-0.0035599819123781707,-0.042909490450419044,-0.013571389585567759,-0.006158149418424968,-0.023320027666598932
0.0037443568575147956,0.019855308160521428,-0.00019748831505994632,0.015525733042055857,-0.0032918528308483346,0.0354264486780088,0.0020284825519005845,0.003241182930275307,-0.008818007092136801,0.001913959661754286,0.007495003981441106,0.026280713928530108,0.02294440589014797,0.06626933670149258,0.019058067762625773,0.015423261347021055,0.002527383353324152,0.013656333931364551,0.0016383500734248057,0.008245895575980683,0.17087507569201604,0.0053882614832875195,-0.0029302205514585007,0.015348802728871517,0.009680482408194246,-0.005897839358632784
-0.010009047309265107,-0.02338851048332058,0.03136293236004317,-0.002194147473476093,-0.0064802909377952005,-0.042702429583641684,-0.013009790253954856,-0.006405430200861384,-0.0005471634932603994,-0.011722039348386969,-0.0008386920803681663,-0.03295245208458568,0.011009045971320129,-0.05717425482551591,-0.010820855796891092,-0.02815081896968881,-0.00011597501380192504,-0.010326290817978994,-0.009539093647862781,-0.026099123248944728,-0.12469081863639368,-0.007784947164793427,-0.018311158506278985,-0.01649987105542441,-0.02574295247067505,-0.009291529193651431
-0.0108808785973269,-0.0179974250170516,-0.009117107265667229,-0.012670397672272552,0.0038495789881704975,-0.05433007003791974,0.01895257604418886,-0.02465411635685885,-0.019719927801353038,-0.012608370364319936,-0.009218042688224215,-0.03240229132925733,-0.012606938099310202,-0.047935538600088805,-0.010269851544701926,-0.03302307556325814,-0.008373778226929678,-0.021910799886696825,-0.013909544878916363,-0.023712744665409503,-0.11035547939524325,-0.00818425412606015,-0.044472360274932635,-0.012040113302357276,-0.014759871948832213,-0.012217738797822605
-0.02635813218823318,-0.02850533993928893,-0.02415187243829418,-0.019277498452586583,-0.01588002041946271,-0.03851134402308822,-0.017839524390436855,0.0002916872679460502,-0.012371969953526291,-0.012848913961317205,-0.011828729619620192,0.010503412650149004,-0.015003000325973757,-0.06169532922959351,-0.012995758928094214,-0.06357098728565673,-0.017380131941240953,0.01599361498962885,-0.01746986436244005,-0.016449196110073658,-0.035771475079471926,-0.0056222677315112,-0.05739458975460709,-0.030947456760056204,-0.02107183563278745,-0.01841203778867464
6.908510873876548e-05,0.03783857263017599,0.06287555623974123,0.005116695256316319,-0.00750836282248667,0.0016190638525887184,-0.0036922378539683063,-0.0006629414473932158,0.00790923633346554,0.004713855609066056,0.002865227825280133,-0.013984450261932012,0.008460464348185271,0.06098022734576166,0.021647281620685892,0.00010336662879453781,0.0004541905541856337,0.032421682842106996,0.003016314237435885,0.03474401813534875,0.10966984863238202,-0.0009534670923118795,-0.015022299715943451,0.0049657510051531965,0.02520309927772932,-0.01075167303079318
-0.0010792881551152885,0.006132638416113454,-0.005621044378302528,0.006059909724131964,0.01815202861283914,0.050294299945133215,0.006567745405860857,-0.01016302173781218,-0.005524067787401011,0.020142320963438615,0.0009834768300424812,-0.030662429716511078,0.002842187384411556,0.050555789785931574,0.0024547118161743734,0.13537877850499294,-0.0040616556075347785,-0.0013462193762873236,0.013553316058435683,0.0037335166929593467,0.10032108586582354,0.01490747628767728,0.0312955151639427,0.011597509338005529,-0.0012295715760973216,0.030146430130766216
0.022005448813646432,0.047490487471253034,0.054112785527507104,0.021013042236371713,-0.0066474863972817945,0.05899462012095477,-0.007458272800383471,0.012012226333183244,0.003888438548354684,-0.004273218639649336,0.0022972232739139715,0.015735971497890924,0.0008576405209234117,0.04328233805190173,0.0010549526370881273,-0.011238567470909195,-0.0004935246311695065,-0.00277612730051729,-0.004982899730466772,-0.00447180943005074,0.029532509275400434,0.02069523611055717,0.13190610049086118,0.021751734062696232,-0.0056603430949214275,0.006802933114721151
-0.019781134895886756,-0.02081284890567152,-0.03412613821104512,-0.02093556684873909,-0.01564019452030462,-0.03373653523854187,-0.02402494802855651,-0.0336147421594062,-0.010057969521864938,-0.015712812856016223,-0.005816183286018957,-0.007812635021359772,-0.017134876798237105,-0.04749234413718846,-0.011673050801822456,-0.015606331690629065,-0.012029308350887537,-0.02706383558784512,-0.014859799817335644,0.004521270270910383,-0.01669207870915686,-0.009718081109537417,-0.04780725318282748,-0.012392922406366146,0.02557174938104896,-0.016786655641694105
0.022685839821520518,0.026419303828348086,0.025793850375686312,-0.0011403844994846526,-0.006867099432696391,-0.006854578146971949,-0.00696291772409347,0.043512413085032994,0.030315129456740374,0.02080180353098651,0.0018395044405745528,0.07535089674579834,0.006903260478382697,0.068712674452407,0.020223793046868815,0.10239751556968484,0.005445840404189571,-0.022321131999692774,0.000500417546358042,-0.015048406467252527,0.007459645753538078,-0.005887080219918549,0.0042869280677298545,0.011398503215338645,-0.001869270639233296,0.015973876790664462
0.018400624473158933,-0.012794566506801828,-0.0288307094085621,-0.021008841801585375,-0.008342439849272036,-0.08425593850156896,-0.02193249218675052,0.0038759139687388317,0.01260217581695973,-0.01596030321752256,-0.0031987461618145315,0.03228049099962231,0.0005875673748383427,-0.07586786002971498,-0.005871342537386725,-0.027098933939872876,-0.0145395466944129,-0.012693953701532704,-0.007523721132213187,-0.023231624277110213,-0.21177114745695574,-0.008596960494274912,0.016842195173259845,-0.03470906070419156,-0.015992837114514675,-0.004936503498796464
0.00518584643409472,0.02800924244405023,0.00516863174412946,0.01150350206259442,0.009625586094192068,0.053067167536252034,0.011066816759878688,0.002392767542302945,-0.004602890812355819,-0.001289532883346351,0.001371307256016739,-0.0052980100725146485,-0.0036704951792215527,0.09639004985506781,0.0011186392632692342,0.006966780039225208,-0.009431445971971392,0.022968232470822247,0.008526509171349703,0.03134235123585948,0.08650776698729243,0.01385636625734392,0.06758413226167705,0.007039851969673259,-0.0026832551290496614,0.0027155212549498054
0.024564003129004353,0.005888588641902044,-0.021732229437781005,0.005151830653828924,0.0034128832621477924,0.04608368685197429,0.020317031685533102,0.03739456414283376,0.038295350529433725,0.006271254508864474,0.0010311811045864104,0.024691052980294607,0.013409472349938934,0.036827489546865065,0.006062860920816856,0.05536773244576163,-0.002601567342347966,0.016643491356926124,-0.00686447925961192,-0.006038609393019176,0.04418334083734429,0.001514685291964944,0.0825318800404152,0.012425426073926204,-0.007909658164360994,0.008510175834457163
-0.004342816799345197,-0.026233668925944684,-0.017343200898995957,-0.020946754107085172,2.1407723318723852e-05,0.01654015082630029,-0.031099449970159343,-0.010533224490082182,-0.02886205352665391,-0.016756440595593978,-0.01762301332914092,-0.007659704922159861,-0.004435765120752245,-0.03769348545117489,-0.012324713370779158,-0.009597326820524315,-0.011597529849039782,-0.03902305201239795,-0.019069796980489193,-0.028442844014569063,-0.001290376514545376,-0.024436695751061083,-0.09588636187144048,-0.03971507314808567,-0.02147754782988159,-0.044739223658150355
0.00523174638688199,-0.027258683721142454,-0.060879809760550435,-0.007595069006534967,-0.013689665815567834,0.03649814770568063,-0.026798771227697325,-0.024560155077434052,-0.02933793426276418,-0.014054784124077284,-0.007434275197805464,-0.03837151216260715,0.0006215217424844204,-0.04304254967510577,-0.011057177797145901,0.010637281039400592,-0.0118078318789483,-0.028745761471500066,-0.014086331344713154,0.003650235414513403,-0.026605976440112124,-0.00890849762125386,-0.07209544418132732,0.005479415951297684,-0.011755916427610886,-0.022211873565723836
0.001796998165240513,0.016558835983049917,0.07984248700506377,0.018739782890508906,-0.013369315929714779,0.046082260755483856,0.04123551998944048,0.004406485126669014,-0.0030105370703211658,-1.5579235292500715e-05,-0.0012013570655707044,0.01927611297494216,0.01128341802028093,0.002540738807902673,0.0027910250141144235,0.022869896819700624,-0.00214766866298167,0.0008373195670350786,-0.0031047254067723745,0.0034342926188101522,0.050337799966530074,-0.0009715094929830751,0.10626511535164161,0.007443560417990769,0.03128873414847749,0.002221747832322607
0.0017604417420530498,0.009819736328603841,0.0037033971324654403,0.021189423381823308,0.025400921106403317,-0.0003708813736744076,0.0014969398980142466,0.03017745843270589,0.03613549143101498,0.02813595233419518,0.005006204709765573,-0.024863945220508176,-0.005517839753212958,0.07768838665548948,0.001361129844523719,-0.017274880830054625,0.00881331274004354,0.06081170592642092,0.0004587139873771475,-0.007442109580166055,0.06560726500200252,0.01414355085010542,0.06564676871542101,0.014530329243367885,0.002069370358720814,0.02694459552871468
-0.005133330579155238,-0.0031823978497732895,-0.04961799328315848,-0.008674772702604342,-0.008174969599250013,-0.016864786130084686,-0.02875865848243444,-0.004211475112818755,-0.01069511830138771,-0.014323211308593748,-0.007486066020386284,-0.005884032593509423,-0.03473929893033068,-0.09020994184486494,-0.014354977749168352,-0.02204867068752377,-0.013626330919265848,-0.026390029024628666,-0.016505127048763054,-0.022160954347704317,-0.03973552848985892,-0.020785246981195257,-0.019983205907614432,-0.02443439477819313,-0.023316369970606283,-0.02327167276549117
-0.008057986949090665,-0.02525833231105415,0.013941319566973004,-0.004545827844405666,-0.006151900318222741,0.010721927934792574,-0.021239949718492652,-0.008025516444804166,-0.016954260688856592,0.004129243110458197,-0.0029944530380688296,-0.028101797854075433,0.001743919715329237,-0.04192542688569678,-0.004104972323503792,-0.034198881828358736,-0.010974450867599222,-0.017141823105813938,-0.01780357436832706,-0.016933386828801373,-0.13079178181913173,-0.013814670091316029,-0.0511145134673114,-0.015992650144230198,-0.01787763999672665,-0.014064137805131691
0.0018019470420192977,0.017400545808694105,-0.008641181278946768,0.017857591457094632,0.00155023031166348,0.07768834994723994,0.11561900759179526,-0.01601610228124417,-0.007801802627290411,-0.0005960626758672315,0.0010851672405641404,-0.002104895571746493,-1.3179629986467184e-05,0.002908091454447544,0.004359954813777702,-0.003354525360830239,0.014630633676214654,0.0006949735759885067,0.000979336109416398,0.037698255948565164,0.12482875617554372,0.00744499808446661,0.028911341506621478,0.0170280026002063,0.010637162507977594,0.0008348421652167952
0.0024793000039045237,-0.0056105321702252554,0.031581017932477404,0.0069287459325969285,0.0069608658908708555,0.08159926994933159,-0.002884223465464081,-0.015452821915363138,0.011701836026294163,0.005964033924061953,0.0015989409662507512,0.038623628990815076,-0.004443513740985769,-0.006772427760505273,0.0014475874057279445,-0.01366412085373307,0.0003285694813327536,0.05866287499512879,0.006217580887014644,0.03103193046989253,0.046700126753135604,0.015448356797506753,0.10392509567102765,0.0201616187563483,0.004147878569490998,0.018749819094667608
-0.011064408647282193,-0.011912690856693189,-0.039661732718553375,-0.022981482335995413,-0.017189700205238623,-0.06951962534010668,-0.016423948687446316,-0.0220181795091566,-0.0062979759059882765,-0.010414164092075217,-0.011073558465412596,-0.03229702624233171,-0.014891872195979396,0.00570514560798363,-0.005756904167996032,-0.02405938778603519,-0.010097729007674838,0.021903050520687275,0.0016245341798864661,-0.015934745787761165,-0.11784092296537597,-0.005327749069250116,-0.036365355901300134,-0.01663758251015505,-0.013352858301677168,-0.012681691017244315
0.020158641491311427,0.029051001636128018,0.03795939119894866,-0.009830110811137155,0.0010026935870579602,0.030813153407081843,-0.005529953478460092,0.03934637213782828,0.025333882761229734,0.01682929096183373,0.0010708216077719374,0.06539020760945474,0.007743832702465872,0.04326851659420046,0.011514868894949147,0.08453498515663876,0.005136207238480467,-0.016824114171744127,-0.006406176262765339,-0.009098125871098872,0.02400197621695844,-0.013277843175006413,0.04613862955508753,-0.010407603888035306,-0.0046900866524201106,0.022200980144857132
-0.017726780836347652,-0.022350621447777122,-0.004949886190769239,-0.01917624675567358,-0.018468970153347867,-0.049947973303774415,-0.015335073412278829,-0.004699895992740392,0.006195542573870362,-0.015857860318115695,-0.00589908352513244,0.020583855394836585,-0.0029571294311939596,-0.055888262615898236,-0.0018198156735507497,-0.03461486682927573,-0.017482801742515982,-0.025378395743415008,-0.017112284578937452,-0.019205428840896693,-0.12073483093158628,-0.005884833065712376,-0.03836193223241746,-0.02631382491204999,-0.018386185186261443,-0.019461642324112377
0.04547844278698077,-0.002034180545968641,-0.007414424667553388,0.03743766169351174,0.023353914210709592,0.04833940720214614,0.06586707811264281,0.011476226012423247,0.003091158761466675,0.015031794381091554,0.006668913462144317,-0.014684004450031596,0.018025304811203163,-0.007885706524464475,0.0029986544990475554,0.005740543307833381,0.009058201586932263,0.00259754361322903,-0.002381395409509804,-0.0017670442386450917,0.15844628725717494,0.01956534689257464,0.003232931885441641,0.009064027912553924,-0.0032365575308121626,-0.0006386864305092354
0.005195278734251609,-0.00028330955844684344,-0.007998423355509276,0.003649422818843687,0.002561994778882464,0.01674581537273043,0.041106468331256765,-0.007119989272396918,-0.002896804830113655,0.0173880621924646,0.013496383542475026,0.0672851776553864,0.001632723256147286,-0.0056580324030010695,0.011784138470683308,-0.006013206230295387,0.03524060229762043,0.0015119854426648871,0.0022123274995825997,-0.0015603530828931236,0.11935448508705507,0.008260722281716844,0.017622638561728094,0.03940991328046144,0.0029442598147943304,0.01604155044092818
0.02043425371799118,-0.009653441005986916,0.04303802516577645,-0.001267753941570956,0.007988450235151908,0.04147243015535916,0.046518120251441274,0.04830757608079517,0.017896447709979092,0.007724062418862895,0.0022107314461296923,0.06861527231343967,0.008721976190681793,-0.010130388231762367,0.013732594349446304,0.09257849946468147,0.001967073659326533,-0.011710452402391996,-0.002184573126310027,-0.006763184353853303,0.06603750766501194,8.125012168129453e-05,0.01874923109603235,-0.015930891798969476,-0.00018197357141398,-0.002819405017909803
-0.015214798033893563,-0.022778510815886603,-0.03286430277167383,-0.0037862789747668594,0.005090258766548247,-0.06605151559723658,-0.018911356404575187,-0.0028395672479600374,-0.011330205909639198,-0.010368286954297805,-0.004646516635520966,-0.03459881801006239,0.00038912562941563765,-0.02525303696956669,-0.007603645475608462,-0.019760243884587303,0.015255156678163068,-0.018705507880277097,-0.019117960156273685,-0.017359617341302914,0.004651467001149212,-0.004104182031558746,-0.04992350143670101,-0.019323117958535262,-0.02245634687668583,-0.021707252117050584
0.0006468463188084826,0.02943835186468847,0.02642366029338992,-2.2394018522924554e-05,0.006778678880307737,0.007444831277759696,-0.000984735716592274,0.007132494198330132,-0.00493835837440799,0.008996917821938072,0.02051647164900881,0.02352066277347649,-0.0047868656196670325,0.09922413658061821,0.006844856032720425,0.04114704665229818,0.006622785467065517,0.008729634043826335,0.0063533825501970375,-0.005917756975208896,0.008240995747733841,0.020983601853762773,0.08704943664114505,0.03024086996519004,-0.002299928795189033,0.01804581747891585
-0.019149631471781132,0.00731456414951725,-0.03819842592110049,-0.028129074744621254,-0.019220629732909108,0.02675959490967033,-0.012901683902407557,-0.02439843201953443,-0.017875072523911434,-0.009393685186263283,-0.009860916198725351,-0.045018759666198144,-0.0234680367339363,-0.03646676435422099,-0.01292853887509517,-0.02784866201950384,-0.009780741607735306,-0.025389107608452484,-0.015144116376925094,-0.01709905816349597,-0.06748710125859854,-0.018296204515524404,-0.04833246995705852,0.000388476297627159,-0.01979888509994186,-0.012845198827350695
0.025518155345176017,0.008737731010190245,0.034653527406113174,-0.00460264564413465,0.00883861192204569,0.009219961168553746,-0.009469815592042529,0.04660176682522378,-0.004466624124344378,0.016340871609704315,-0.0006210602218748141,0.07411523674137849,0.009359697635994344,0.05068905856877724,0.01783202484207882,0.10809584329502052,0.009755350800168532,-0.010031813120914407,-0.004961221437783605,0.0009380994986265207,0.025816607425079487,-0.012486865946122392,0.018849548642310095,0.006582159557317449,-0.005328944459527195,0.02101173240016135
0.0332122458681945,0.03275828192168223,-0.0016290207725732642,0.006885421411177833,-0.009326794589125477,-0.010439988182635139,0.02050010457168964,0.04628257094664369,-0.012329247574634453,-0.0010018344676952298,-0.009529455498330442,0.03185355156854755,-0.0025809271869360402,0.04331550127120434,0.015142774885819733,0.09148042112145634,0.014317677805181443,0.02709952211015295,0.009550292645098634,0.0196870706864853,0.08056211951343387,-0.010637252976509451,0.01523507612736531,0.00782375021292316,0.011012799619425886,-0.003813222446422174
0.02120352304857913,-0.016095057466534383,-0.012166245379647129,-0.023494861509240114,-0.00034353756011726934,-0.01626774814022093,0.011289546752443815,-0.0028504008608876475,-0.024899641729288532,-0.013330765901463584,-0.009587786449402952,-0.0013436978945913613,-0.012845645326589895,-0.03236300278636106,-0.011726586708102091,-0.048681506556158105,-0.004865605547305034,-0.028010698740391485,-0.010416882016655799,-0.024796976694860754,-0.1452104561870688,-0.0151547496927592,-0.07402428807021148,-0.006285517895127115,-0.01896590434231001,-0.03333406775405183
0.0037443568575147956,0.019855308160521428,-0.00019748831505994632,0.015525733042055857,-0.0032918528308483346,0.0354264486780088,0.0020284825519005845,0.003241182930275307,-0.008818007092136801,0.001913959661754286,0.007495003981441106,0.026280713928530108,0.02294440589014797,0.06626933670149258,0.019058067762625773,0.015423261347021055,0.002527383353324152,0.013656333931364551,0.0016383500734248057,0.008245895575980683,0.17087507569201604,0.0053882614832875195,-0.0029302205514585007,0.015348802728871517,0.009680482408194246,-0.005897839358632784
-0.008417144281775748,-0.027564208475646203,0.0017202348490463915,-0.013286074085570719,-0.01009779515069691,0.01823352845213235,-0.03112262593204511,0.0040087253430378675,-0.011481087660484376,-0.012779245901326923,-0.03795355239207046,-0.014574290785369665,-0.01151368184609177,-0.04514752860473853,-0.007585799756841324,-0.027679300421397962,-0.028791586341065458,0.0037939063849988675,-0.01987863641271442,-0.017236548189372806,-0.011560328937195405,-0.041301554202308945,-0.004782842857261505,-0.0054325035129471795,-0.02105952455431167,-0.019745762802985702
-0.01796221144953256,-0.028187601556437673,0.02308591910804464,-0.0015333986824628896,-0.0152352304216891,-0.050276484156152164,0.011847752265255819,-0.006470259129804569,-0.01027720256318744,-0.018110780338710362,-0.009537050910975698,0.010442825517555893,-0.010198697994401084,-0.05578890199391384,-0.01043579342480559,-0.01815748195538889,-0.011131114101119626,-0.021080956307180845,-0.018549153005593514,-0.026957265051973326,-0.011065631271187567,-0.01661167377772859,-0.05614433582786133,-0.02881395607086676,-0.02926938959966452,-0.014483822041933606
-0.001542977652371321,-0.0011619996606033994,-0.013020370032205787,0.012606869743054501,-0.0014462743836674377,0.013187640207024148,-0.0027802489334787027,-0.015426617634156974,-0.014104177119309056,-0.005532906876120352,-0.014731448748088856,-0.018839051405508397,-0.004982384599849865,0.17115740783309152,-0.000927171751358194,-0.001942189100531864,0.0021410453769556137,0.003283026274914971,0.0030040352374980065,0.06766578173030059,0.0697699492237169,0.008528577044345509,0.02012831567566637,0.014214516373526685,0.031082601916220084,0.0017661565191915457
0.03491769577121918,-0.008241633877838871,0.04328232116944664,0.017500743964283288,-0.0028739377862433196,-0.010486987206902365,-0.003922510640306399,0.03144855820021373,0.027840481085103026,0.020450632633462418,0.0035692114632620334,0.07690757796505661,0.003862279963315725,0.09387402190662011,0.016788575705774567,0.14383429739130688,0.008214483452635509,-0.011173739490839829,-0.006733960124034329,-0.010589594149115299,-0.02734893238749982,-0.0008761691276867966,-0.0124051686160573,-0.018277943362179982,-0.008001642365906747,0.006920396102172162
-0.0005332614457049291,0.015613876043275169,0.0784954145041369,0.013362329445529335,-0.0056063121232041045,0.020204812932237155,0.015175017728454655,0.0074737490546632835,0.023952898524070648,0.026310757919549645,-0.0004867234742046078,-0.002265295793366405,-0.007469638962220219,0.03517551272764777,-0.001688562204924709,-0.00864344714441209,-0.005925539381881867,0.015532695536031186,0.011538884865411176,0.003751974521781003,0.01649152179935044,0.0005604894870345194,0.12496774196981818,0.010942630850413469,0.02974429358579097,0.028755617626310657
-0.00047565661163615625,0.031095194137694036,0.07787671524633932,0.013368755695701211,-0.00815329845331392,0.020983424732977343,0.01505990266118667,-0.016851666614704656,0.0073529176569099,-0.005242363519719837,-0.0006439819211040706,-0.020099995874154605,0.007945807329729824,0.030896008023198536,-0.002407171251522715,-0.004343780422727642,-0.0029173446830403475,0.015550331486827688,0.016004093111791903,0.016653812426721242,0.04306845786645129,0.005495679817379459,0.1360356847548777,0.011837448080260295,0.03336945866277889,0.023973006252676926
0.026124376559334878,0.00737049911487255,0.015731354267463915,0.0037854604360275657,-0.003732508033088274,-0.014402881777044414,0.05377540121488376,0.03941327700465166,-0.007894355808053151,0.02390169977174504,0.0032946707616738854,-0.006410402977778154,0.00739717380640029,-0.015419433596197052,-0.0051896949504169985,0.025394885230957166,0.017713550329833825,0.05181324459822468,-0.0019255115167998232,-0.004195038042021861,0.12467687755177209,0.014415667219586174,0.045600240163984423,0.019401213227074884,0.0005899375964243034,0.024201736438116093
0.029738449008078344,0.007502157214052045,0.007767642485652128,0.028464451563637184,0.00011896071774479551,0.09913053784743937,-0.00020453980972624284,-0.00933904970846941,0.009983371605668567,0.003379779966287887,0.005285720912769214,0.00644778870054989,0.003924884669121651,0.009661600119737858,0.010287251318753843,0.023435389130691573,0.0032198390758258017,0.0036517050682620105,-5.989649490647016e-05,0.025865913790447136,-0.0021667909582047842,0.022311707205416403,0.10891549534077703,0.02800814382761822,0.004452848894321022,0.015648077100107162
0.0019500879433795584,0.00463968330703689,-0.009384426882358918,0.01888245970803134,-0.0011208101039933917,-0.008577579360075329,-0.01494310455096515,0.06493566007510167,-0.0022646192474685234,-0.0059916243678220385,0.0009758959501136449,-0.001535831024996967,-0.003881212700282984,0.18366475851821107,-0.004810173999742167,-0.004513859018280094,0.010785431093956879,-0.0015660686708074878,0.01559875544395508,0.05103137005382357,0.048893608878308986,0.0035116713008129957,0.019475620353445834,0.009082605992934345,-0.002025624414139682,0.02261876431342737
-0.012398319851483664,-0.02567778303695558,-0.016103090471085074,-0.011396449739882183,-0.001411374001756063,-0.03195977091666419,-0.020207351724298637,-0.015227231333098522,-0.005820771708897664,-0.012511121644208523,-0.011110444713280163,-0.007174483191428501,-0.0007959431703762454,-0.06024861685111526,-0.0011356871417563825,-0.03440096708435282,0.01427492284623411,-0.029485288353400738,-0.01866603918781838,-0.0022482673825295276,-0.10939619479249955,-0.0070425366515616495,-0.06102846773288291,-0.033699880675949145,-0.014146819955302637,-0.025550582941965987
-0.004905065191654549,0.007666391476024283,-0.030456356176236557,-0.008264671139951399,0.019810500879408617,0.06563106871397913,0.043873687414588816,-0.011734892535364078,-0.008586567304441331,-0.0019665183289300447,-0.0010975521242283543,0.00884190572696723,-0.010839563778321,-0.01874591181449143,0.009886325691962067,-0.003021723344982862,-0.0058357782553138116,-0.004325664151742566,0.0015201034090342523,0.039703005456471846,0.047175776093711666,-0.0031823451737001854,0.025375427620367593,-0.003359701244178241,0.003001544847493631,0.00926801182509108
-0.010361192804053981,-0.024521238233243987,-0.005806886832440085,-0.016469546191324323,-0.009270678798759504,0.0194795771592728,-0.014959298127063262,0.014414965082173754,0.002266056275022637,-0.011557130251695602,-0.003856284009496293,0.027930080888441306,0.007791325054677759,-0.06563434161465137,-0.002167821184612338,-0.03960483464454119,-0.002045980412714375,-0.028276516251388203,-0.012565661200257162,-0.021945530885301167,-0.05365237392926205,-0.0077173304905092084,0.007875633825664712,-0.02521888018138187,-0.0220445310791989,0.008238746317096741
0.013942516068427543,0.011272988233956945,0.023641047338134828,0.019891707348025735,7.960699117355616e-06,0.017452707037422546,-0.004447392999126662,0.007143268811994972,-0.00942280669912642,0.002811394790095091,0.0021248865616381495,0.030359335048380297,0.012594562567161058,0.10160746984611198,0.012046788289174997,0.13042568216096515,0.005772671974095852,0.021952049996549497,0.003034633215134919,0.019263800802276004,-0.05398363040622604,0.0042685092353968905,-0.00408615650408114,0.017579847210097966,0.012966049053161616,0.007211548912862541
0.004153131802613911,0.009638211764080404,0.03296167999475036,0.020440781186869487,0.03549380435866798,0.07472121016898764,-0.006275960127596827,0.06937445761185128,0.026992135404825895,0.0017171939318419457,0.007029622401396271,-0.0111571146109447,0.02545259231215189,-0.012594126561190005,0.005343464468183419,-0.015531101447741114,0.004893671140493478,-0.0009823655899354794,-0.004403840065432044,0.013689962011548042,-0.05465693817856484,-0.0037034030383022555,-0.007431530671417416,0.007984023083078513,0.024755506016637646,0.08219303789138098
-0.01001879282351356,-0.020475813655556983,-0.024872377142133126,-0.014692268298296717,-0.006071864804045992,0.005229557458466024,-0.02204898872673813,-0.009509723580462872,-0.013331038749232757,-0.002064945553284929,-0.007834921006437422,-0.02259539823341173,-0.0012484732316502766,-0.0361968904814314,-0.005895903434341217,-0.0339464480074115,-0.012687189048155235,-0.01730067655733658,-0.014504172986433072,-0.01982806937349831,-0.15654153039920204,-0.005642894139891683,-0.05182722268505335,-0.020477304362169425,-0.01416889218782953,-0.016016319399254124
0.004530772097436505,-0.031387604849311836,-0.040803761364095976,-0.02245940203319308,-0.0313965715733442,0.03581448295411436,-0.019763849794081422,-0.046718278603632264,-0.0432721072608756,-0.015213969243891547,-0.010807838579509413,0.062336138455623025,-0.007120978129759485,-0.040641288459940986,-0.026841624439726257,0.0665763719742962,-0.0111735253050389,-0.05764612340831261,-0.01713581183370488,-0.03394838497373873,-0.014180681379898375,-0.019013585883860346,0.004076101926087725,-0.004503297966229421,-0.014244865571515134,-0.010517767051179393
-0.013349959837537936,-0.008943606835427305,-0.02148354143723917,-0.02510365151353779,-0.025313503351330417,-0.004572766975158887,-0.025190736135843293,0.005932295726034234,-0.0019271604798074722,-0.013131431361116398,-0.008356977855634965,0.02135646424679394,0.00218916625156233,-0.030954457204635702,-0.012804198669912583,-0.06954785812621746,-0.012454891142412546,-0.0337673530425404,-0.017882338052277836,-0.027801039781630163,0.006495009332763393,-0.017715871460054978,-0.0014666773878341114,-0.056412970107522685,-0.02109437620707635,-0.019599463334129336
0.0027442393467127274,-0.0009117531155215299,0.05266510813948719,0.00877492918366889,0.04406916065657187,0.06417338755431329,0.005378741069098756,-0.006090959399643509,-0.0014536995788396773,0.001755655905330177,0.006850447186304699,-0.017755332866532622,-0.006153877917216847,-0.007764646353811981,0.01295440656084227,0.08543885427915575,0.008662336261105958,0.0006525808858229327,0.03293470226437257,-0.006639340972818232,0.1263171812010026,-0.0036539390073360794,0.010285424058096905,0.016646566474038303,0.0161241192661919,-0.0005728524887552687
0.0016917237815159327,0.015521019798354194,0.009715004706305824,0.0006274572828321381,-0.0007585846596638356,0.09183769440071708,-0.00326373237815388,0.01601954774792898,0.012967610394941716,0.0068331520507573275,0.0030011924013929616,-0.005680205483993442,0.026517397079121485,-0.007578485591883084,0.013268005156558196,-0.011129811879898636,0.007653145645933819,0.0024508568122511613,0.005226290221998727,0.011556948643454289,0.18444610552240107,0.013535905539995955,0.02744655293098194,0.011545798277033933,0.006306416899796749,0.005674433290867076
-0.01146471437275208,-0.02081743587969523,-0.005640878488110207,0.008149139483280148,0.0012957686261957338,-0.04989936119906107,-0.021235843533233344,-0.01074691924304801,-0.015266199424853412,-0.017526535301832676,-0.008610249124882124,-0.013586277065120106,-0.0023002485197154312,-0.045008568852761895,-0.007740169052460122,-0.025084585951790646,-0.00882442140161694,-0.021776409589419572,-0.012167539878795828,-0.013728966278458767,-0.1601204714445368,-0.007240776064421794,-0.040025090181529555,-0.015815855436355518,-0.011178990099230287,-0.014873629801191598
0.017899849380544158,0.030061884340585935,-0.002104187336257035,-0.002748960867856713,0.026861672206018265,0.012363315669541913,0.01726432261272287,-0.0012923840594039123,0.024462561360807118,-0.0011543489371582455,-0.00017281181307250687,-0.0454078200660744,-0.002870078207731672,-0.02203356481797817,0.0003911441827979735,0.02034241435013759,-0.00463648507384973,-0.0017512130881657665,0.01441001639939368,0.014451037302755624,0.09098823134188602,-0.002622495426772349,0.0039488514176804325,0.005789439540456847,0.001872963765866989,-0.0022152489185888915
0.004586910011605732,0.02870119674889323,-0.0008558178808037844,0.0014073798521898285,-0.005586969982567909,0.03993307954996751,-0.004484850831766427,0.04551968282704667,-0.0057477609899232555,0.012189292187297826,0.0008480238391475193,0.07517379031578661,0.009773332199028796,0.05810321205731593,0.010135379979236843,0.10180330674467258,-0.0023364291868041604,0.024065379773712665,-0.0022952638172854083,-0.00830568200827309,0.01292686098599416,0.0018549997019245285,0.026864338394069726,0.00988596755597916,-0.005270443023615995,0.013209190255455003
0.0303434461703768,0.0035877753413616205,-0.012480089140371818,0.0003436242314553313,-0.004365266597996226,0.042598972979988395,0.05194032958245872,0.014858058514657754,-0.0015045815474189368,0.026975846475821616,0.002080902304053251,0.021240075746310316,0.004565887334296137,0.0884841311389251,0.007411093042061981,-0.0033149393591769645,-0.002838522341950172,-4.609131113618456e-05,0.0006537702372716097,0.005982641608794589,0.13870957477653678,-0.00037304741778329753,0.0022775491809191068,0.008252687028871986,-0.0013169283349588994,-0.0019687943850802817
-0.010431780233923731,-0.001114650403692637,0.02049528974349229,-0.013815856236546147,-0.012973367998280964,-0.055570659888553885,-0.01875875896532888,-0.005968233755042848,-0.015274871942942853,-0.01089118794242134,-0.00363057469171786,-0.02331273253583108,-0.0014909901543403408,-0.049064586923413034,-0.0027417617999889767,-0.03540316715765439,-0.012361574547316812,-0.016150334908778277,-0.015354540626033537,-0.021678482166365875,-0.14993352946535105,-0.003674290553558042,-0.03365505469308356,-0.0253773424908562,-0.023376461765619923,-0.013059059304686928
-0.0214150338976298,-0.013982851969170202,-0.0027803389966572817,-0.027216915589763906,-0.01552998973806379,-0.04482311645135853,-0.02793870974033083,-0.01161892492838866,-0.006110245960993265,-0.013465221402828263,-0.009109683408821269,-0.026929325645853538,-0.004396532657246772,-0.0474205388218712,-0.015527482681712097,-0.004822019198640647,-0.009203436422261058,-0.018504344946273437,-0.012407986988947533,-0.0031614600122182373,-0.11545483348393297,-0.004622827097092698,-0.05896641593088099,0.006073250927499739,-0.003823224339437757,-0.013910352025759557
0.028705849370758173,-0.009209353015893344,-0.00168268072096886,-0.002663888736187745,0.006506150021637566,0.08148064153934449,-0.003780500624407851,0.04374710254301872,0.03110564191518997,0.0010003376144498604,0.007010239197157826,0.007919482305561573,0.02034897149840053,-0.018973120760355525,0.008057631260719208,-0.017797750723249506,0.0074379903855979895,-0.010202819624179146,-0.0013376984224035121,-0.008561195457411318,-0.08927679610224887,0.052927139008595185,-0.002145523336741856,-0.0073960253818593225,-0.008113827497126875,-0.009674557665737018
0.023994541144479888,-0.007709945990092858,0.0198888142035998,-0.006603382078839902,-0.0013320963883979612,0.032120360900485374,0.010856533443478674,0.04073098412503088,0.03485235915897207,0.013078536340724934,-0.0017502260028997925,0.07276446706580246,0.006432299569019553,0.05748446974621015,0.018431736309321028,0.12025792183443423,0.004342263251250517,0.001469898267770472,-0.0006726588526134532,0.004588948929862315,0.009488917508193799,-0.005431649355397474,0.010111086166477367,-0.023273020176926982,-0.002425240339752872,0.007068853144749364
-0.014343532758133416,-0.020031949184140883,-0.02289489915561596,-0.025097558818666363,-0.019135387460107834,-0.0794729056443474,-0.018889268747381175,0.0033803156779440412,0.011604442442594683,-0.012600273419972075,-0.005491291759066188,-0.009537401055716157,0.0050465121186630746,-0.053152881300971316,-0.012335817478877922,0.010725531790380228,-0.01677435738767752,-0.019863737708102864,-0.0024766412904405517,-0.00868822814902793,-0.1411072486932976,-0.01124793575189676,-0.05424156492531568,-0.026766516079392087,0.009254505278401524,-0.020430471947931066
-0.007890324187930243,-0.010188349481631174,-0.038269920830046426,-0.024649281314363655,-0.011533578227556525,0.01446280317247568,-0.019827610414915854,-0.021189834756206116,-0.005923036374531813,-0.004035800323163817,-0.0059892229488489514,-0.014343336413581481,-0.017596404117936042,-0.02870102972974626,-0.008951509659123802,-0.00867841516196777,0.005174692199712952,-0.013345247252178003,-0.008833413688106506,0.004624086276391239,-0.10269820259052134,-0.012932330452181076,0.000696731793828979,-0.006546124872131997,-0.01150395720547047,-0.005899944848667307
-0.01160906576779372,-0.013806479002062335,-0.02922426510870633,-0.02181960140415012,-0.016787254767504752,-0.06930988315032775,-0.020864006751993326,-0.017892365967477283,-0.021241904477279704,-0.013405709010812632,0.006021590045565674,-0.024072937338721546,-0.012608531785629188,-0.05549684676462644,-0.00883719981591685,-0.015766310716615065,-0.004368875998382848,-0.021337280786719943,-0.012263255036666912,0.0023822412412646235,-0.08988998191892483,-0.004097878867667083,-0.033041508686036884,-0.014610415449528137,-0.0010308733476825007,-0.006256627440892812
-0.013893692144362684,-0.007620695346979376,-0.031889833143800714,-0.025331202987984653,-0.017496084580774666,-0.047358057928679656,-0.019669257096711888,-0.02776626830628993,-0.028278796221781605,-0.01012935641521334,-0.007109776838893599,-0.019789482390558208,-0.01733065183666113,0.03311622440769357,-0.011111753679003971,-0.031423523938836566,-0.008741673012629994,-0.020109198757454892,-0.013564275525844303,-0.015564551303714046,-0.12839355337278244,-0.0016487278115037054,-0.021886101260725793,-0.0038110818924657376,-0.01847934685686264,-0.005954509832307727
-0.013926836932410619,-0.038718286312366956,-0.009560615074112423,-0.019894453782529804,-0.015028008719475646,0.040299388210215066,-0.01764805222110542,-0.03134172401451798,-0.030641986369299073,-0.009328418712116026,-0.005298305430079562,-0.022904202523617134,-0.0038578343801045824,0.00767692843802094,-0.013579844806715268,-0.012601818500512103,-0.007214310877174964,-0.013204183980642674,-0.010985657060469901,-0.005412244057776156,-0.154489297334631,0.0004809430368799325,0.02005849379282796,0.009567079370629537,-0.013901294426722216,-0.005336240962854752
-0.01777947663583278,-0.00500819396096626,0.0001071015613705586,-0.019511739766603187,-0.030737564145831058,-0.022993328310647966,0.01291157413084625,-0.02735712786352836,-0.00883528850449364,-0.01612963510083539,-0.008819312657557744,-0.07610871229272109,-0.014680460091514913,-0.04115426816247312,-0.008099107063736923,-0.05733120899139572,-0.012258955991223418,0.02109304803402837,-0.016763960000832353,-0.018023697762907374,0.07374932965176464,-0.011231870011752194,-0.03228878415240577,-0.018525598254940098,-0.01843306315534467,-0.023691595242287804
-0.0003899412323991611,-0.023421342970819704,-0.02708637307323374,-0.019070697131439957,-0.009405193182128409,0.025814800241796863,-0.023838819504688143,0.018730874554112337,0.005165954046111815,-0.011159336038087051,-0.0030963763984932975,-0.00014866037936015183,-0.0017157472945024319,-0.05855467145171362,-0.002998790775701707,-0.02686313623136969,-0.010187712714850349,-0.029522812921967137,-0.020254877301146373,-0.008675931667169358,-0.17235753698689718,-0.004799952803618084,-0.07945392659186011,-0.021728340400521833,-0.019586122269872493,-0.029963890928034476
-0.006261444091803468,-0.005617500228005363,-0.009790838357236455,-0.01653051950532035,-0.004877429276882889,-0.016956950803031137,-0.020591975943879442,0.004142584333315991,-0.007257895235473271,-0.009923150604495685,-0.006620354336591214,-0.0292659349650792,-0.004738674912190985,-0.033459452517102174,-0.008081029335404489,-0.02505976386788257,0.00475049660903309,-0.024559246816360836,-0.010230396509882576,-0.019883797326464572,-0.16213425343186316,-0.003142838401451148,-0.05979824500735813,-0.014617987476894311,-0.017280383285923146,-0.0164785498123687
-0.007155260208196158,-0.02457792187602984,-0.03407431251568639,0.001845356267972565,-0.012716143867230521,0.009630195891346532,-0.019224823238950504,-0.014953442971276374,-0.03260728096622644,-0.025132439219079317,-0.010012051302646312,-0.04042724165745213,-0.00707275938792184,0.026367033838857013,-0.010161720734072632,-0.020857030095504797,-0.01145210183075909,-0.022637742272984172,0.01349555411603186,0.02513858436811816,-0.10218715489357083,-0.018544189497594638,-0.06945365357780706,-0.0021566463379398024,0.018289811984361144,-0.047264514757505934
-0.0015320684942207346,0.020083336718536373,0.007520936107316468,0.04704368358305797,0.011245491066540216,0.006474564726566548,0.00709919827950993,-0.009808762202018727,0.005659694188068528,0.018126015293479444,0.0042342543477441935,-0.005048239745719978,-0.0014699582174937935,0.09883116200407158,0.0015261914822631915,-0.0018312434975307755,0.0010602710861819411,0.006318551128694944,-0.004377690662380289,0.04880439961587891,-0.01875455901098343,0.0111163362308523,0.12078371184893526,0.01336236905401861,0.0242037319473159,0.03476006171297768
-0.024086645273270698,-0.016175571926006112,-0.03818604437535818,-0.01833934914725561,-0.02994374770132332,-0.0065024215476382225,-0.022009162844041114,-0.04069043918187905,-0.029455637056303097,-0.020966612552591978,-0.008469749600555992,-0.06259521814648891,-0.012233380580628023,0.015777906901464946,-0.017329001412133067,0.07462923386033615,-0.010406645933863663,-0.022966861600967753,-0.016598686987757207,0.0024283095092431295,-0.005062593210623742,-0.0053381711234481485,-0.07767475488576041,-0.0007894565681281813,-0.013266100944869151,-0.04165109241186755
0.019739754159850784,0.002628718541257753,-0.0025649710437506876,0.0004211592555453694,0.01982881030032632,0.015659418591499996,0.014021790083886496,0.001158835922360264,0.028402099490431473,0.0042188021992264615,0.009815573996470237,0.03796160305110132,0.0050455730336013745,-0.010798964362851195,0.008429750838810028,0.015062675849984644,0.0010043622525790037,-0.0049840475807161585,0.01675444210056052,0.0035081058235675727,0.24495750791908166,0.011924221777475824,-0.015647272881033843,0.016985090356541117,0.000659031862381727,0.0012393670534210385
0.005285628511835399,0.007799105299825587,0.004654119493548089,0.003971400814003998,0.004880516906228498,0.007720266072931456,0.012947375916869803,-0.0004949107203492777,0.0031013214571979503,0.03384040403536391,0.026644446734260196,-0.0033328083638687936,0.023176051374282813,0.02193524227438939,0.01585431452782902,-0.0026770174559839423,0.1636782371575016,0.008011679562068934,0.0033213753431898534,0.04106389071606556,-0.006695302166498491,0.00817311704456878,-0.016527477996139836,0.04970702099675608,0.014717699532176255,0.0013424081902707824
-0.012730280992907341,0.013207865474134562,-0.02250397556602036,-0.012840581889624317,-0.00632996591309252,-0.049477443221735154,-0.014431460972574852,-0.003670546720906872,-0.010777761045734724,-0.008200030549590327,1.0043804854680846e-05,-0.046316986136325074,0.004856495280156877,-0.024664382076908044,-0.008853406278714586,-0.04102628624442966,-0.014755829309534778,0.02167934042936934,-0.021553698881602745,0.003487929460648867,-0.10225935517619072,-0.001963070721587217,-0.05919365295890238,0.00029396090226408106,-0.020460306552387182,-0.022719107174792766
-0.004370972837619569,0.04552153804172179,0.08117671134951134,0.040799746623381566,0.0025326783255088755,0.05471467521654391,0.032796493908110944,-0.008756398120178255,0.02639775045118397,0.00011097926280972947,0.0013183704149095203,0.002592549004131599,0.010078051334713095,0.04795450221636183,0.0043211128824865355,-0.020278609182747646,-7.235905047260109e-05,0.001967901449518212,-0.0044285634853130995,0.009675773601392426,-0.056377012276370514,0.009320232299820892,0.12957772620298036,0.007777887784054139,0.022754248169749056,0.008326425005576468
0.0023027812948367946,-0.0034431159324232194,0.023229029833361926,0.018643252333115035,-0.0014057115249997525,0.02385815257072206,0.11030615494574948,-0.002600839269414595,0.015350543980520945,0.0023987322227486886,0.00763344747686003,-0.007950978433768564,-2.831693996822293e-05,0.128996611645672,0.0402868761860482,-0.005971951719862329,0.008977472948240682,0.00788431933630889,-0.002269259863222528,0.0018063666246444586,-0.009257177606945194,0.009574650737024673,0.012310895170454701,0.052526463688594045,-0.0021586808532081804,0.0044317197404241965
0.0052998009803245615,0.004234718968987783,0.08151399645316976,0.01730758345154371,-0.004201841548068341,0.019420769544466643,0.017374657296280224,0.015064452995154305,0.03298563460672935,0.026899583025238868,-0.004395551353774611,0.007906789664614753,-0.005528174858161706,0.04452153771167301,-0.004076478229180627,-0.03536888400910766,-0.001889487017401529,-0.0013957075098459588,0.015481544985375855,0.01151883707632131,0.01059792547565225,-0.0008982468370530738,0.12221194248413854,0.00839975371716514,0.033170904489271215,0.029275377028117347
0.003978641190477614,-0.022011675305351804,-0.013424953264077092,-0.0186856091318227,-0.004237912190452699,-0.0034340733023548943,-0.02066523266124888,-0.0019156595149739815,0.005611548660403432,-0.012041594063717452,-0.005377746249113907,0.03571798911635897,0.013602126821535682,-0.051206934400619956,-0.008017572867548825,-0.03483876885800551,-0.010993540788534234,-0.02481848876129623,-0.01270901189384366,-0.01992784896167941,-0.18318070497504882,-0.005865760611983155,-0.049790611184475614,-0.043406918719104785,-0.018674690363793368,-0.02158689246117544
0.002341370069883598,0.00666907436039725,0.0025319822112640756,0.004938734967528286,0.01482385638842065,0.0451526673804622,0.08023191985729138,-0.00896942854057207,-0.005514595083840668,0.036067292402850754,0.027658249462974707,-0.013084923800053291,0.015298635659948831,-0.0020516377700060587,0.03140253914370616,-0.003892283771308038,0.04956088367845155,0.04673972228407642,0.01027301306759352,0.013132279080064969,-0.020584547891069394,0.030109511818302185,0.020731835174786706,0.04591218179063655,0.0038248724831469825,0.0021282341666380277
0.0008295069847449628,-0.011807891686831848,-0.02904949184873981,0.002386358364817414,-0.004998115334815571,-0.01558690605763791,-0.00588999575325579,-0.008968352666332212,0.005455830532190845,0.0043644149744028445,0.0004997763357406828,0.09616092898963606,0.017790139918342926,0.04536696491994318,0.0049597290245089725,0.13090583997720728,0.013951309619817739,-0.01322629010347885,0.02042791405289285,0.00931348293220981,0.08269133935310304,-0.0032076694327405155,-0.032268513051635625,-0.006997157922399445,0.010989014129807524,-0.0053273943264640165
-0.005577387692887138,0.03631835044667316,0.04930219624035038,0.020491548922428292,-0.0017701426162838442,0.03207629172050881,0.04731486349724961,-0.015835186067323308,0.004559560787965508,0.0019375156998722024,-0.004554981915407892,0.026267020449043194,0.002626583530412103,-0.02449167813213634,-0.0014021829071996122,0.08258703597976119,-0.0008085595306328443,0.007543146653368598,0.012632627052859202,-0.007146109381203213,0.09951673025793975,0.010989733750152603,0.05216220361168646,0.009505409780513265,-0.0053204279479321295,0.016507276401859824
-0.01243802799992799,-0.02035528057116947,-0.018732284435673808,-0.025023252392716126,-0.018856540933610357,-0.03541373687928505,-0.02005222507174602,-0.01975542292129795,-0.035105065132010775,-0.014118584056643617,-0.008554443847836655,-0.025254127221614634,-0.014536554101340993,0.0290207469629665,-0.013444721861190681,-0.017887361911763655,-0.013422275046113688,-0.01693966168755918,0.02202849498231384,-0.023068682407953095,-0.13418964165852038,-0.002464909068177907,-0.05860752222956148,0.004795923542713079,-0.017699791829244558,-0.01782694696479559
-0.014076336445985693,-0.02274458874557263,-0.0022513803623675083,-0.028120211063719213,-0.0199766298044867,0.010306359913656664,-0.023505148000043698,0.002461053758499007,0.019642090420875766,-0.0174539039312316,-0.008175683666895635,-0.019751015892913837,-0.002196550251683167,-0.03868922780953269,-0.01781282898123529,-0.06997317622659108,-0.0218961490081082,-0.052217338045332705,-0.021556156782762036,-0.024413241050574925,-0.010542708061597201,-0.014559249438311012,-0.034499835296945405,-0.07016885374422815,-0.02765882004616699,-0.024739032845176038
-0.004119429026846591,0.02622451983804383,-0.00495711994007214,0.01011319529302941,-0.003890994257329101,0.0014518475003405344,-0.009124997128488669,0.08490528467738605,-0.015726361511864673,0.0019658481004049023,0.003523020240837631,0.051507008265259106,-0.001737732237090053,0.10915182790603743,3.3554378982031724e-06,0.002053301970070275,0.007139999097843156,-0.005897644810418895,-0.0020676989698555372,0.02335289831779213,0.02707160822669529,0.002022100353262111,-0.027112287873935315,-0.005973748703126184,0.012819426340901455,-0.00018245518185041742
0.0286916471587967,-0.012057485036353049,-0.023345815163193923,-0.026826546187327473,-0.007254938647507869,-0.008755054194229494,-0.012208495658602209,-0.006680918922285671,-0.02341279973175885,-0.009427973713011777,-0.00753152765362839,-0.026130194085503645,-0.01444809386373384,-0.048425070627072006,-0.005766164618230505,-0.008728761492167945,-0.007450211009813536,-0.026085583946665353,-0.013968625660529812,-0.004518562440399256,-0.13383183660496806,-0.003861540585646617,-0.07329159560160586,-0.014849127487758098,-0.015241493404591366,-0.029161792230943954
-0.002145078777725735,-0.001576471972699221,0.01546706414656401,0.0023813961023361717,-0.0019143349338807008,0.06739818727341408,0.05855203942019088,0.027033994884221802,-0.006857134073100094,0.04325887158620968,0.0021653676164969733,-0.020140027062226007,0.0022391915038789735,-0.00919979579005584,0.005651909259668772,0.004959979988458748,0.002981933141252684,0.0005424075950573945,-7.077829183251587e-05,0.0364543726588324,0.07095806880182506,0.006148461893972595,0.048010967149232406,0.014135411171344594,0.01931924268674427,0.059676192613445346
-0.029136882170959937,-0.032053997330872774,-0.0361304905459536,-0.02450182598236622,-0.0041337768481047405,-0.030327617718825643,-0.019333176343984237,-0.046979922268491875,-0.055639726837847334,-0.016205521068776433,-0.006857350355361873,0.012515209644790583,-0.025726486202091343,0.007899665103607111,-0.03793630058981556,-0.024347764587356158,-0.0023172554757182147,0.014774021093877907,-0.017733681583460118,0.005328429062354192,0.06336824318576896,-0.0053601937173263815,-0.011424223835797626,-0.018008849639709456,-0.01601867059932818,-0.005646938163174545
-0.01585925202814293,-0.007199808191510365,0.016505089336177482,-0.01656863646019283,-0.01963843508216655,-0.0013228583163266117,-0.016652497455888197,0.004616051916129005,0.000419560601622312,-0.009671255469011516,-0.00487849895837847,0.000898265792217561,0.001955174348976541,-0.04996055447737956,-0.018187091588025978,-0.04928598474478517,-0.014427019235276091,-0.03175651688344977,-0.017782981153541672,-0.02663387551391372,-0.08291507552460417,-0.011938405210928012,-0.07781478472807887,-0.046985252567504084,-0.023842092269407568,-0.02564182754535427
-0.01053746646554549,-0.010887213502856777,-0.014495193463046962,-0.021447023204581018,-0.012961631147640179,-0.05454306523189302,-0.01966297126903786,-0.011258664853043892,-0.014486473955813697,-0.010410377999467398,-0.007236294302339345,0.00017439574298013343,0.0008350603353065207,-0.049710109056716176,-0.0029100859985447636,-0.031115143049560992,-0.008108708384058475,-0.0219717779629149,-0.013447129321316054,-0.021675697276358253,-0.15151839656761304,-0.00844654008022875,-0.011594290320547578,-0.019270795099780604,-0.019634851236173336,-0.008248117737397224
0.008053602714246854,-0.00036706777710135023,0.0732997334128803,0.03869203262403574,0.004949092426889907,0.024991669121758264,-0.0029700398000669743,0.018261227109615225,0.06418472235062735,0.012615739705931233,-0.001310119322421765,0.033642523088456895,0.011796829652459291,-0.023953492975842892,-0.004157649561914065,-0.01923546200266654,-0.0023610464869221735,0.048637446312575605,0.005146095666965685,0.01941506079067104,-0.048450380422162355,-0.006039667419123133,0.12038691225119569,0.006497051580765015,0.043315742263069,0.020390883287713473
-0.0022458868334066257,0.04986743762229409,0.04944887990601845,0.028167525795802766,-0.0009292217982148667,0.0016086346958302997,0.030940122202531097,-0.0076076171904552806,-0.007188142837069031,0.001748724273298309,0.0022202126825079825,0.0031376066194914545,0.01580975011365487,-0.009286613191165501,0.010339688722021543,-0.020483964392543973,0.005481686338321675,0.06562336874848539,0.003172928988547861,0.00022557116817926954,0.10969719536231544,0.011634317173418306,0.09284410903701268,0.009098298542021658,-0.0012582418499876575,0.0033650686926917656
0.04006515086077875,0.005623012616650361,0.024540294311102533,0.001140249470087696,0.002846840099955625,0.060918143104131905,0.004668724894401637,0.026711848754395313,0.02103506566567972,0.010181231737991011,0.0038141699216611277,0.013304032779427233,0.002711876842248368,-0.023635423050222915,0.012850392845240682,-0.006151916487570861,0.01396617938363434,0.012422770481898604,0.0033358411914884032,0.0020108067739156433,0.07804986361870517,0.008208130470415954,0.08333835128576816,0.012772154793284293,-0.002001223240142168,0.032704869466721034
-0.011069326452181324,-0.019861937265526118,-0.022101014825487222,-0.015697151676084802,-0.013497110963982312,-0.05703229542077827,-0.020530912279425873,-0.005278460124505044,-0.008877601284520047,-0.005820820624776457,-0.00665539684650429,-0.004554039977876448,-0.011810277593663146,-0.04432028375133415,-0.008442192585743908,-0.021116911119696415,-0.003467610933792812,-0.02070656080054577,-0.005183989257988364,-0.016890092864067494,-0.1509334598145384,-0.008764249975234275,-0.03170616133762775,-0.014993761045376733,-0.01626729522227962,-0.008989647365123858
0.0057652092424640925,0.061696452443885504,0.0449025407824029,0.015545209481303878,0.035399626712812396,0.0324068592279494,-0.005021516794511749,0.003110946108522223,0.06149813544914369,0.011350291764244343,0.003045192985131376,-0.006220426202350228,0.015495114804730377,-0.00835001444115679,0.024318973865324993,-0.012732802264670067,0.018973362423323654,0.040076495368542034,0.030827793897370295,0.02600495470272831,-0.029069007898275344,0.01114964616483244,0.015158274682951133,0.01022759391694374,0.03866728996983588,0.0012052421981291158
0.014947323772358934,-0.007203620970998487,0.03899584981124964,-0.00037961715756291314,0.003736632508649634,0.026230639256990516,0.02299076774285884,0.04075057825212279,0.03418107398530907,0.019526874675914775,-0.003111454373204369,0.060996272149013174,0.0008455253132598169,0.047057222520952374,0.006727506199205092,0.062485844770886007,0.006255687323316616,-0.01908899800583685,-7.264345181824794e-05,-0.008507387393608606,0.05398137591002205,-0.009155725122735697,0.05032982521037272,-0.006533741518050433,-0.006109504578152536,0.015555131761106225
-0.010965622105812063,0.0026185967140453835,-0.015293789894528355,-0.018030360914697733,-0.025720282055018404,-0.0492003704936998,-0.023755135676857678,-0.031462733150073585,-0.027803079974602032,-0.008679247964752498,-0.012344099994166417,-0.027026733556375485,-0.0027684700894827514,-0.03393822918365294,0.009386134147679718,-0.028052440173774285,0.00109537032005329,-0.012383234033707613,-0.01714695798830471,0.016736152151947164,-0.027900612437206783,-0.007528771555850273,-0.049433987446144294,-0.00456306561910114,-0.020449968971411443,-0.025513177018476
0.011271741813806394,-0.007979107260622462,0.003269329327510612,-0.004386647767317839,-0.0038840930110505367,0.04954240589810947,-0.007006686938687104,0.025261081089456537,0.04533058982165287,0.016943202552735608,-0.0021316764656770146,0.08813709902812662,0.008423909144637823,0.07175700796722367,0.018832807141233615,0.13272141095370635,0.0003897076472004286,-0.01687334181128351,-0.0018036460561706943,-0.011470615222712347,0.019665686696068548,-0.0007228619514531207,0.015538766748028955,-0.0027356109982153696,-0.00406110623867737,-0.005264580182686556
-0.01484387821000175,-0.04942505017863664,0.03434073863760811,-0.011209565288086037,-0.017784708630440283,0.02567871448240345,-0.018016120573903033,-0.03467520587023827,-0.0383861126973847,-0.01604321882582542,-0.01449046612239627,-0.07648999627767133,-0.015558857774270253,0.026458190621573827,-0.016022542706127074,-0.05759108763159166,-0.011899921560075417,-0.018344366386065892,-0.030659858862778656,-0.012370901303035758,-0.008731725095120612,-0.03129882431178415,0.017357614287882767,-0.0031818668246506917,-0.02703138388000172,-0.011014827094436843
-0.01750472245945121,-0.011680033687370453,0.007820606754527034,0.008477430318259899,0.0013137391417458206,-0.05624691703975532,-0.028310837248485782,-0.0020891309013095966,-0.014788641739523255,-0.015270399382623081,-0.009351119941483592,-0.02721855854817523,-0.014652017746432308,-0.05828458746253273,-0.005354960942171512,-0.01367944428143638,-0.004360506353022553,-0.025211433281965,-0.015897040079787948,-0.01680758734637711,-0.16461582376649456,-0.007082976975709753,-0.016682706078109767,-0.017735018290497905,-0.007680630329072052,-0.0190826511487202
-0.011774857237188801,-0.015825926956678185,-0.008116362010306676,0.0029684295800772717,0.007032907396806165,-0.05570951655307663,-0.02473926231993671,-0.012729088038472225,-0.01194216558073942,-0.018496774184195746,-0.008632463509632093,-0.02644320037170286,-0.009209047059179474,-0.056028071128400886,-0.008008389234016974,-0.026629666630693122,-0.011629068858985387,-0.020029732074203305,-0.012281107122666345,0.0040709686076316285,-0.15474774080002332,-0.008295193301282498,-0.039214650223970866,-0.015848149345052288,0.0038265612684444113,-0.016136995720597132
-0.001248856290419046,-0.04680760628879622,-0.03434441529756223,-0.005933759208709359,-0.004418914066463473,0.005752816627028381,-0.015950751272406114,-0.0393277686304541,-0.03163905110130871,-0.0255878930601479,-0.00713894967044249,-0.0183375189711627,-0.025091134412047415,-0.008275510198950958,-0.028177215692227732,-0.03393010880109457,-0.017683057526266373,0.024845454505648956,-0.018574617400718835,-0.02554183869760909,-0.02454083754313888,-0.005078964134550481,0.029523861318008285,-0.02334492374684664,-0.02033570714273603,-0.0039368502605706
0.015349861937815843,-0.012520577192094423,-0.023148543577344794,0.006522914793677187,0.03540554500338399,-0.03138508741619052,0.04262020919795864,-0.023375722061693173,-0.010167771820151647,-0.008541402503031901,0.00028981979236944976,-0.029419581911840097,-0.009139037059825827,0.02218193230474992,-0.004236444707367849,-0.019656760801384756,-0.00017213307199013644,-0.009447099766362859,-0.009493077989017567,0.013285735216663043,0.08920991500267099,0.0009157925418067418,-0.03559542853714786,-0.009399655008544264,-0.012135942621896486,-0.009485718123340184
0.02325655655445931,-0.006970111311976094,0.03740642238124097,0.009097781173720476,-0.0018642927517952684,0.015905628245799216,-0.007566056398930155,-0.015286471595953602,-0.01310517306879867,0.0013156852489240802,-0.0002679205684104742,0.08593199394843092,-0.0009910383436497155,-0.021446065313463176,0.005858429870352513,0.11127962438706941,-0.006066086583268108,-0.007765264620297536,-0.0005077828276871893,0.015151239493541522,0.13899663473198212,-0.0016886919616830656,-0.0008061489463178776,0.0012774648253035283,0.003942534010527871,0.0020092146791902536
-0.01915235739486391,-0.02095568808553291,-0.03478847584926232,-0.023895057169506403,-0.03299623612275444,-0.05802967401632203,-0.01790300129944507,-0.04378219142035675,-0.016041165184251967,-0.01440728186011732,-0.01022005282961115,-0.03753891608265235,-0.012421778532593223,0.010517901728140605,-0.01381200893377935,-0.02566049297087679,-0.007670819178259982,-0.021802183521835904,-0.011686578409106356,0.0038285637866455106,0.06792023715477115,-0.02208169022262975,-0.04817190749254177,-0.012475480499175308,-0.009276447312709742,-0.015399113022991984
0.0033849710655353645,0.026794063950280847,0.03339687930630061,0.0058141398408739645,0.0029343195339871335,0.026316574685479925,-0.009446570261351971,0.034684320676651184,0.02917311292250512,0.011515930136181934,0.001091900324954317,0.0640636169306622,0.009741737992652086,0.0557702335339019,0.014302052350059768,0.07518777017205595,0.002892168692810848,0.014002054528610084,-0.0041203235294776696,-0.010926996780884166,0.017609567078307273,0.0021745177051873997,0.02494649532765175,0.006060066870305525,-0.008359042463455871,0.016427878001821352
-0.010399110705809102,-0.02619091794148983,-0.016989766982544313,-0.0025125332650337263,-0.021145315327830913,-0.05119742699556837,-0.023794120834755027,-0.010571063745657468,-0.0305119035546567,-0.01505984796496769,-0.006139768464530993,-0.006100186302204008,-0.012753836898000538,-0.0015802975564795229,-0.005704299036152165,0.018736713476414812,-0.00981473851798204,-0.0275635079663891,-0.01570103606212999,6.4290860054054e-05,-0.12397418496689146,-0.004709336324074333,-0.0809334030995468,-0.021627744822661873,-0.01460410508242147,-0.03379111332694381
-0.012687849193121688,-0.021714242118495965,-0.02733605798018358,0.005854613338822565,0.009906375222636845,-0.04197099078418488,-0.008657109929767577,-0.01703825068173619,-0.013566131591874572,-0.008962108497549774,-0.005467634265340067,-0.03227276552114326,-0.013177327079936066,-0.0015781287770461902,-0.008735739755546153,-0.03310492059894079,-0.013066655739084986,-0.017700730164444352,-0.013877189666874084,-0.02585139223815884,-0.17220315018360197,-0.005384834090227813,-0.028490159153552505,-0.016315686063226774,-0.007331482364281775,-0.023839013531326378
-0.0010792881551152885,0.006132638416113454,-0.005621044378302528,0.006059909724131964,0.01815202861283914,0.050294299945133215,0.006567745405860857,-0.01016302173781218,-0.005524067787401011,0.020142320963438615,0.0009834768300424812,-0.030662429716511078,0.002842187384411556,0.050555789785931574,0.0024547118161743734,0.13537877850499294,-0.0040616556075347785,-0.0013462193762873236,0.013553316058435683,0.0037335166929593467,0.10032108586582354,0.01490747628767728,0.0312955151639427,0.011597509338005529,-0.0012295715760973216,0.030146430130766216
-0.009535883078831844,0.06846015394306844,0.0017462673277351363,-0.002283531054851661,0.011571984231563111,-9.905660921024865e-05,0.0017822224490408464,0.06555009423332873,0.0003863964928057063,0.01060991449782764,-0.0008910526005173744,0.005964315568592153,0.008124362382143506,-0.0026700329969020697,-0.0002135529008401811,-0.010864902303558398,0.011521653799510855,0.001723269962897235,0.0005756242051819927,0.03478798288800513,0.13861771425698727,0.005336186972832183,0.013302009693111001,0.0029637430128985633,0.037592799837443826,0.05137275438133186
-0.004336799187481544,-0.011061978325831763,-0.028231830803878605,0.008195594409777488,-0.014334299530048401,0.006417624097145764,-0.014226611363267234,0.006714673833510701,-0.026049877181908807,-0.006648866151365878,0.003079241465338033,-0.037435893874555384,0.001977655709362768,-0.01591400612757219,-0.0011586873853010422,0.09787503264680257,-0.004005737932091186,0.05550823866695456,-0.0033847802047568707,0.007633213484279535,0.05764851498463243,0.003159188102624289,0.007041953982972923,0.007618775335067301,0.00884906960497515,-0.0042916204574405615
-0.012611866426236303,-0.0019528292045192111,-0.0461499841791724,0.003866526103972206,-0.0033214098641859598,-0.05821424227835929,-0.02110496305177156,-0.016077496958662583,-0.011829548421731017,-0.006904850098161308,-0.009467500102930916,-0.035355625623002325,-0.016762237289099837,0.02426547411235289,-0.01501587982666064,-0.029220192126727686,-0.00964010660256589,-0.022352742205060793,-0.016643707109920972,0.004522351471480116,-0.12505195278531286,-0.004584838337691469,-0.05183596053285473,0.005799995228497362,-0.022899582568402847,-0.012692059398456862
-0.013286443268453279,-0.018478108639374314,-0.02254073552599363,-0.022324694034041165,-0.004901988328744679,-0.036687951812282384,0.007946115571956017,0.02025025328920875,-0.029740800937959118,-0.027737010817792986,-0.015065376385465226,-0.006812089738394709,-0.0107768728875895,-0.048200311703271756,-0.013534480789707053,-0.046182282497961934,-0.012501978364460068,-0.022063883421196667,-0.01423962565582951,0.002206471404669643,-0.03460117700571253,-0.012661599244434645,-0.05779975358980866,-0.017699540895071572,-0.0012875195771537024,-0.03251384322023176
0.004490623395936295,0.035639807702925054,-0.00940664048988169,0.003302092952457672,0.056317911551545766,0.06963530961753456,0.004844374706828122,-0.004070723111132048,-0.0043860354619246365,0.016096865487174015,0.013940246401830402,0.005928440434594181,0.0022311918997057903,0.07874008997938382,0.006897841718430408,0.07016614237678369,0.014660526351216771,-0.0021477757901849645,0.0019029015530517943,0.009949885168061431,0.027743694182319784,0.010598363730801585,-0.0026305961527877293,0.030958706069266623,0.004354471445718028,-0.0003262771283963714
0.043382908762410105,0.009302957478011237,0.009535074599574178,-0.0024663352001369457,0.030456166824149245,0.09134590871651868,0.001011442906952047,0.006356528700628568,0.0017886454788163225,0.001322553656401737,0.001393477456176268,0.005983796971993281,0.015237340863674198,0.00316359446255272,0.0008474622458818041,0.025038673939537796,-0.0009547699177738896,0.006309539011979233,0.0013232502469356056,0.018172348142518495,0.07008294516804234,0.016367606816493192,0.05642143018269347,0.029155794635920818,-6.098474032497475e-05,0.0049140811821002705
-0.013307470844707972,-0.022513863661468198,-0.02093743602950742,0.0006638690630303413,-0.011131186341793305,-0.03849089192753038,-0.02514053859674197,-0.009751642774540742,-0.01735917134716506,-0.009590458942955257,-0.011993825657163283,-0.029741709628767075,0.0031629634199154114,0.007756137854045606,-0.007561280232054912,-0.03436389190707685,-0.011429494580103087,-0.016411824474248733,-0.013459021736223925,-0.026137661724019212,-0.15378698793033646,-0.0074005873699497715,-0.038631581414494603,-0.01812706278981758,-0.01910065337773712,-0.00978328845680331
-0.021669404934127872,-0.024398449399805736,-0.03293195372493174,-0.023900828192789856,-0.02251136485937443,-0.0005768291574321464,-0.022576200527628747,-0.029164879250181776,-0.029149947843913053,-0.01619843611659976,-0.012729030305250051,-0.04741818744926355,-0.01767358644017186,-0.032761135784489616,-0.010543712449497773,0.08568898236054082,-0.010712886447030372,-0.023811176456921872,-0.013004297554632324,-0.002153156374230206,-0.08694161946937981,-0.0013506451296069059,-0.06881222824598557,-0.0038261027307861344,-0.0022893831378537816,-0.029818768453801565
0.0010142610528182778,0.00984167979690572,-0.015673672163320024,-0.015640695253604002,-0.012013201477269737,-0.002806105654798182,0.0046482445335762285,-0.07362321037011146,-0.06246829386628194,-0.020139023801657486,-0.010600101755588728,0.0055806004527605944,-0.00020516923199612638,0.0222564214189127,-0.05303516669171421,0.04377083829486356,-0.014697980112508773,-0.029588017285729528,-0.0018031189003565218,-0.027510619580194774,0.014841227299237075,-0.004136831759937572,-0.01979684084223238,-0.014701105597635765,-0.018637943839016322,-0.015397117025889522
-0.003368765950446542,0.019249485025057782,0.0012617980401624501,0.025141074289315123,0.01465190077366445,0.043332182344990984,0.08304279485064715,-0.004391551792663507,0.015395874380008471,0.0004562695681256023,0.0028587652243404487,0.06465846041577869,0.014001951765341586,-0.02174280516281524,0.0020619666680251544,-0.004962725974895152,0.001639367562066972,-0.001853153685030276,0.029278777296906686,0.017632965635712417,0.10994578209285596,0.008516602284259035,0.006059123633723836,0.00525567889241316,0.020473205886205777,-0.00316358547207495
-0.0020659772216533616,0.051965962000286234,0.09200317552192776,-0.0029506077829075518,-0.0011859400598233688,0.06688562691394159,-0.0013080498884769328,-0.00965067843637416,-0.0013447711498561815,0.0010746359899468426,-0.0012389979755227831,0.012351108281296387,-0.005975627249654178,0.0379773852395221,0.006565901940056284,-0.015856171150819824,0.002299051810509599,0.015157209795786651,0.025710783309156764,-0.0020574279869450913,0.002026877124449241,0.012802559503410364,0.1264957251571113,0.021776547465168834,-0.0011241118367996906,0.01509724927792188
-0.02935027866817967,-0.026727648404239256,-0.06436080687781716,-0.02468487785244496,-0.002159814116555696,-0.032112960574894094,-0.01561231592630864,-0.041925981560797666,-0.021082734637887447,-0.016351503879352743,-0.010829724359637827,-0.042442996459127164,-0.022554178221008876,0.012264422226407577,-0.0022593054617038593,-0.007872953684146011,-0.018317444068237734,-0.026360132328091975,-0.011871261941510648,-0.03545197942687291,0.05560388237262185,-0.011523927503343008,-0.009460777858625612,-0.007586819801921187,-0.02464520315525393,-0.0002245725727757825
0.0036580081590083715,0.03534765521978164,0.06921589731791211,-0.0020057581799270306,0.0061247307068050694,0.053081210715227596,-0.008186190783558667,0.005980439177449837,-0.014413514999263497,-0.001765419630812388,0.0007539798680802456,-0.0020424286519312557,0.014828319587023107,0.07192090846567004,-0.0006372166817695062,0.0037723613467072355,0.0037790151610935263,0.04244135587905949,-0.0035694492938760304,-0.008561281179344897,0.040583955102163345,0.012181718224499784,0.10403634967044094,0.01006775779512175,-0.004652547297362058,0.013491582893452503
0.022647893283845005,-0.0031673691350860983,-0.006555249029026783,0.0014570092280074057,0.03197792168717853,0.01653992239820377,0.07659386538004354,-0.009078782729376681,-0.014445187348514204,0.0059454378426475945,0.0025027678668114606,0.024003897008037775,0.00022700530058066646,0.0011119856195893176,0.01266918940503516,0.02846994741360089,0.00025587992522673505,0.06862823545962382,0.0029060254658537592,0.01913213796570559,0.14924173168002478,0.00142513960629173,-0.007762352805704189,0.013979909097713943,0.0008781685361885084,0.005846309469134283
0.01886746365776019,0.021474217725676623,0.022367404135703515,0.018258629573036846,0.006252476460449945,0.09307668031064661,-0.0015877429690834845,0.022983135384051716,-0.0016581804357066238,0.003912878836319491,0.005264549352766483,-0.00951689746391984,-0.0015632666849280921,0.04823840182723551,0.000550911404100977,0.007287454065386141,0.001080068332721674,-0.0037096425023744775,-0.010208146360448922,0.04246473018376062,0.042858779236457555,0.019071996275689455,0.060908127272614195,0.03158812217097154,-0.0023904040152236024,0.009559692817961072
0.01749877697178132,0.028082368025969705,-0.013428968501187093,0.0247526702580862,0.011040182665919909,0.0041455289695928555,-0.005823072299270283,0.018417934065626137,-0.000649054381069669,0.011096591498355658,0.005674628538248558,-0.009233520901951644,-0.004478029446333758,0.06690406373624215,0.001590692165486336,-0.007188945167586645,0.016320248746456417,0.05974827749629936,-0.0016168489814937725,-0.014270407402573418,0.07250784313391041,0.014022763744628698,0.11326415413449209,0.010617148632424305,-0.007834856839338315,0.03427126972889712
0.003851461055081895,0.03402749203231025,0.0018187894969590637,0.018179955218735427,0.007581086752384718,0.04103048018221701,-0.0025730167306126195,-0.0028581030240439932,0.013713302366647183,-0.00029356412013694836,0.00201086629517623,0.08450990367404305,0.013285796064901254,0.05719790505981237,0.01482415492281936,0.14243523137995576,-0.003994848570301641,0.04083980079472039,-0.004113166855649982,0.0041238826235322126,-0.09010180801191289,-0.0030263652594633953,0.026499716659858934,0.020141747664569543,-0.0068896131973573745,0.023210352117376376
0.0002363289821627496,0.0219888014560945,0.043948875193563115,-0.003745488698911154,-0.008159232024337512,-0.002197124184307371,0.031106438684380084,0.0002178171559297918,-0.018959664631968905,-0.011020989518972459,-0.000898702829380074,0.02580671986741811,0.012260580324931485,0.053718645837986315,0.0030017260694088685,-0.015599292269668991,-0.005541618945167641,-0.0008639348310292957,0.017046328172342667,0.023941751464496806,0.09648578652676704,0.009512345889809128,0.04550524739224514,0.008990602418719214,0.03146971993946996,-0.02282022885046847
-0.004342816799345197,-0.026233668925944684,-0.017343200898995957,-0.020946754107085172,2.1407723318723852e-05,0.01654015082630029,-0.031099449970159343,-0.010533224490082182,-0.02886205352665391,-0.016756440595593978,-0.01762301332914092,-0.007659704922159861,-0.004435765120752245,-0.03769348545117489,-0.012324713370779158,-0.009597326820524315,-0.011597529849039782,-0.03902305201239795,-0.019069796980489193,-0.028442844014569063,-0.001290376514545376,-0.024436695751061083,-0.09588636187144048,-0.03971507314808567,-0.02147754782988159,-0.044739223658150355
-0.00871818605274499,-0.011531079287615549,0.014228242955842983,-0.02150066462302019,0.00627722307957969,-0.005602125642149913,-0.030428841396201466,0.002194453500223766,-0.010653611298692117,-0.005655351149681099,-0.0003148222367470697,-0.048562031518071924,0.005490584202131417,0.006501276641035468,-0.006915761756053513,-0.04269534508864942,0.007623398088759686,-0.018045214305759345,-0.020622706757993846,-0.02236116012155359,-0.11163607167577928,-0.01705202411251533,-0.04270234196182138,-0.016847805645613268,-0.013099243505790633,-0.0006060184061518382
-0.02243175170598276,-0.024475893960947,-0.02493061025926809,-0.01912705216099719,-0.041261790907623816,-0.058183863077348824,0.04636388115691929,-0.016062950060220026,-0.028527325546957596,-0.014282333634142073,-0.014612731387864017,-0.010631019957653955,-0.014430649819325961,-0.02886124129585628,-0.011931638143552949,-0.023632311690692485,0.0005005021589197921,-0.021602185891625766,-0.017170530306757206,-0.007190369515688214,0.07656626194305158,-0.007520056766837152,-0.05392242818998268,-0.008284901273502999,-0.021815438727272925,-0.02405457683159011
0.026316216080979993,0.0284655916629442,-0.010169617847552149,0.0045374864025604774,0.027097766258384285,0.028259471033346178,-0.0008403905960694848,0.006711346501818365,-0.017302956072533703,-0.00022500350112468847,0.0015764910693778476,0.018349582955648702,-0.01281355718949704,0.034417672650183716,-0.0018214626529703536,0.10711512757164161,0.014200585243965969,0.039861914845044914,-0.0014656382148464148,-0.003052300873537057,0.08687581928911166,0.011485155254577524,0.03972574570268733,0.0016591857004423945,-0.0007720301254773346,0.01723923744251454
-0.010399110705809102,-0.02619091794148983,-0.016989766982544313,-0.0025125332650337263,-0.021145315327830913,-0.05119742699556837,-0.023794120834755027,-0.010571063745657468,-0.0305119035546567,-0.01505984796496769,-0.006139768464530993,-0.006100186302204008,-0.012753836898000538,-0.0015802975564795229,-0.005704299036152165,0.018736713476414812,-0.00981473851798204,-0.0275635079663891,-0.01570103606212999,6.4290860054054e-05,-0.12397418496689146,-0.004709336324074333,-0.0809334030995468,-0.021627744822661873,-0.01460410508242147,-0.03379111332694381
-0.01229003028386079,-0.021436597676488128,0.030700505815424547,-0.016321812603196623,0.004498462254548448,-0.0027647461448751915,0.012658744860323468,-0.006461726825134415,-0.017746899677042464,-0.012887070840746294,-0.007150129752873614,-0.005958966068797048,0.0010727986826132168,-0.05842432351991411,-0.0055179007373091435,-0.040723803682154086,-0.010100596361379366,-0.026008165225324124,-0.01903870832270663,-0.025496968763594054,-0.16155036245047996,-0.007332609281710366,-0.06474900029382724,-0.013036894401862833,-0.013345440740644532,-0.015156319367504804
-0.005230527553604732,-0.0002467877864526141,-0.015469656620302604,0.005298269481567212,0.017351314261472402,0.04150810088485518,0.0927306881751702,-0.009465578221643584,-0.01278257681443183,-0.0009539736326267029,0.0024488126851695846,0.06359969493441721,0.0008257252649464977,-0.01643755653758877,0.0007733660057511065,0.08411468600203408,-0.0008316343266401853,-0.0017957214474172301,0.030968218033264654,0.0018375755437066781,0.14006501294708046,-2.4171441067077968e-05,0.008711095997784565,0.012272193408262987,-0.002427371909100419,0.008592241257003063
-0.0018214770897908676,-0.005421501626262356,-0.013009470643179782,-0.03128013887671951,-0.02047117044843272,-0.0354351059804674,0.037889191438495055,0.006516002468508892,-0.0157562867298848,-0.011708525298527022,-0.01581734604827228,-0.04646660931284563,-0.030996718943698116,-0.0488023438736831,-0.03331811310713708,-0.002582927586664273,-0.01322667787823295,-0.019748165005521717,-0.010666402281861925,-0.009873609158863175,0.03892009812437217,-0.034926268637535784,-0.018537090220120137,-0.014860119729251494,-0.01911741076994704,-0.017951302985455563
-0.005401596549238122,0.013275433350596007,0.00345169402166434,0.0005223747415029316,-0.004443612333967619,0.014953280412993845,0.0998810775807366,-0.0026294358283457525,-0.004858814550350645,0.0037166334360775326,0.007843638320083566,0.05200813195920137,-0.0011789038488470233,-0.008812827942963114,0.0014824694343684777,-0.007800345726925539,-0.003940913674169893,0.07373813255700172,0.0011853370807162716,0.02320911984536601,0.14392499223776106,0.0007315867522559899,0.030700438390745474,0.008124216113297921,0.00043953914522823235,0.0019764603335013075
-0.014696359268423873,-0.01073140611620462,-0.019873212320272927,-0.004900416222604263,-0.020015948962914414,0.008323882682671655,-0.005622807974948652,-0.036995982215006176,-0.04003612724514811,-0.023352285806379186,-0.012303394846392583,-0.07792554281013492,-0.014119138925397123,0.0005984152152373988,-0.01679336214470151,-0.034524406955149765,-0.014618837477948024,0.003741224478921248,-0.009552761494700123,-0.03437546754461205,-0.032791164828136224,-0.0013106312947761347,0.011820216407806403,-0.015106741308150666,-0.02132918000684336,-0.018077124424129717
-0.01225688823313398,-0.00019397235113543902,0.05382006802952607,0.006715092416444346,0.0268965764030883,0.06528549448680525,-0.003763602188621113,-0.006669407792742378,0.007779655991494733,0.009364459500887202,-0.0033445627927411975,0.03842982195063658,-0.004280087749243934,0.005728645168534893,0.016937495976498226,-0.008527768535713442,-0.0006517586453268215,0.060727661930625114,-0.0016547466652483934,-0.0068408473838161,0.09539562060873495,0.014853893291570119,0.05376847457580376,0.01914658896255791,-0.003113931988074974,0.021879463624192578
0.003037226573482233,0.028197488763248926,0.02231064073158363,0.012791372935035593,0.0048106150231260235,-0.00763307059500618,0.0040208089434935574,-0.0050714750101269555,-0.0018724831882224865,0.023897608605956733,0.009790417630188019,-0.01647947397722577,0.001729933048047577,0.06906781532192767,0.006659157363712403,0.10608644010127047,0.0056274095897463185,0.012632097227442428,0.01097487846147134,0.0006120864298760459,0.10021998471903662,0.010302443274537467,0.002637766758453803,0.018445255562483234,0.0009542876689269098,0.011682206629161834
0.0030220636577920575,-0.016806614710439677,-0.008010055825925249,-0.005862190063006608,0.018403551336090035,-0.005399085587501516,0.05025399741514578,0.05606108375137093,-0.0014454437496813255,0.0003149107383194898,-0.012279553149314757,-0.010688529207299673,-0.003234996985850687,0.14416692225720978,-0.0013015987619520158,-0.019937369079306714,0.013530185679358485,0.0018848469405977066,-0.0011620273903199853,0.03476264542202028,0.07854810798156214,-0.012041365891808873,0.00874824302245378,0.009658912010718456,-0.0005173263552515221,0.014762125136673672
0.02145462070021321,0.023761954059080808,0.040244138083229894,-0.0019017412011756495,-0.004717350349771353,0.030453326115510684,-0.006881220403203678,0.04128881346707122,0.020954784690055135,0.017108297032133988,-0.0017461059392311965,0.07144186781485763,-0.010068680889896924,0.048743083947913456,0.013629831725660518,0.0832282209933714,-0.0013825596289362347,-0.013091172141240155,-0.007167228707139118,-0.013104376327249567,0.015277654377138761,0.003449836135058771,0.04713564305922159,0.007475673212756379,-0.006343078652158765,0.022853874085003577
-0.0006289712134292202,0.013487188044589185,-0.0019766387528896956,0.009953885876265833,0.005908459050273098,0.07121005280648703,-0.0019487289341794183,0.02631533105689674,0.04898907157247418,0.00615349278207904,-0.0002918969630209591,0.02718839646763473,0.027845524912466526,-0.0013674178885045105,0.00023415954146831623,-0.020938838755953305,-0.00042445227189540866,0.09450209638933392,0.035683789702591125,0.011549400505034228,-0.0628960217809483,0.0009161107067265013,0.09588671485589947,0.025123683491083883,0.024942946018549697,0.010014101372777017
0.02284421401795769,-0.00025072836048952444,-0.002263408830434495,0.03307350349527038,0.014140053071840809,-0.0010862402272668074,0.0947498492540684,-0.013896511987458173,-0.0031526982076272147,0.001082105856926066,0.006730575987470908,-0.013695860159400946,0.007335395240831106,-0.0015655253055750161,-0.0019936633334617718,0.01800359453641201,0.008071967099605266,0.004127857132461318,0.03941686500335482,0.001451898034568783,0.16298830658183697,0.01960619433475899,0.010617670011846849,0.013562639138567126,0.02285653962507657,0.0026768465804549793
-0.014564112105104802,-0.016806760777162727,-0.02459650092547688,-0.0249998867024198,-0.01808567292544153,-0.03289068670785671,-0.024501013916145422,-0.015397967422389887,-0.031186897187918308,-0.010586367424182704,-0.009983902403044064,-0.015651146765945208,-0.009228664607283308,-0.019706161657668735,-0.005803894843340103,-0.005773775647309629,-0.013758632865261333,-0.022222527399333614,-0.00911430547567398,-0.006185517916161033,-0.13620968547304477,-0.003223409519800154,-0.0550849964764644,-0.004939828191422285,-0.009103502568668922,-0.014962743503999502
-0.013179800773552765,-0.020458762643949167,-0.01964750347566917,-0.015433965550709448,-0.0018267563807291098,0.004656114581977106,-0.028125918448744486,-0.018409263378073224,-0.021863009297601432,-0.012256950342553226,-0.008074486941582372,0.04653430878686655,-0.004700760452847574,-0.05127764443408975,-0.008280291903574911,-0.013715893013524678,-0.011830280003944293,-0.022085731256515126,-0.008446144352142863,-0.021691107079024358,-0.16924539591877416,-0.0026549447114384657,-0.0632322641533526,-0.03386086948166497,-0.01738313824606637,-0.018078102536985798
-0.012507160923191327,-0.018446201866703954,-0.017391090387342253,-0.014827896120435644,-0.0037488575919794767,-0.020849268774788706,-0.017028518430916014,-0.0011296067872071961,-0.006656391198729174,-0.008990325529169669,-0.009280209420095926,-0.012878581835937363,-0.003244415312097637,-0.04224405211381053,-0.007601437224382218,-0.027241342230784244,0.006909028765847146,-0.02343652839304183,-0.011484462374864406,-0.013115546952378161,-0.1353073143933794,-0.005005075102472272,-0.05618460375681537,-0.017816491327754147,-0.014145538208304801,-0.01425000725113286
-0.01316739712579115,-0.0144361524079836,-0.032826999386123865,-0.025245290782574915,-0.016059481562382627,0.00079175357430017,-0.01195327608338764,-0.005094315327986004,-0.026190593050134284,-0.003938819977836894,-0.00355660336363378,-0.026597606797564198,-0.018786193166683614,-0.015763122430381138,-0.009948844898431924,-0.01842729581913479,-0.011613795697638882,-0.017310785041009677,-0.015506973896260932,-0.020201683984818745,-0.14067775497052448,-0.004363707189027483,-0.06563544882921304,-0.006441565372957596,-0.018006086311409975,-0.013610521509626333
-0.00892465853425095,-0.020137964637877148,-0.024823999903349585,-0.0217062197788352,0.005984241727052274,-0.0021237067993776526,-0.029031151339657047,0.009914273233707515,0.01149756798659675,-0.016849982458034308,-0.004094816993068303,0.014477975138155647,-0.0035046352893308634,-0.06321437922542779,-0.007311381793176126,-0.01951618317225731,-0.013763121054886907,-0.025874445401629233,-0.008953805505600708,-0.026936377191581387,-0.1263957569306371,-0.007673064580882703,-0.06966964277456726,-0.05090027365398809,-0.01724571097959582,-0.027791341495787672
0.003287982117218539,0.025442075722186968,0.07872160657499967,0.02100862392564852,-0.006038020895055554,0.0182092157055553,0.013958240809429357,-0.01625943454222993,0.017420830699275403,0.0309798646829526,4.086523934960143e-05,0.0024664764997791412,0.0012735474997751888,0.045122492952241,-0.008239220299967258,-0.005176804957131599,-0.004271124689644726,0.02685511675401985,0.004007966550985718,0.0013367516395784672,0.0036488908052168746,0.005940533000047952,0.11787887535177836,0.010810513723619814,0.025731996951768612,0.031273576770264384
0.004496027906082103,0.032450981407021524,-0.0028206240024950566,0.011796745355713914,-0.00872618061812278,0.0011049065333189698,0.05819653990028046,0.10652710166729622,-0.009885006476194733,0.0012168192180294637,-0.004935169917078852,-0.009286081716867034,-0.0035133569868712592,0.11601448474375481,-0.0015476651288125168,-0.006643221589014434,0.014173318725351608,0.005204053463069819,-0.005821066299928065,0.06035846424449013,-0.020985123600804484,0.0005813968394127932,-0.018985150513132248,0.012679346621642745,0.03933288841334995,0.011113677068782484
-0.0023277208865167295,-0.00474766543177412,-0.0023485245665707975,0.0374239553936572,0.028951467564127174,0.03935716185489959,0.00043597411024273535,0.023012379263257624,0.0031878152365377964,0.03938726653266879,0.0183651197995387,-0.0030187975990374864,-0.004866266416677422,0.012879008551417624,0.015779738339948262,-0.012830102004856743,0.00854758011614556,0.0036130748842024074,0.004113937177474346,-0.000626839099110185,0.07971876669753479,0.005124582942923302,0.07415263083476263,0.01091384573699994,-0.001750204959008731,0.07298325451875431
0.01625169337891006,0.07762804999643472,-0.0018259461297241767,0.026353406065890997,0.04528442524062247,-0.005686845609047564,0.07762375006817182,-0.0069197970516182905,-0.003191950042365961,0.004390369448845302,0.006576684138666499,0.005093813521810685,0.0003520454094775456,0.0375912779726835,0.0028953146648693254,0.007290848125550413,0.002710605023677453,0.0028815538991954362,0.001253723465901115,0.02436159950240696,0.11505237446127442,0.0002594373884248083,0.010751592895047115,0.00526550989109469,0.0003855455024770747,-0.007197642637021266
0.0002373526411052291,0.01537562674682415,0.0010812456515763424,0.04948347676169518,0.0007586659932263706,0.004528722183567781,-0.0010279791739559593,-0.009439822620143852,0.036286127487418995,-0.001008681910404392,-0.003832734598170917,0.019714813177297716,0.014150302532636857,0.051850527778540476,0.00475546587876029,-0.0034917930501070058,0.007333239140207972,0.039311612018070326,0.022468809455522896,0.009707006214346498,-0.04112221112244858,0.012509749485285614,0.13188390246008352,0.0186305222683367,0.047451159549288295,0.007836333642969
0.025029433352206764,0.032687870986910325,0.002380234004190643,0.012212174701654218,0.0034349120803029583,-0.0045408078855190565,-0.006006750646724754,0.021817812260205943,0.030675295522215602,0.018770473352449198,0.0011126750720935994,0.09046356799190831,-0.0008606196547870566,0.046580073736573795,0.02011479087953147,0.1268259565439628,-0.0007404660445880529,-0.016217251633415128,-0.007181098681231767,0.012581051924321546,0.013300533473635178,0.002591468841642725,-0.015421145021769025,0.01142779610327881,-0.0031701746539895327,0.014230298653222114
-0.015430450828442441,0.03654216723289239,-0.031276810967348107,-0.015717736534179523,-0.028747669499256195,-0.029582950406756594,-0.012490568746748316,-0.02456861598973452,-0.016463511371881547,-0.011257987819458252,-0.0039975045654142335,0.0006615291391911141,-0.0007306573251158919,0.048712722103831735,-0.0034331276663243752,-0.011540916135370179,-0.00835621592151378,-0.010153476935641883,-0.014093761753748804,-0.0233311751928982,0.07120079380151628,-0.012807875930179055,-0.03423709013265593,-0.008035903777811803,-0.014590079117042435,-0.02361946484607212
-0.014032116703548675,-0.027563375370474087,-0.004024912200591106,-0.024803505801845063,-0.03538494202975401,-0.003975217056130667,-0.0004789047847176038,0.017111349197577837,-0.00826833751810072,-0.02147285958556633,-0.008688213851338951,-0.005495405343666642,-0.011935494760658196,-0.059159755942977586,-0.01542667761520345,-0.06416167854037713,-0.01235080002176137,-0.02368308901147988,-0.020686573690456334,-0.014350794540067302,-0.04629737005394678,-0.02262682926157458,-0.03376773521134655,-0.03683132133208081,-0.026856881291062847,-0.02602378575390732
0.006080931985804123,-0.017585557725918705,-0.021871395511422892,-0.015340325189175117,-0.02421326532270336,0.0257908581147483,-0.023294321663855644,-0.012988473453387783,-0.020501401036216314,-0.009286841189655757,-0.009947014874930825,0.08236949135465256,-0.012715121733846101,-0.04418495736183237,-0.017947505474582934,-0.0005069906663406747,-0.006645338771695459,-0.0163749672780555,-0.010461837136345816,-0.014053089108697916,0.10309473108689803,0.0033029411617281103,-0.032437931379296986,0.0028690272522121016,-0.013197584607235273,-0.01738373399033293
0.014002829014404413,0.02368920444403687,0.049124342002550406,-0.0024524329225929418,-0.003309254330190733,0.030157609241629094,0.020118163567857006,0.024764847759323794,0.0418674880637775,0.022260701733145146,0.0005884940674328475,0.011156508216079873,0.010944114044979567,0.024814459879284406,0.010183558412286152,0.019781954445106394,0.0007213367093363963,0.02981766737461364,0.0032713628902363203,0.00026923394757261213,0.010382362652135609,-0.008165845725839428,0.07315565015129825,0.007574401562641059,0.0015360351657827493,0.01917664622471213
-0.017569406766903363,-0.00678627197435338,-0.02016442463006204,-0.002908560184922528,-0.026997350986042345,0.0009397692848260888,-0.027185084826353845,-0.021349588963239064,-0.026539729274516418,-0.013201423547611304,-0.009275381004685938,-0.008269356854818067,0.005693450564807274,-0.037204218180955415,-0.014563380535332824,-0.03597618192605981,-0.009626449747038078,-0.028232293809100258,-0.013271145694128853,-0.022025202410195246,-0.016869306692280955,-0.02108032124824014,-0.09509871649027672,-0.027345482727460582,-0.019505985480120114,-0.0401565173033002
-0.007755618179084934,-0.011216720101434754,0.0621121550256241,0.007839073008563648,-0.006186806585090078,0.020763029213877748,0.014927640040969421,0.04039940219860118,0.04071755626622682,0.029135322161645712,-0.0005030331963911614,-0.004267068072290329,-0.0018851537321777731,0.054890790148264756,-0.0010363042792350368,-0.032399911561918106,0.004607769602511977,0.023333317599453507,0.00390346923832445,-0.0019016042836069974,0.051193993018335125,-0.006696376269072982,0.10347421414615145,0.008598677872796,0.019208508215653456,0.027508450428262242
-0.01820869007998737,-0.0230911431169318,-0.034616595765915144,-0.011395272705330107,-0.003589267831829176,-0.04835681941253317,0.019149805984045216,0.004917395856406476,-0.018300132555339587,-0.008848913479108392,-0.028523430357112148,-0.04308155603635761,-0.012211268758008138,-0.0036620553374081344,-0.009720072236490166,-0.04118042814645761,-0.02066523301109264,-0.012054882320065194,-0.016138623064000563,0.003482667936128339,0.01843800767216986,-0.01865703810779038,-0.034528446822534344,-0.012254228288231141,-0.021111673798472973,-0.017027334292795827
-0.0011821948633684673,0.0030551710907532723,0.011113210497208812,0.009528618955338372,0.04756982990485468,0.0010710774447904542,0.04167667793100016,-0.008801367982234116,0.005880620151378046,-0.0014069672980874621,0.004262133432669731,-0.009371610525126868,0.011367261883146271,0.0037253061701209263,0.006660436288624456,-0.00956498009370957,0.006422405766590918,0.0019971297570277736,3.903483577305211e-05,-0.0058852038006166445,0.184416978734242,0.006318413773980984,0.0034989290699690523,0.012140601230256495,0.04163094108395886,0.010379218812016493
-0.022659646402066858,-0.015159983735281813,0.02099293426715219,-0.016381712385095774,-0.013489573101086937,-0.06273692997976121,-0.029465008462077513,-0.030135501267365746,-0.01926866387608493,-0.01623044912995221,-0.013963149205703764,0.0005624802223323892,-0.007731293345877018,-0.04654924583018747,-0.008653936789791754,-0.03491219768406567,-0.01222196434248443,-0.029823682254570674,-0.020424447529463884,-0.024814761405380803,0.012762119359533442,-0.010587011630705868,-0.07496486328607964,-0.026339324243546118,-0.02738500365026509,-0.023876634609809787
0.009837389181993323,0.04792915673201842,0.06338000023655824,-0.0009387107763862352,-0.0008913954019173199,0.042597358710972894,-0.0018067122448146718,-0.015470687995071473,-0.020585222151101534,-0.006293929289308223,0.002013894052954501,0.038341839747496026,-0.0016331616216154821,0.07790398033532213,-0.01001321001258599,0.0023838809240262424,0.0003290709744000505,0.041279695659278685,0.0028938977924012196,-0.005707539545060034,0.03495210384232473,0.018834246524747644,0.1054189843457071,0.011312575852772594,-0.0012282492684473072,0.010592181984932336
-0.017474363193904496,-0.011909128115637784,-0.036797835325287694,0.007574800144943257,-0.014909356343467434,0.024546765634563327,-0.01388028628464233,-0.0021773465705852073,-0.014657017035115247,-0.01137852010202395,-0.013315864438706417,-0.015792511145144166,0.0021238715176407534,0.0040683783434516405,-0.012493309189254235,-0.021275245430292352,-0.014660992341074349,0.00332420459457415,0.01137185640241224,-0.026956105019256524,-0.1692911414368644,-0.02064306396488105,0.04601486962946752,-0.01923364468631608,-0.006435534788788189,-0.0036453755975702135
-0.010155366038189506,-0.005923495791747543,-0.0013431681017768613,-0.0020703748359902994,0.02256843535630761,-0.006495423778177218,-0.008860072439472557,-0.017572791630957513,-0.015315900829953238,0.017280712090294605,0.005979115684302124,-0.005961784412208452,0.010406735600756183,-0.004926693273538334,-0.001133667663575786,0.027005966634512643,0.00862591841163985,0.059189389903127373,-0.0016466784773607253,-0.013303741528525754,0.12869433499593771,0.00453456853787641,0.007505102552657485,0.011264293700655289,-0.003092514424801889,0.0016071097784115512
-0.012712274845800913,-0.009253970670881198,0.009330389641889434,-0.011689619250498563,-0.003588598458249101,-0.04261196446231646,0.004703680534727216,-0.025991634318044087,-0.02267575715257344,-0.012905239337894432,-0.006455967023827606,-0.04869246719423402,-0.0033772012320864393,-0.05772045054869776,-0.006721005912114189,-0.030149988199965082,0.00027372369979096646,-0.012231921254984688,-0.009998858887286076,-0.027359637874360167,-0.12201700859536387,-0.024331202870857077,-0.03277882165491237,-0.010025390650137217,-0.014971895026911994,-0.02061547986279102
-0.02120894034725607,-0.03301074107542993,-0.014891433211619773,-0.023655547533245027,-0.02865302155374913,0.012297766898885107,-0.026534636749657593,-0.010230980543491634,-0.011600828884057033,-0.013506399325631175,-0.0062188433638422184,0.0014560791543269372,0.0017923322524420469,0.016688198048142998,-0.01488557510669526,-0.03949715176778769,-0.01418400428623736,-0.032697829885043286,-0.021390394002985955,-0.04048487700959633,-0.04321886458828015,-0.004171160173283541,-0.06360429411070061,-0.04780535217038703,-0.025630827790884256,-0.033054567615700914
0.012261345640623566,-0.00080015897146615,-0.0017562748105377642,0.007721963241205267,0.06844908131550911,0.04440103910939695,0.10263254179483834,0.02914471793964395,-0.00667524849888976,0.0027914874751377946,0.00999315347692138,-0.01510321968728502,0.022789586876677224,0.001993328164923051,0.0027390930563648943,-0.011982618122800378,-0.003990036192648112,-0.00010934116911207287,0.00519622047876429,-0.004558001152389352,0.07443784908016435,0.0052574499547346585,0.035150278926694076,0.009283111930032267,0.0481361840842369,0.008027904650823816
0.0022468329847518966,0.014372503932100374,-0.014128712824291716,-0.008790802861485392,-0.013452141055227119,-0.008635424718353985,0.082927231591271,0.07595046979265768,-0.020350681299773937,-0.0048173230259966155,0.007332270997863097,-0.006200362674723238,-0.00723485139902303,0.001001295477894122,0.0056968935093197485,-0.0002683484286762563,0.018502148741658044,0.043794252967927244,-0.0014485739348241249,0.0014170909437418685,0.034636624256903906,0.0022103309438339337,-0.008696071179946327,0.008719426043281178,-0.001248613580450117,-0.00877069327547782
-0.01895240474404347,-0.02394576805849601,-0.05036109057108902,-0.017993573486690093,-0.009710666147786472,-0.03727512216174352,-0.031714055940443096,-0.04158200276160059,-0.002073863987667251,-0.01471038623313731,-0.00939144569413969,-0.057045585669300146,-0.018515000862066464,0.008765690922738283,-0.01379283941409458,-0.010689277964811566,-0.015132978774644527,0.01128740596135832,-0.017959343847081248,0.014154847136343919,0.022322543728605673,-0.02413391798114695,-0.04910217976871448,-0.010425381537478606,-0.015102008320902489,-0.014823488563703769
-0.007127387868438734,0.013644210787991464,-0.019050450170398338,0.024257717329026974,0.013510740558614115,0.08782015874832608,-0.004634880922268887,0.015912660470693136,-0.0001705256782302286,0.006572879698380641,0.003615196152458475,0.03251323859009596,0.03769516901033722,0.032992911415309564,0.006947280544681379,-0.0009841263222409372,0.00171331529782438,0.0033860386510735085,0.042754521549570386,0.024006327980561966,0.03364420607435401,0.0100488524792576,0.0449751405686973,0.02650935878574816,0.007242111056254596,0.007636773803859667
-0.0015777817010012055,0.01729766195305044,-0.0006113018900808617,0.014255832155557301,0.04566299167056256,0.04654652318282373,0.002472452714459738,0.03842564556110961,-0.016728726523221313,0.012233238067454445,0.00695448765748827,0.047660173368727916,0.0027765849310066137,0.08484251170433191,0.009850203446577341,-0.012067913834848636,-0.001782516184159803,-0.004223349598666376,0.0008588538679094052,-0.00534783259644089,0.1458224319582387,0.0023975717908315294,-0.00527754607599571,0.0057150377160184096,0.004971729621974155,0.004304475627944271
0.013852508890272484,-0.0057658488494542175,-0.008234113830347955,-0.004926873745006192,-0.005796013540072034,0.05910898702495596,-0.002307323243977084,0.03008254787145091,0.05184370533004776,-0.00117536346385943,0.01035941757208321,-0.0004015957291727902,0.026947914660767895,0.046147692622345686,0.01284952360775832,0.13327446062092685,-0.0019019533545497837,-0.00264675357140302,0.0021210114092905788,0.01971464508305548,0.007614329398780118,0.003960725564904432,-0.007896789058482666,0.01749535995089297,0.009742524205543947,-0.005297953501789947
-0.005691552739635126,-0.031550240871988995,0.028804485623391097,-0.03293340355135647,-0.020181087150744202,-0.07719575689115989,-0.01381228007552933,-0.02642350126763231,-0.015433688279122074,-0.010853870829056167,-0.006757762844441355,0.0075849297716807495,0.001531277277243586,-0.056146946115042236,-0.015498387428037108,-0.02318512625322139,-0.014511246189482262,-0.03939976606530252,-0.029798980246314503,-0.0352701611626742,0.05459873141951608,-0.010585113321114007,0.03418551802303518,-0.0010252057221568508,-0.028932750512901655,-0.004086676006360663
-0.011649103043679837,-0.021572525818235506,-0.015399707556956221,-0.013291728734237894,-0.006641875859225424,-0.04481124058306504,0.019262753276222563,-0.016845252288714297,-0.016312474610425693,-0.009730867690267582,-0.008781542797366211,-0.0035333804954428573,0.005562502484619388,-0.04111107940440322,-0.00943496849237143,-0.027598248147363114,-0.00654961668143586,-0.018961793862310596,-0.013804577569372204,-0.012842678161576868,-0.16958368484056713,-0.005977577275720625,-0.0545668343403949,-0.01746718105779722,-0.012214512328507288,-0.020711365529667437
0.0031067901297233786,0.04566230837135613,0.04517264707964283,0.0032780712935243173,0.013445086796823163,0.05188816072292801,0.002608704855323084,0.09666576091642205,0.014165073533232465,0.0296378499069292,2.6499516463331277e-05,-0.01582685754328006,0.018999658516321384,0.013641547721063829,0.01669593496563932,-0.00852688366730217,0.01289032407381286,0.006296740187475608,0.007875812289353152,0.012537043077058737,-0.029440654429400772,0.010243300936378052,0.004071759984822385,0.009327687019097003,0.0005220721124956297,0.08046700022557851
0.008300175873003796,0.004655363724158198,-0.011769026640286628,0.007470880698181341,0.03218968070156661,0.006703337449552533,0.006450604325107129,-0.009512586364779438,0.006197404653423445,0.007094532962851883,0.017886097877288024,-0.014944982567023608,0.01298595438949685,0.01923730798469143,0.012227417650616234,-0.0028256689683112926,0.01023833666101847,0.007639219333230059,0.004964154622427943,0.015837928529158156,0.17590507412304351,0.007328897527484679,-0.002302865538764128,0.029374753741534053,0.0037737172704801142,0.00678406190573993
0.010283967248614906,-0.03212512076584835,-0.01771288631447431,-0.015985450485510293,0.0002326732729359427,0.030222689347822723,-0.01813361930396768,-0.030419283536430385,-0.016741659857491306,-0.01159223117474119,-0.0165913975330952,0.009450962312057193,-0.018510227914746383,-0.04787881531107539,-0.013156461159629415,-0.029503274240772943,0.003131585375378052,-0.031182742891540126,-0.008237623643837516,-0.02591992940837006,0.05887708307471118,0.00801138960078827,0.012095716317528416,-0.0018295918621273727,-0.012716753415232446,-0.006516347018120908
0.0018596388918533935,0.018428854432827792,0.014488120125165736,-0.0047980455203208,0.016280653827946752,0.09851095769249893,-0.0001701834951088281,0.01995648003634215,0.009468445212210961,0.011046468117613235,0.005701533811625571,0.0873101519631018,-0.004523271005146019,0.007625967295580224,0.0018044956945054054,0.02035565706766465,0.0028241871277380533,-0.009347411595996984,-0.0035956843407441673,0.0506997659697444,0.03979823094063671,0.01192178683322768,0.003684990606764126,0.02811736938561325,0.014674151311543402,0.00330812820482214
-0.012066135282046263,0.009401329661640674,0.054265226108336014,0.026077587201683995,0.01735864670250676,0.05909808153742718,-0.003495760156663194,0.017944576576291515,0.023403016176460862,0.01606685844212736,-0.00041442932179293373,0.010991365006953056,0.025711838900787768,-0.004902588533824257,-0.00035387901137812157,0.011462066850918851,-0.001544707025970202,-0.006470241398419181,0.009828537023441998,0.035193305907599386,-0.034490797615007125,0.011544010985162164,0.07867831031031787,0.009428681078758853,0.07968666027120987,0.009696544861842056
-0.016513247009442313,-0.023413436922303195,-0.021810016249570657,-0.01471851154161998,-0.03190844658116957,-0.018398889321513612,-0.021982317566113567,-0.02072568248677409,-0.030059339382534668,-0.01628939501443774,-0.0030969650861684375,-0.058004304863617503,-0.01831416366985915,-0.005245231907643196,-0.007741580939097199,-0.022459035091718777,-0.008742627733011874,0.000549415941249902,-0.016732207953031014,-0.010369250471881144,0.025990531304300776,-0.021558481221797,-0.08057808352570876,-0.0035449891680519687,-0.006333723756712147,-0.04272009634170898
0.005917072235852517,0.06611844405888538,0.05563345715771465,0.003118224575349077,-0.007503747703043336,0.038751534702820604,-0.007418330197887875,0.042980165660702924,-0.009020409274327722,0.016035526765753632,0.0016762630381713809,0.01345624500968251,-0.006772637218373249,0.03605730607931153,0.006155152609998742,-0.0016750856329392808,0.0019643317018943262,0.003183744029626006,0.0015231612971246791,0.019880615692385376,0.11011094034682306,0.0021890172779789837,0.004420226980140984,0.009131870110579029,0.005431494040201451,0.03408685524719053
-0.01202804239715713,-0.020788404281714662,-0.012384842156032841,-0.011595575303624954,-0.01055407044323051,-0.05846568054193872,-0.028033404854586615,-0.031428168870459,-0.020086339922032036,-0.014764126808552122,-0.006714787130174604,-0.03531066184610004,-0.010760613128273321,-0.05359787625079053,-0.007124852637739915,-0.01896084489577714,-0.007184832815053145,-0.022617681328619008,-0.009593818015682782,-0.008885568167230766,-0.04377757167104023,-0.007193178323712046,-0.061929883212843546,-0.014101058969408367,-0.01589826665434236,-0.010788410782339832
-0.006656028502536688,0.039402944756782264,0.001040420865385876,-0.00013398792733238478,0.024867424273120393,0.02902601392616761,-0.0056227295911298585,0.03821502659891399,-0.013633142950824607,0.01155241557242039,0.0028729969770181388,0.015726566616241517,1.6143189026370868e-05,0.08745546309981234,-0.003579525204943517,-0.002979668686706502,0.0023315612933625246,0.03563954426946572,0.013801568503828432,0.0034587837937901543,0.10029722945123187,0.012991750916780068,0.04253372542421827,0.010704623761234558,0.0005864606369277862,0.005515857529352395
0.0013357161196770996,-0.008979572436435886,-0.021522495731536643,-0.012869920363859241,-0.005751891591070565,-0.057453368159927375,-0.017732343681733622,-0.0007830267473331146,-0.002264676363849878,-0.009842563518054535,-0.006367290756670435,-0.04095959678734088,-0.013616434885879415,-0.05212645537569315,-0.008293303207627386,-0.019767524574860165,-0.013966945621891581,-0.026303157040985185,-0.01269968857522832,-0.023454082531580333,-0.16460337233980712,-0.008858049501971726,0.002595896118627879,0.0020920930958122598,-0.022495100481476973,-0.009881406467608322
0.0051039589317064355,0.008212734839400207,-0.0011939821016035313,0.0074769180609155364,0.054155744344118344,0.06202986634713852,-0.0032850621403724915,0.02954101295810683,-0.00956852704407149,0.009801501608522403,0.0019566743556526252,-0.0034692971107218016,0.016911448095158647,0.03267796881165999,0.005576928254821755,0.00643067144848981,0.0007171015529100816,0.001437521144566577,-4.976724128052998e-05,0.023128275969066102,0.13164854815676408,-0.006214780703522462,0.018872893002598146,0.00916622748877204,0.03465368445868075,0.009713175104124443
-0.013708952088568649,-0.02257343757412009,-0.03220067335050846,-0.013931223789022982,-0.008548753199818978,-0.05660313894202807,-0.023069043759322384,0.000707253318314995,-0.009309982312127325,-0.013969548327156677,-0.012525781445480824,-0.002760349849784306,0.006036664804643046,-0.04036230860986456,-0.005701177901399956,-0.042673061203099376,-0.014303884202111473,-0.022055126878130552,-0.01855037830561868,-0.02194306210303193,-0.06960190009188082,-0.00875126002235163,-0.04938539491679824,-0.023372879277052266,-0.01938646013259656,-0.016024701249160417
-0.0026393393647894487,-0.005505337406744645,0.10260490908178775,-0.001168233824959359,0.003781625001941732,0.07025482623468139,0.06665860548826823,0.019005423816157278,-0.011936463266256579,0.013644738844209784,0.0034547980253638116,-0.004407053446457254,-0.006371672067457669,0.0009820536454119614,0.006378770823226088,-0.004624240054262225,0.0015281736491836715,-0.006810388394806414,0.01027734505605025,0.007838560150687122,0.08197968547433158,0.02137784887795596,0.05543755204843898,0.017744531252944274,-0.004351722188746672,0.010296441135453279
0.031247382892704904,-0.00471448355052964,-0.01826136453574024,0.005496613252885685,-0.00047586273351812175,-0.04477125062761907,-0.006286251174930561,0.025333129258489514,-0.009047589510316601,0.014584749493883277,0.00403189491040097,0.09376297576455825,0.018457670056956123,-0.030117634409642605,-0.002644605883046079,0.11963296840474247,-0.002062749986163882,-0.0007190443735829826,0.013499448652174563,0.005572765328442324,0.09907754780992617,0.012505718995045595,0.08028955386888839,0.012623626933770017,0.006887123043649129,0.02152910671015751
-0.0034712771030268874,-0.022882342027342368,-0.022804566931165587,-0.024389643454836744,-0.01394498430131508,-0.04739170140075683,-0.01660590131688308,0.014320423624833224,0.016325382658105084,-0.021257374685768864,-0.005633097119129589,0.03119804465950969,-0.0006133597213064308,-0.08196350233838602,-0.005129477469864386,-0.039143762386613316,-0.009513018593426245,0.018642916843564547,-0.010106888456788966,-0.028905656728013,-0.22425020952788458,-0.009268841734044363,0.026834762567412674,-0.048181621519222104,-0.023506991253102513,-0.0029258736937495043
-0.01904111303426313,-0.04922930945897851,-0.01814695510088108,-0.010360250795705211,-0.027284814549790024,0.019337409405539283,-0.027361719972261923,-0.005751858600408851,-0.0126514847880415,-0.018387180163051655,-0.015899100372288113,-0.013247285210389021,-0.030116140382040316,-0.06970824338719082,-0.01270003622489025,-0.029561803104777233,-0.015829156269096888,-0.04854984222191684,-0.01847628908255396,-0.02904269573258675,-0.03704680273105004,-0.03207940175051635,-0.0009515180532107545,-0.002146853146456685,-0.010002206592703657,-0.020333910088834107
-0.009117357497027365,-0.015196515751345457,-0.016813461589173392,-0.019238459261847567,-0.01490145174666112,-0.04508884034197918,-0.015253553453693497,-0.00616922100819206,-0.01444546558522618,-0.010189765722635453,-0.0055842095451592915,-0.023160804212449777,-0.011552507245971988,-0.03087070538016818,-0.007322581916939529,-0.022855401866441007,-0.007433163875786834,-0.021437380008484597,-0.0064321177133240025,-0.013063984442210566,-0.12858641255881303,-0.0029353881627860573,-0.056615264344738264,-0.017242036835317776,-0.013994133652777898,-0.019068377689329983
-0.007966768293634983,-0.030155770417596664,0.010920505007265057,-0.007910442867466231,-0.004386592266862675,0.0003276265823896753,-0.027114440383140054,0.037462671502830364,0.006584500776026025,-0.013195450433443287,-0.006926221592567946,-0.005722700401903309,0.0006320457575041063,-0.05841240179523958,-0.0007676130136314383,-0.0393943419867051,-0.011887147646077529,-0.026771774801253683,-0.01812325010935861,-0.020534484003487077,-0.1567146480914078,-0.006430694947937541,-0.061816558704827045,-0.04089235434662822,-0.016767559095668447,-0.028604695835577575
-0.016410396723253586,-0.002010886854169722,-0.020563377102385202,0.0031933289417067894,-0.006555040618691719,-0.04868771932600267,-0.026038859963715782,0.007167508408356938,-0.013969318228042989,-0.010368261380188488,-0.008859063101847149,-0.021266402824369764,-0.010683555040148248,-0.04388961972461387,0.01849972038963477,-0.014363173457095795,-0.006949126523442086,-0.017304295979526395,-0.014728236625064542,-0.013738210410139848,-0.14463144775748304,-0.0013394221136589207,-0.01757094876989628,-0.014966369667913404,-0.016732788535815522,-0.01232111693847753
0.001019711542014902,0.02080272785894501,0.009963015411810354,0.04272766291406221,0.0010574562258204414,0.09630954710656159,-0.0013608702313841513,-0.0074763126873191406,0.004547725429004745,0.008316041498199481,0.00029881798005310697,0.005270789641806098,-0.007880197707470536,0.05790186617139394,0.013948471197377717,0.029101634746574484,0.023673907108240442,0.03664359650936366,0.010532556423904715,-0.011224805640630019,-0.04553851910339212,0.015462368896356141,0.09400032023522366,0.025822277944662037,0.002484949034220846,0.019026700086182326
-0.013602204869231149,-0.012998785336118578,-0.01970560556752788,-0.014960949916137455,-0.019618742534854478,-0.061198977727070135,0.03027546371592349,-0.03170646423880323,-0.023795005452914842,-0.010176175124565442,-0.011214630548068413,-0.028770665237027322,-0.012588546527381743,-0.058154699117540794,-0.003865217800490326,-0.01978516027766221,-0.01191554581601874,-0.02097918369704446,-0.014978015768427522,0.0036024934706921767,-0.05338696083201146,-0.0025638663531690293,-0.07049390424102253,-0.001529914777552986,0.01983136765744372,-0.016955331158431317
-0.0045879926021786905,0.01768489694751031,-0.02337552068624369,0.000568483419573776,0.01094744696430778,0.01461230646830017,-0.016101972619623307,0.004214787640159951,-0.0028396853233667325,0.03224332837464174,0.020631615071507226,-0.008789123648836902,0.01840784898333184,0.06034371616867646,0.00785033839949382,-0.027960330724059523,0.0024969128847844085,-0.007397782313982514,-0.004842279906436805,-0.013188098861505055,-0.06262333246338422,-0.0002458956206631037,0.010932672342396175,-0.005261564428140814,-0.01224671513565444,0.03908354013714612
0.0023169169052016034,0.008332618728718216,-0.011828412101288594,0.04526439762264106,0.006058959011725672,-0.01202162972857032,0.05656035955754663,0.030030254080877863,-0.003764722145199402,0.006918743451016123,0.005351330934518759,-0.0014831508862903264,-0.0006424452856867403,-0.0014788356752721045,0.006086340457073213,0.006193933727555932,0.0006027157463781204,0.007297526462282994,0.002875779211986516,0.010038063505072253,0.15076340972513455,0.004718999915584149,0.06448852353343684,0.007585054089963163,0.011810022720442794,0.04335668502671837
-0.01783899085349897,-0.032313431438665344,-0.00954582346217794,-0.021590211637252058,-0.001990309460768001,-0.04308114463232215,-0.02870298008927509,0.02828608171496804,-0.03559915395664027,-0.014803771672389644,-0.010053921767165233,-0.003923061728401976,-0.013328598836870511,-0.06885293206554113,-0.00993565980303364,-0.05142682570046829,-0.02045291217057352,0.024715238920046564,-0.015030796352811966,-0.007307128894993113,-0.040269882457784845,-0.004319289353167403,-0.07371664787901694,-0.0011249086640713827,-0.022135571617110737,-0.020225927549316923
-0.017968485201246238,-0.014086355232100275,-0.04333275302147837,-0.027476510519311218,-0.0235385100565452,-0.052977096639105964,-0.02429152043261047,-0.03910736881366418,-0.013261774260386067,-0.014005296671381534,-0.008748472328625629,-0.05086806971566433,-0.024295364031847233,-0.038925151139862856,-0.01732827287192403,0.060876519585512406,-0.012011694956738785,-0.029563656748272146,-0.014534927453094969,0.011815257177091629,-0.013536921919392184,-0.02428163431197592,-0.005564390492558413,-0.006594249822417919,0.007081845870410598,-0.005298609361985799
-0.015174977978322748,-0.015786762247333254,-0.03241600431802133,-0.022900852892995614,-0.01605220304820058,0.009134079997747322,-0.022200718090752535,-0.022134248772017414,-0.019881674678992326,-0.013644730609895527,-0.007349333499762604,-0.033974960282653725,-0.02175294183442947,0.011481507038002539,-0.013469880732238862,-0.019411048990696823,-0.008977135457376696,-0.015985410999777308,-0.016253229786712255,-0.011862996059642703,-0.12057493414061364,-0.008227167681589332,-0.05726847439950579,-0.0005864577878101306,-0.020596974425126077,-0.018701029729700565
-0.008798069409188106,-0.0038544841561087197,-0.012645381678311918,-0.016880513733146495,-0.006762585362122781,-0.04790992917702872,-0.016398299638291466,-0.00013016299613915995,-0.010592475249575191,-0.008129005032278865,-0.004676947676266463,-0.017077956589264077,-0.009517516127179144,-0.04865222235124124,-0.008580964615027694,-0.029257592543803824,-0.012477993011196108,-0.015102833515254478,-0.013769873395327271,-0.017201330562539967,-0.16237209715612758,-0.002242473355706115,-0.0300555818788631,-0.02075180184087075,-0.020316600313933786,-0.010413870043332316
0.0012649779267794755,0.015104223297942775,0.006569832235010864,0.00240334606768032,0.023350850671983243,-0.010432790386521932,-0.005395231648890128,0.01992445717455214,0.006825190726178704,0.038305599268057225,-0.0025423391335583356,0.012495122833344087,0.029755465330165265,-0.014752287345309376,0.008474086615653628,-0.019629265749524866,0.01411540673969509,-0.006568674039621107,-2.078381700119538e-05,0.006716928832272108,0.018769555271386563,0.0041804811475904275,0.017542817621996484,-0.002630616778742276,-0.006915126338210614,0.05185354540206512
-0.0012917136899815653,0.005005077041592028,-0.025528452910637385,0.013478145279978907,0.007931570308624555,0.059761735111821625,-0.0175625715483637,0.003897969793750776,0.007900845525952363,-0.0037072005912193204,-0.0013800339653038515,-0.029462921303442878,-0.017237086007892654,-0.03752975371191566,-0.0048524327093477666,-0.028716767314632092,-0.003188291527595158,-0.024829000802675274,0.024362332795088402,-0.022388541876211,-0.11529646327798793,-0.0045488162400730125,-0.034032158184990995,-0.010296259082328056,-0.026593439391885083,-0.013051634716264115
-0.014018888291934997,-0.010665536715045151,-0.019851960286010276,-0.026399660126106457,-0.01751098140005928,-0.0706649599339879,-0.02045042205924038,-0.039504283478915644,-0.02758895199563191,-0.007423619242989754,-0.011996123114712414,-0.038739122249402305,-0.009096588070721664,-0.0316607115489125,-0.0066780018564494125,-0.018076548540491177,-0.0070964550383054836,-0.023937079107532042,-0.015573890700462209,-0.013118988188046889,0.009799065833467254,-0.001423503680606994,-0.006776921430175268,-0.003238352772434081,-0.016076019797903168,-0.01013339094909561
-0.010434804858728719,-0.020538476075987404,-0.02202911425782387,-0.017349472243849116,-0.024099036879343637,-0.062134170845359334,-0.020873583785653148,-0.0028234571540575555,-0.029462567078515703,-0.01387020565001675,-0.007502874935504358,-0.05281046337481572,-0.017984110169705803,-0.04684039978481619,-0.010975357871824264,-0.02077771498411175,-0.013119688891314702,-0.019737002039743025,-0.0104192622166844,-0.0010009519595292257,0.023025663435292464,-0.002861541930810875,-0.0719622839707303,-0.0014202743815639298,0.019015954205214812,-0.02276285088795237
0.015558340784472768,0.08393955933197736,0.00948788590647083,0.021642880925205363,-0.0007724068277830526,0.04735462983394017,0.007469208473345009,0.006996433529879452,0.0019876602281493207,0.005581320783239958,0.009762894799785803,-0.013123132280777387,0.02903815482219346,0.12032762897021707,0.00805319526760113,0.0013849810370246676,0.0022641811618098946,-0.0008584751273479335,-0.0014357115373125533,0.05690663494548781,-0.03241189817538291,0.006946680828825798,-0.004446218034436904,0.013498632202915103,0.051193990685069087,-0.004248947276451724
-0.014382132279342883,0.0052058698239128435,-0.016085827262660803,-0.03108938730745531,-0.02221958899926221,-0.05554041660497251,-0.023093400692300002,-0.01561145660470789,-0.03407817281121782,-0.015353574713976192,-0.012144271610939108,-0.02215570727355965,-0.016685456470087654,0.007873962254919892,-0.012118065890855402,-0.018707377359388717,-0.01371831092457797,-0.022572358789136947,-0.017224719195746436,-0.00032330405827696095,-0.051179998851213576,-0.0058628339495697766,-0.07619406639895636,-0.01948844138889744,-0.01522028154176071,-0.033265909174803036
-0.005536502212412074,0.013519987076126332,0.0676345219676567,0.020684116464608587,-0.005274341885181152,0.0066469361492191995,0.04389530308614751,-0.002798027552375536,0.026030633694548777,0.018564521159241242,-3.208928158854959e-05,0.051211261937218595,-0.001882798084777512,-0.011591648413075422,-0.0065291526510924455,-0.027685430012916065,0.0044590398351090285,0.04724246185455065,-0.0031930620482692406,-0.009306798075077121,0.08293793224471162,-0.0077264368177214155,0.10863460774951077,-0.0002897191550709552,0.010226520278079474,0.02558960128444644
0.006418766756267448,0.016559453468230435,-0.000606720151803416,0.018717784575822318,0.007678212331685579,0.08055274304815686,-0.002490970957657133,0.017547494929271736,0.05790944568539323,0.0033038053119534595,-0.000506480230574955,0.01926200246723008,0.019614147352514672,-0.0037639336124933977,0.002379891705660579,0.01574286701218884,-0.0012007075768409859,0.0032378255265065803,-0.011187845721499265,-0.002482523392294697,0.06787389139115378,0.013581731830628087,0.09568335749445266,-0.0024491349860751685,-0.005728019206141119,0.006451020206588516
0.005056523465070045,0.014641491913178727,0.05207213008121856,0.021746859739429417,-0.0030092790736660573,0.057035893574222514,-0.003347444245632733,0.0492829683887287,0.01769059156422838,0.0032534988085902283,0.00011909210100370586,-0.006999979802001505,0.02420476201391323,-0.021447464724332434,0.006536783773833189,-0.011905611173406338,0.0008344322269260377,2.630999800807748e-05,0.06164526568537269,0.02271176147354921,0.0439590465011578,0.009231026131587184,0.040525754942122606,0.01841211871204801,0.05109443191652306,-0.007939525400020207
0.009102925853040058,0.002242930311344243,0.02556165027695323,0.006105476877451556,0.027975270146991457,0.011521432308666514,0.0030285833471507956,0.027686741536512613,0.03100847742414528,0.012260274455982397,0.017122546800956293,-0.013669643627655631,0.03832697289439385,0.009231927616220999,0.0011956659284103814,-0.00587317401420781,0.05357817996244031,0.10287804174479707,0.00579558807822055,-0.005547110384069506,0.04455104953297914,0.009760713841959284,-0.011362384644361588,0.045001634390023346,0.0002770554974746604,-0.0023293875642412154
0.018726801351923877,0.012693404600875039,0.018095396985500948,-0.004447327249109306,0.0023184424442436726,0.03647288275267766,-0.008902216681545411,0.018082375884871823,0.03691392676145797,0.007942032764675295,0.00017798101088673573,0.06546182365057346,0.009755222934910544,0.04037682383625875,0.012327853159770596,0.08025986859416193,-0.0059085623903235894,0.02651917947276803,-0.002332022585286728,-0.0011653262536090695,0.011925815084848083,0.001268885331220587,0.050424022524388615,0.007768594330214427,-0.006433287809902989,0.01710884808517238
0.0006137094473380225,-0.02747046246340202,-0.015559866607654836,-0.030009120695964158,-0.027831075009662174,-0.04001165795878073,0.006622281903043753,-0.021916089767367655,-0.03650337999104197,-0.020319378895998098,-0.005466895539595858,-0.043985552157144,-0.003819017824419957,0.030655241453770205,-0.02106373012271414,-0.012893953060231698,-0.007620527829396251,-0.017871597181327654,-0.01477357673263786,-0.016665497336549893,-0.03677353035697167,-0.009970819128327075,-0.04386902870207972,-0.009242087794120816,0.008992693749051931,-0.04781564280609739
-0.0152132247415337,-0.04228013095453983,-0.009504539704057824,-0.02453424202230416,-0.011226886106587107,-0.002762161278280957,-0.019583411405637345,0.004820928661675173,-0.01465183380007658,-0.02424422486225179,-0.03527736764508107,-0.007414520720060944,-0.019404971967100056,-0.011589316572638902,-0.01424146410885892,-0.010151253868378673,-0.012920806524419374,-0.05395823181201755,-0.009061439340915696,-0.039966426265905,-0.035437181690056316,-0.020923603532681162,-0.04779293882579723,-0.0030589356070598126,-0.030730416445487935,-0.043459960268326006
0.025142050254348534,-0.0016153246378117275,0.053792744993342516,0.006152101659125899,0.008483332851726363,0.03483637997529473,-0.010731732072375088,-0.00045239340228374694,-0.01025956379136079,0.011277160341139632,0.0009339926101965152,-0.024231553363963324,0.008159590239584649,0.03777335877192505,-0.00012892882191841622,0.0012730918177906046,0.017361972194861783,0.0463006772189113,-0.002085386014157632,0.002198820003133756,0.09403306069522316,0.0026338187817021574,0.10982870527521804,0.0032001588981621933,0.00017598705672012378,0.03137931705707716
0.00923964874792436,0.012552315464131769,0.014476678434117976,0.0013891227065580347,0.026984577386881165,-0.00016541809013763154,0.07079520089024587,-0.0060306738132352815,-0.009972092630878822,0.00649541290732458,0.008074260221568033,-0.014577391269072962,0.010109107210960313,0.10888811386077639,0.028532097428390787,-0.0068041588647043925,0.05718122135557323,0.01279184260407355,0.0013658498152611283,0.05526556260829849,-0.008814860318239252,0.00476738393347825,0.031060110303253417,0.01933995115098137,0.002062524876782419,0.010425051671245399
-0.0021400421333084402,0.015521961509254367,-0.011673959928181822,0.0029041929768892933,-0.0018791866111557364,0.02190799218237641,0.12945287211741954,0.00029082078725092126,-0.00983140762944363,-0.002168355670723029,0.003758877394085752,-0.018628985712131358,0.0015575864027004113,-0.004198427777598711,0.0009610706397557021,0.019882462854264274,-0.003435047668824729,0.058526171491256454,-0.0003523711371097414,0.006255084661813322,0.16258350642915237,0.0015581930536038029,0.009500616513774316,0.006536680148851484,-0.0006128295011113971,0.004568355426942791
-0.011069326452181324,-0.019861937265526118,-0.022101014825487222,-0.015697151676084802,-0.013497110963982312,-0.05703229542077827,-0.020530912279425873,-0.005278460124505044,-0.008877601284520047,-0.005820820624776457,-0.00665539684650429,-0.004554039977876448,-0.011810277593663146,-0.04432028375133415,-0.008442192585743908,-0.021116911119696415,-0.003467610933792812,-0.02070656080054577,-0.005183989257988364,-0.016890092864067494,-0.1509334598145384,-0.008764249975234275,-0.03170616133762775,-0.014993761045376733,-0.01626729522227962,-0.008989647365123858
0.02182941113083444,-0.004311998306464838,0.03817223175046628,-0.0017527527656564085,-0.0011020359147948936,0.028754814624785508,-0.004430457470106223,0.04435495214688065,0.029489780762461417,0.01071302958615359,0.002615659725977891,0.01353081826466637,0.01148015639863548,0.059721151818911286,0.0033916074316607653,0.0663644679153324,0.002855239820603944,0.0307128229596255,0.00015211356163684863,-0.011367856771141828,0.04069102608446976,-0.005117941886047205,0.05205142338721811,0.006782154935374367,-0.004660267069189363,0.014511886469321925
-0.02920467524512502,-0.019584368928326643,-0.010134128874644615,-0.020180319844446286,-0.04473674329428071,-0.0015486340663849617,-0.02364706001028761,-0.031000459258528762,-0.02854664933825444,-0.015744535621193236,-0.012394105650088166,-0.057234372212736986,-0.013908054100864046,-0.04460137143938376,-0.014714571245632625,0.0440521417946395,-0.007673006215429197,-0.021172882304072542,-0.015241755664106163,-0.005204440941810696,0.04255726286471439,-0.010084381149480974,-0.0389422987692895,-0.009347262900390186,-0.008088966895918936,-0.027298477652587992
-0.018483815925572033,-0.02567812251888126,-0.05092327197071201,-0.001155478650974586,0.0006505869886503801,-0.04475783938016339,-0.0445177400732472,-6.37642659869756e-05,-0.02676923559722765,-0.011202084339716378,-0.01172559134270082,0.0003759773827287655,-0.004250828287348905,-0.03926989589725143,-0.0118062186476823,-0.03101053686330486,-0.016072548943876806,-0.02694336659350411,-0.019333322449860454,-0.019031960009478877,-0.07098365416914097,-0.005231363913126626,-0.027308152294572105,-0.031407369129780295,-0.0069681492822591925,-0.007367481899937471
0.02228285771473433,0.029575970965575245,0.009419469173221428,0.018740026043829624,-0.0013692909736595594,0.013582048375043301,-0.00613852786312924,-0.002677808708712222,-0.011244354060653456,-0.0006882809836120265,0.007594027608377909,0.0133761023188294,-8.7773255903918e-06,0.11170706269867636,0.0023509787380829447,0.016687901517114426,-0.003625776228448202,0.0008105933603706725,0.003916646659837792,0.029622243968619955,0.08928737722535443,0.0011954718580348496,0.0451992811414484,0.010585155814285714,0.02903658426992851,0.006214455284065189
0.02044786138293842,-0.010357455293218132,0.06709828686365946,0.01012522379610949,0.010625323197971194,0.06729784854042901,-0.005694953032808865,0.02066922431066121,-0.004999876492935754,0.011783930785088013,0.0003192901589905583,-0.0071507496889494275,0.021243254694722616,-0.017366022822995677,-0.0060293402106332515,0.08928195433954908,0.00454534539304322,-0.01180433789339968,0.0003345182662961172,0.006129051522963062,0.05407072522332689,0.013824516943766092,0.08404452165429889,0.019486200787325034,-0.007977395571800737,0.015484491737266558
0.012322080016414182,-0.007429471578974682,-0.00589119593407841,0.021974415347839556,-0.0035267594056629737,0.026442400445075925,-0.004962781606239676,0.009344542661177908,0.05097757513487031,0.011359495916885617,-0.00014543251880646434,-0.025916110373765684,0.023864520731842417,0.06332244687439913,0.0065345315226179555,4.684198985509441e-05,-0.000311054929413464,0.02862125921766993,0.04338324590277356,0.004996906262124423,0.03551665875020828,-0.00321264036797782,0.07599682410904848,0.010454596294237893,0.014352005721740871,0.013983205074415984
-0.010440221495455083,0.0031302764260507697,-0.015020740899077688,0.009770229799206944,-0.014644681765640526,-0.04559133765381409,-0.02027549798169357,-0.008310662820909143,-0.012627664483624049,-0.009077593938893447,-0.004772305584136161,-0.02908073467907354,-0.008146636958637479,-0.03445965483887597,-0.00959240505518501,-0.029868978712477356,-0.005665328010727719,-0.023344937794926027,-0.012659849179069597,-0.007631669330378344,-0.1181072350504733,-0.010630207142109589,-0.06599996322904138,-0.017578163485935484,-0.016592050739333848,-0.01735054680479054
0.013146552554040958,0.012569601332948318,0.05519706518730977,0.006359492061489101,-0.004395322531779838,0.01146462153188071,0.031232145576939558,-0.01330899418811567,0.049524345390732166,0.029065497206644617,-0.009629924005551285,-0.001131140174762114,-0.013676126120359802,0.0323768622995043,0.0021142054739181192,-0.003177855591954574,-0.009461899149067924,0.0035371722233569175,0.005672067652177507,0.016112819087827416,0.04936158759231743,0.002540902290880584,0.08440366641713773,-0.004539380759062109,0.022560074373288115,0.030846736193207987
0.001077766410823006,0.0025488887316455367,0.02237071254531534,0.01244590680509863,0.04365858549782283,0.07273840351936499,-0.0004876527232489649,0.00966174148532009,-0.01056731721660894,0.004741787874446542,0.006379515422434942,0.03275557021070901,-0.0011883181898274713,0.011235974334619328,0.004072439134009899,0.02610211670810209,0.0015286130823665013,0.00762045099604872,0.03123647112825521,0.003788364254133209,0.04279874973959612,0.016418387515465597,0.05349950202910776,0.01948315583409018,0.007611678922843136,0.023899944539637744
-0.0030106304653545364,-0.016911314509266848,-0.013239054819963942,-0.02569101431421528,0.009388139085206245,-0.0805100984899672,-0.021274452853871487,0.0033034599272988444,-0.03223687519892912,-0.016556630611327835,-0.011307882754167291,-0.05289691987623811,-0.01695306319021039,-0.015818420299276027,-0.010063091488178924,-0.038298862689091585,-0.008163175680693352,-0.024804983702497334,-0.019147212683179288,-0.008002089063429196,0.012631889849954045,-0.0184661761164284,-0.0771312926447568,-0.022728708024101315,-0.021485291969980915,-0.025194808826295136
0.009007489758137031,-0.002507287742445932,-0.044147849714286765,0.00256268247092869,0.0012296623503148792,0.028395503772469015,-0.010466116597362834,-0.03243122856179278,-0.007839110372933543,-0.006651129405770822,-0.021391710731855938,-0.011289299477312139,-0.01148778898511486,-0.038063799944671774,-0.00208061181708713,0.006664428834428482,-0.005730912187689261,0.013473356079543784,-0.014296091618164275,-0.009112246362130875,0.06447121456673062,0.00035596293296458713,0.03804453935790917,-0.0015672901109608198,-0.007771872067373268,-0.007494611390412845
-0.01389998053550586,0.03424831943239834,-0.020492788822462638,-0.013871954684698873,0.02788570552890164,-0.04374691406784139,-0.027508442338073858,-0.017018076724851536,-0.023457634671046074,-0.007558040458752955,-0.0008517194636082257,0.030737960415572002,-0.0012547728279844149,-0.02578622793981714,0.0038168770877040543,-0.024395323123009533,-0.012557971165695516,-0.008005842976620749,0.030762995493654768,-0.007263467540306851,0.10210026878151365,-0.024649433936634865,-0.02188633322017507,-0.0050027615531236976,-0.0011015267326773216,-0.008732110285914387
-0.03045190488938312,-0.02393922380457575,-0.01476135094829573,-0.015617470373103383,-0.012010859661800311,-0.007093256086409923,-0.03435620440913913,-0.02383289487983856,-0.016461746933358484,-0.02227384745921813,-0.009364276853304484,0.02862476646489518,0.0007791667809738282,0.015980569790285018,-0.01521893990726264,-0.03094962926375433,-0.01079659855908015,-0.02670558928853599,-0.010366780798437903,-0.02754160240909692,-0.026690483388432894,-0.018924141857158735,-0.0706352305369899,-0.05216739368198595,-0.024444836760729116,-0.02868213502811476
-0.0022458868334066257,0.04986743762229409,0.04944887990601845,0.028167525795802766,-0.0009292217982148667,0.0016086346958302997,0.030940122202531097,-0.0076076171904552806,-0.007188142837069031,0.001748724273298309,0.0022202126825079825,0.0031376066194914545,0.01580975011365487,-0.009286613191165501,0.010339688722021543,-0.020483964392543973,0.005481686338321675,0.06562336874848539,0.003172928988547861,0.00022557116817926954,0.10969719536231544,0.011634317173418306,0.09284410903701268,0.009098298542021658,-0.0012582418499876575,0.0033650686926917656
0.00826171910283401,-0.020977276356986995,-0.017219282590404082,-0.014945663353093087,0.0042944711126984185,-0.05359775549854335,-0.021462201716503513,-0.006856506820484479,-0.023854640471439568,-0.010103496315193996,-0.006908177100421148,-0.02432302550342048,-0.009288397900981156,-0.031193881946906067,-0.00036475126392411934,0.010423285960618802,-0.013475281464546322,-0.027352373846273256,0.0047063199600045165,-0.017980053615301965,-0.1637406551868395,-0.006060043451237684,-0.060182631811132856,-0.018008876850244396,-0.01587568059045265,-0.018483703890671423
0.013522359622451342,0.0026375975075196927,0.004534802022533896,0.002691421352306374,0.006762442306354074,0.024609222780567503,0.03234163472157092,0.03264521436018612,0.009137485860468437,0.01110283257488125,0.006786016369684695,0.0004076322778617426,0.03142698598057539,0.012221653635876505,0.014090048700540043,0.021145292477807616,0.0033736209684792485,0.01645349198369038,0.01703126307609638,0.0006761288231939493,0.13805874878067856,0.013042727885770844,-0.0003563215872003675,0.029768291816199933,0.003517085562057351,-0.0021962412682290234
0.007088187294867513,-0.009674384544412126,0.07971582782976123,0.022086035740239648,-0.0007065087010771084,0.03182973674499583,0.018400566965857675,-0.0057741958060064415,0.057826852406294274,0.01221706737396168,0.000760869223201646,0.021914512408663045,0.00926388551389866,-0.004217626731185645,-0.011636345006004334,-0.03117964247127853,-0.0023638760009810434,0.0270841519975482,0.01702647708962207,-0.005327007948260276,0.01713765774866833,-0.003996451308487234,0.11435234993154142,0.015253482003714755,0.03719428104420799,0.027822202458927605
-0.012476829109276463,-0.017334428211135667,-0.01569829567948379,-0.008608008545526557,-0.004835774207226505,-0.045097553470278454,-0.026145338835755923,-0.02181360029471203,-0.02205911212924091,-0.013285698636586378,-0.007027808955822648,-0.021327439290079245,-0.014937032205103309,-0.048899568175891854,-0.008100677400388282,0.015520204316954413,-0.011994550010522055,-0.024642445635885704,-0.010968581659880228,0.0037053359560248276,-0.14025334645402715,-0.006800038672253413,-0.0380294002735385,0.01083822693656824,-0.017935088583954987,-0.006361712182108831
-0.010024980759772931,0.0695297209871838,0.008957933664573788,0.01865904301530965,0.013517045828323214,0.05474672736560603,0.03042004669646635,0.009858998330696247,-0.01467634546925593,-0.003471543473990865,0.013431037511006064,0.0898868476663165,0.014654281579567866,-0.018461335184354218,0.011019042454510974,0.057678581220971005,-0.0029885544017457144,0.06413694063607188,0.0008293271854526374,-0.0068354733549177635,-0.022128431373655826,0.0021022193793631787,-0.021258382326992734,0.005285989037020445,0.0010570154003066111,0.01283902031088186
-0.01234802506202351,-0.01453523679827793,-0.009815039353689173,-0.03487264742670709,-0.013388939521882338,0.007917924325834375,-0.022136053836578094,-0.010604001261877083,-0.02501892972359626,-0.009634760209518272,-0.00951380367280693,-0.019531594689114647,-0.016127213739856972,-0.04635538369390043,-0.010117594363460282,-0.021402417347869154,-0.01620752343519141,-0.03155846762995601,-0.015956482741640795,0.01721747288793566,-0.16320825695792854,0.0027844301813794046,-0.009368245847914316,0.004203381400977192,-0.009009067361759715,-0.008204307751320795
-0.003842027664615667,0.008469743426432714,0.004333208006172075,-0.012159742264363336,-0.01120043383895425,0.0308535501324854,0.03543137063235067,0.04470729473414439,-0.0022770604088214034,-0.0009460064793442493,0.010209713069882099,-0.010479924464893974,-0.004983988349209498,0.1404943136758806,0.003766929544679848,-0.012523422980568685,0.0036857566975320917,0.0027737374628784605,0.020906288121594428,0.05934687997745052,0.01646169114590392,0.002607633494579319,0.014313730745322469,0.0098402192140405,0.017819719507186072,0.0011555987872155016
