AA_A,AA_C,AA_D,AA_E,AA_F,AA_G,AA_H,AA_I,AA_K,AA_L,AA_M,AA_N,AA_P,AA_Q,AA_R,AA_S,AA_T,AA_V,AA_W,AA_Y,mol_weight,isoelectric,gravy,instability,aromaticity,aliphatic
0.04440825789531959,0.4335923691317509,-1.2842050508670662,-1.4503077096435109,1.561687477537523,-0.4141532725035239,-0.8518957053418771,-0.006648939738425236,-1.4368655264046593,1.6585706311980115,-0.07874710130162305,-0.4596888208793593,0.03749430492013246,-1.2011019085291896,-0.6389136357141484,1.708517405770738,1.2111313772029821,0.8843987211641231,-0.06693240767103945,0.6759696317832984,-0.09172913706994024,0.7103044371036938,2.2591116016091988,-0.3238502061246408,1.229237831857569,1.5412917708174083
0.23780845874186493,-0.4678399955418348,-1.3436862143383448,-0.278245929912954,1.1745616910037529,1.1621399051392438,0.5612634411126239,-0.5700992997744984,-1.936232986854427,0.0356478238943371,-0.029074503510776,-0.5234975579526804,0.016681755380550643,1.9588060701334615,0.2540483741740863,-0.8807834515663767,-0.5046966976444273,1.4042257099114095,0.373746311487524,0.3281895681905584,-0.44554165368936943,-0.7103518732853725,0.731548102078039,0.25338526903522535,0.9645877904456344,0.2766820772405182
0.3020504214241181,-0.3969722621174408,-1.2343735804092104,-0.6915310024910671,-1.4342651544730411,1.0883051547376215,0.2599287964544545,-0.6136763259245441,-0.5966448330162998,-0.43160093144192924,0.5836719159054135,0.24276660087731713,1.6944258544130046,-0.14318321094465888,-0.4526461315899546,3.061540837335849,0.8177304570196267,-1.0499557355066695,-1.1659816136050212,-1.533251583930212,0.24142940461722895,1.199907087155449,-0.31209016804076317,1.9526513514995667,-1.949085255623922,-0.9928053926480773
-0.1842588847880146,0.8383817483443446,-0.6981519028723376,0.19330396000055655,0.5825241981253084,-1.3087825137211366,0.5540537552283881,-0.49044676501460693,-0.4880336821039913,1.8215839820427,-0.29668679784709795,-0.9934282152829648,-0.06834872229888397,0.44457452703160544,-0.4029838503333346,0.21954636029905833,0.09225847136124185,0.13669897046566834,1.3843714586918365,-0.9324796306624781,0.7580263768769671,-0.6816189321533321,0.8934962689218962,0.03797793038093685,0.30404106091143895,1.0736396604610245
-0.7410782257376922,-1.0924649017707966,1.8651806855287723,1.4250643331827766,-1.128262155144484,-1.1905289666805972,-0.8201144550243783,-0.5233515842425722,2.695771895027867,-2.0188573292921195,-1.0164338607530832,0.5230159292310517,1.0925824494364593,0.49115442575574253,-0.18832477417955304,0.6127242960295834,-1.5718251035211124,0.5753175674774558,-1.3234622690555917,-0.20248990338261466,-0.5195681380622049,-0.5818264067790941,-2.463649245165767,-0.1136499976602866,-1.1635589365848102,-1.6721965871479798
0.950845349058069,0.354074972532616,-1.0163584702357276,-0.7060646801095959,-0.5254645562484933,2.8859550363026396,-0.8909216496810947,-1.6102057889079293,-0.5905366909287243,-0.6929111545058553,-0.8645792649069577,-0.32233692284289595,3.0311765069251604,-0.1715636165269172,-0.11002122202262626,1.4381974709938588,-1.0489888497265394,-2.4154441049535293,-0.4500207800443785,0.3997433480974855,-0.20881580631532276,1.126520474624297,-0.8320009070050985,2.467508475059362,-0.24887223289517893,-2.130830417714388
0.8438605791131031,-0.7725720493088768,0.08719058850007762,-0.2239618912785278,-0.8331797851190486,1.0674082603182555,-0.6791875142027581,-0.7458637687661799,0.5531251018740466,-0.5410921848463335,0.023951575126971835,1.3099909849121694,0.06947086768361597,1.063368497815192,0.5447327520360471,-0.8343783895592228,1.735496875212525,-0.8686485230363443,-1.3234622690555917,-2.116564578629444,-0.46099516874091667,1.6076768913119883,-1.0853138824072546,-0.39929446261259055,-1.9300822856144464,-0.9836847454241651
-0.9883250284132077,-0.21964466856343945,3.78347720509072,3.6016731199741234,0.20072445410199927,0.12580909118478975,-0.9154743961196752,-1.3172177564658039,1.0056596155344182,-1.2737161969890027,-0.9926461438795815,-0.23592347705836628,-0.6110440351367805,-0.6784770859550442,-0.38361310342449517,0.4666548265171647,-0.9456509177429108,-1.6270970167035987,-0.21671742425992632,-0.7500927243803832,0.33223736039510393,-1.552037368891672,-2.6457158722283305,0.8069193413107046,-0.31608953742447915,-2.4340625821899695
0.888171164220191,0.4335923691317509,-0.19810188325207928,0.3237599770361697,-0.9017843926432445,0.8943212216499022,0.8422894077370986,-0.2888198874463634,-0.05349746310180178,-0.1268136875771462,-1.4373846371734966,-1.3658955964302768,-0.665137367536146,-0.01357820087439468,0.9031015793153553,1.029092588860269,-1.4826165676839478,-0.15035122813471988,0.9382914814366023,-1.1857198418251964,-0.09140416928267595,0.7194279627658183,-0.24868951971916295,0.5251351316771331,-0.8276670602622189,-0.1537213627490884
-0.11625096406775547,0.5679553214016243,-1.709904280168478,-1.8246778986436325,1.4544912295603238,1.0276156213987995,-0.7140486226504119,-0.15328895980711774,-1.649877581646394,1.5208008176232355,1.415907015776771,-1.3037149290415186,0.009831640650199943,-0.31534693116605694,-0.9083109788910548,0.9555328153758673,0.6957134633387897,1.0799420186694166,0.36840077265116766,0.9007405393580773,0.11786641901040223,1.1129746286630657,2.531898090500116,-0.43888244894270456,1.408594659721033,1.405129577023194
-0.6271961042794805,0.07550209872916018,-0.6476616883796136,0.11077255980139858,0.48706318617086364,-1.4538305488310637,0.2707126516143719,0.7366819896712936,0.5782520898534623,1.7383466655910433,-0.14972070392179623,-0.006283525196267376,-0.42643431509895324,0.38647589755324063,-1.3066677174324108,0.34954893598602077,-0.24957354850855915,0.252882718991765,-0.3212859337162332,-0.5354889023877767,2.281754260060256,-0.42762394764748346,0.977574994959858,-0.09321448847971298,-0.07416503665987806,1.6575400094480124
1.6701498289932275,0.9105116212430472,-1.5798481285765154,-0.2607656680582902,-1.2048414824159228,1.0742861786725235,1.0082177031754314,-0.3628647460647588,-0.6178705196603468,0.5775719798301955,-0.5324128699014803,-0.7768415178372574,-0.0025492934341388063,0.4769849223485727,-0.8966973342753117,-0.7081904726167294,-0.7056053823654991,1.9741885613831167,0.49067658856648244,-1.668589654635505,-0.30522167220825136,-0.2421594865506943,1.385856128505103,-0.4697673942142441,-1.3785368945921719,1.247242100375738
0.27302138046462504,0.45807457133874363,-0.5009803265085463,0.39333125886674547,-1.1204206989750776,0.952048037568435,2.9277242419192797,1.7656796925970586,-0.7075080725499938,-1.079018657590564,-0.7675801376960466,-1.066365065575912,0.132211809785562,-0.5639456946181497,-0.4121466923274565,-0.894279135481869,1.031548180877187,0.022107096748420752,-0.3872243331220037,0.48432512714712983,-0.3894410467869537,-0.6505676852575816,0.2812448944166161,-0.9353693013139414,-0.5378779904937093,0.2460720143119089
-0.7195698335243023,-0.3922507949651306,1.425282544375516,0.23118171050577827,-0.728347890504749,0.27706344116563014,0.5522577177767072,-0.734341273595222,0.5623308883107977,-0.21660987645533125,-0.2545060808957752,0.5593161669091323,0.3537615128586873,0.1884423075116576,0.1900105704170452,1.1128174593030429,-0.8920274373822922,-1.6297871060578593,-0.7597298637118728,0.23252706826439187,0.4414784399876268,-0.5798944853093358,-1.5653470906489113,0.7540724394529269,-0.5440769983944624,-1.2970509736072822
0.764658939586261,0.1306984876891656,-0.7127339075048105,-0.09032635539996897,-0.04172015075207165,0.45051004969154046,-0.7365915367796575,-0.19083477103424884,0.17403252513929704,0.2012662150840883,0.1392113234123266,0.4387084166654847,-0.31911979797966106,-0.6260007837083904,-0.6545663423632295,-0.45271559651291304,-0.4132423835304591,0.7367487864033837,0.06134442272552746,0.790075502458839,-0.1478170403622773,-0.10941891865585146,0.6683861440334888,-1.361071068949862,0.3820482513875047,0.44900892358271033
0.09875913320228354,-0.8421619999480376,-0.8755829030143741,0.3135909426442904,-1.0520354030446448,-0.6383131165683954,-0.62283230991177,-0.9527075879640858,0.37750469919296686,-1.5600531434778673,-0.8130225967146186,0.02113004641669787,2.9125582961517953,1.9530156337981537,0.24730583027850722,1.5395116556043424,0.4777919850245098,-0.8276193665656438,-0.5815195677546302,-1.1241670907554404,3.2102045292954835,1.4614614363775011,-1.8180300958400788,1.9707330669718743,-1.346444190627145,-1.9536006973557498
-0.7373739212925,-0.10556605401217183,-1.2957881797252244,-1.3445157904106042,-0.7348815476533896,1.394741457692497,0.02729679604492064,-0.40880816881797166,-1.0148760097795613,-1.631689700856521,2.1166356951631298,3.839483729784453,1.1361036464266088,1.6322286827773862,-1.2887460346618693,2.64469218965699,0.6860430694981678,-0.7786677392133914,-1.079683500849603,-1.6650827032223463,1.1780562935016092,0.1444004366254732,-0.7166224631253064,0.6580276027909521,-1.5767262403993276,-1.8321822998484565
-0.12733220570420778,0.30961866433889396,-0.6282769512763456,-0.5838890554614867,-0.9168508499421364,0.6020024516794558,1.5308698274009485,-1.4596830779900516,-1.266554528249352,0.6013659723881065,-1.610192404186426,-1.3663193545670786,2.006817936804546,0.17724542719690103,1.4794644675843618,2.0931263395660062,-0.5111478939428103,-1.0021993860681375,0.04411933130566404,-0.6692609780336417,0.09004977280153767,1.394927428273795,-0.6248795709258529,2.078533678576247,-0.8539752940160702,-0.7653107292984747
-0.10177558909713548,-0.49157194486664335,-0.01176604767341882,0.558864387793721,-0.6432597490920395,2.018853632658659,1.2799968077726998,-1.9924234106394796,-1.5055433735189856,-0.9690375364339994,-1.0928582277296521,-1.3375643381412337,2.406740540881177,-1.0816604524401192,0.49474876591278566,2.6024566690537756,-0.5111478939428103,0.3308546753386019,-0.5978067260067621,-1.4446021926385355,-0.3095657749950138,-1.0727100893222061,-0.8410533847010592,2.2627128972023187,-1.268548171890733,-1.7001806627532872
-1.4659678937048382,-0.3667168003704061,1.1297562601205755,1.086140165739266,-0.2253720202199719,-1.2066413695613427,0.28357319631421063,-0.0006408945963325094,0.6928644790301488,-0.7627093799690916,-0.2845947959278997,0.9786078990321666,-0.7339109246832292,0.0862936367737858,1.6181729245558403,1.916722202362521,-0.5561215421462955,-1.5765511857861538,-0.7976017543792374,-0.24992016791240948,0.5765343090156316,-0.12947577609643204,-2.0356257594134126,1.9707638301653683,-0.49693125161740714,-1.398843714041889
-0.6577440907246783,0.5082944733018054,0.5074010290448352,0.4875200711912172,-0.08395162602452792,-1.1312979471837668,0.5526851149030857,0.08740804283088789,1.5604319440848649,-1.1431093767260827,0.02576347838082851,0.7153924924723799,-1.1448186054630285,1.1490324220044255,-0.3423722482084746,1.290409826133527,-0.12538202622168723,-0.2697454530538172,-1.3234622690555917,-0.9231738904188702,-0.3891942126163805,0.5056697514702615,-1.171551321104988,0.7336092998139129,-0.9038487229333209,-0.9985628145424515
0.9466136166063294,-1.0924649017707966,0.30185036850720043,0.05342585335164695,-1.7414640275920774,0.4406388449568242,-1.555565183525473,-0.3492850905266362,-0.3700618479581436,0.8593986027938927,2.1764063596013505,-1.6864585374414856,0.8216814393579431,-1.4401488886415181,0.9214589033038018,-2.2163741704888484,-0.18705207990499587,4.000967020838021,-0.18660191827909192,-1.4147371977056062,-0.45405712803127746,-0.5060248334747626,1.5076157731266076,-0.9181538153432508,-1.7744962963173598,2.0910669201592818
0.45700796883375766,-0.7915611227426894,3.3081763793223296,0.5635426415371674,-1.4843501990017824,-1.1075999436344917,-1.9813524473945274,-0.22396781270679167,1.7183506727724058,-0.08768197648070497,1.575015222205824,-0.30658539304655574,-0.06276706386643711,1.3395777051083422,-0.8941558802110411,-0.5822145539839098,-0.6043809363372499,-1.010280409743804,-1.3234622690555917,-0.09760909925950083,-0.4310668160890856,-1.3122332257273204,-1.2282479462126512,0.17577202066865139,-1.3212824909941598,-0.4854673316155006
-1.311683219163516,-0.38767423217555097,1.6243314770240482,-0.8924725226019857,-1.3399814717184615,0.41195244923973207,0.8875884749317235,-1.5472721355127845,0.6459952415153887,0.10614554973897027,-1.227724757688303,-0.9567525831754315,1.1881945706406416,-0.25316125322088945,-0.3631856477326028,0.44322493256715007,-0.15446918523167566,0.9507997874292899,1.8682579670816402,1.8241773998199105,-0.4748358496991651,0.1272590243119822,-0.8539083156289963,-1.681154526703212,0.6747819874972953,-0.6504588913984563
0.0060553985169162225,-0.7456337038383993,0.9483403492304067,1.5656073577119463,-0.383158735763083,-0.8639413798687641,-1.9813524473945274,-0.6180193264389587,1.3682974908483572,1.6585706311980115,1.1828448962936875,-0.9775212640513121,-1.7190848762205637,1.605772309563962,-0.39797375836578847,-0.24482894284686144,1.1437876785808088,-1.7024761520829848,-1.3234622690555917,-1.340860631292571,-0.46938316480323844,-1.1922433395328822,-0.6511091633233279,-1.0395591331702174,-1.2847570362888374,0.23072147454174083
0.056954099987537816,-0.09974145862139593,-0.013015913830682636,0.3385226636685116,0.013530365132521274,-0.9484196470666177,-0.3777777448747733,0.23584804401631737,0.3888803999598166,1.2587162665483673,-0.09740434969338746,0.5951997591045386,-0.6917884792155762,0.10800861411308589,-0.36617107728106923,-0.41968091778705563,-0.3422181819773325,-0.29287058987458947,-0.5527786022809918,0.42088879285989644,1.2296908882994082,-0.6149149526793163,0.29584423344588673,0.17900459965906665,0.047055818298527605,0.946813400679591
-0.14823771392493582,-0.7137411798905928,3.2856121722588267,0.5847722343867434,2.27330745213602,-0.024994910018237816,-0.953590086331292,-0.7234280138011195,0.025564760184025547,-0.6111248361184537,3.08471435332287,0.9085494880189475,-0.7196518938474091,-0.4044559102905497,0.5907105659257575,-1.8652961785816018,1.1786206261440015,-1.8422268636262193,-1.3234622690555917,-0.8460150097156002,-0.48856646924023855,-1.332465712392424,-1.0342568744647092,-1.1374338998816533,0.519084631555676,-1.5581986705361426
-0.6487495176997244,-0.5567093927695327,-0.17749830012659176,1.0478103662338931,0.1755233742907497,0.1383580611557735,0.9264630131746266,0.46019486398974957,0.3888803999598166,-0.4446991882371136,1.1591752528115997,-0.7722827957209649,0.04642001214137554,0.12027055405343715,-1.0776984529989664,-1.1528001158522143,-0.6328814436057941,0.14198666404523763,0.6175188176359931,1.7777214984479461,-0.3855477496459723,-1.0134176631230811,-0.13665348522287743,-0.08751993518915714,1.1632756605203958,-0.1290148800887978
-0.4022169755112472,-0.2421690616784681,-0.015138267202242858,-0.7750174289073745,2.837339294863727,1.3058575544884794,-0.2507332458622405,-0.24634254047957696,-0.6336195541642904,-0.16712881735594023,0.4628296123062896,0.3066196736533291,-0.2741568401209587,0.3085506641052786,-1.2373772020310423,0.4606222279371945,0.8939642804662948,-0.4006939578037948,-0.16826546100850323,-0.690270223848742,-0.31563317436710486,-1.017808393736168,0.6813526272167129,-0.564361790653116,1.2771585551506837,-0.4772534268033647
-0.9185224614981621,-0.85711516031667,0.7112940229652313,-0.2274681970393024,1.1912405797659789,-0.34551677560038657,-1.0233311036891544,2.044129198067485,0.5860357883854317,-0.6751817283438024,1.408129181578565,2.779075700923792,-0.5192785605307132,-1.6232897201791896,0.7034656809410003,-0.19933174528589243,-1.6341398895838375,-0.2704561329640501,-1.3234622690555917,0.5152880998349467,-0.3379211743445552,1.4064015566174262,-0.009544634767355252,-1.229609159666901,0.5517651888181152,0.3775407556809105
1.7481395040852332,-0.8604299454075731,1.870423241923881,4.131758786190865,-2.1111500309139735,-2.293645575175049,-1.3516670571656437,-0.37625313884882355,2.6022877820574792,0.6011704818389212,-0.2660039850183704,-1.189486128553916,-2.1582296715057376,0.3551471500939634,-0.14855008251924684,-0.6619933880889852,-1.4313974166191965,-1.697010923477533,-1.3234622690555917,-0.5596939801012132,-0.3297057401157753,-1.3088260187715655,-1.862743134014216,-0.23125042643013805,-1.9164746968185853,-0.1004941366130858
0.31594066915990826,0.160347410152311,0.7315326826912932,-0.20778577851652538,-0.2204719802778613,-0.34076924669073677,1.0784875857329,0.11423037626320136,-0.6166048264276588,-0.24493417102462794,0.5906088166971758,-0.40160495367946347,0.06254058602004726,0.7519702660375287,0.7407649014973731,-0.33847589955030083,-0.3144722592643496,-0.4513336278357136,-0.8695826613311337,0.12501336804745103,-0.36897764095275554,-0.40630255979033353,-0.28889312815442075,0.9576982488297532,-0.33176209260849765,-0.22879552397554698
0.5807739296365676,-0.05625638080466812,-0.2696232158505451,-0.38201476046507654,-0.7831470746523128,-0.5806518755362441,-0.17362965732523503,-0.10626975729311852,-0.08181049971501411,1.7522849260285163,0.16788154483140014,-0.8447188591195309,-0.1589781886649605,0.30390584403995186,-0.28693033305098803,0.28839616851538924,-0.14370987669484714,0.5361245899699412,-0.29556344946545815,-1.0129797789738404,2.909368021009722,0.29832188899784645,0.9801326317552121,0.10855152649913306,-1.047170645405164,1.5175561828805433
-1.179759808589964,0.030795227896626014,-0.3138660361133986,1.1879459789566507,-0.6950217017847712,-1.0486425913126511,0.13548764286355686,0.3590688352896037,0.8290110141504317,0.48217819842930437,-0.6422728974302979,1.280027135809368,-1.1310633416246962,0.44953150949718074,-0.6589919588265115,0.6072669301605276,1.4919852112295455,-0.2292313142318382,-0.9843419939660107,-0.9302370455337527,0.7470858495110289,-0.8254592670380578,-0.5617969338570395,0.09091511866083922,-1.1635589365848102,0.25872284841746845
0.3827352674119483,-0.7982777249531383,-0.41467602679435334,1.5481834786463424,-0.40341755048496436,-0.27615010319827965,-1.5821768875172888,-1.0673093771048725,1.140137827630004,-0.16028964355418077,-1.3905948240758683,-0.07593799245728655,-0.10954078278695724,0.34547421885077667,-1.5445894246753942,1.5295617620309268,1.6218076821935563,-0.6215320086190148,-0.7905589796291075,-0.4716566545891999,-0.4341031233844751,-1.2454589945634944,-0.8546094223056249,1.6338455580102234,-0.708293115630268,-0.8719995971098823
-0.5932080292706344,-0.13278634438503747,-0.6084661059674502,0.6146295698400837,-0.3847322359356567,-1.0068572833563953,0.4059499301237167,0.31142118396229124,0.752487914394938,-0.211749446431498,0.13583660105262038,0.9741697327034167,-0.8671759499300895,0.5032776052485274,-0.09416728680638776,1.2463085781865446,0.37677237327850766,-0.6598776746492897,-0.5266942440878385,-0.4620746666821696,1.5857538770337354,0.7772368524415516,-0.7032703335331211,0.5257115156208276,-0.612620279469759,-0.33151590589404123
0.376293397466849,0.6474143749857828,0.6207569772599899,1.3788325748568913,-0.7019509093404104,-0.39633988211282123,0.6745483074322495,0.09516851994056698,0.1273498836409442,-0.4296808624452757,-0.08387161817431292,-0.4455894226741823,-0.6436873907367382,0.8735907256363882,1.2106776339633611,-0.529324070389818,-1.9666910746116486,-1.6324683172294328,-0.5355392536659385,0.8019255202617607,-0.3029553003401758,-0.7357478591514673,-1.2621864690017643,0.9207326276441687,-0.18100291376031094,-0.8043964336787596
-0.732628500225289,0.08428380549983665,-0.9264805948668914,-0.53702490563341,0.18574185724321665,0.5661594902558751,0.07155043197412939,-0.5544348866918466,-0.6059820439390258,1.0728552653957528,0.843680642623049,-0.7034135294641176,0.8216814393579431,0.4435853786031006,0.3531194307150686,-1.0431964333810069,-0.45906106668673313,0.7576946457397752,2.026215550196595,-0.23666980829773662,-0.18548021127256392,1.2831741990936187,0.6407984041531447,-0.34789478011871977,0.6071523670356277,0.6300807972606463
-0.6213216221791862,1.348199083679406,-1.5583380863144698,-0.22598198513247197,1.09348375952071,-0.5459093847620285,-0.8774595410673487,1.045395828259074,1.0978860381451239,-0.1995515672309492,0.06262788038522112,0.3849853958378539,-0.613090576983829,-1.8561725059616603,0.5419892199315172,0.942591744114723,-0.07421872242516432,-0.5240109320481912,-0.5866083379967494,1.067652242228707,-0.5078455695344343,1.6719001374576024,0.49124585721534314,0.28952805527728737,0.9889364144197055,0.1287643748515635
-0.10317742882663734,2.244139027705429,-1.2806407179213064,-0.8080502939594745,2.0896133835389534,0.5741038348950552,-1.6040725933333397,2.6372650597415834,-0.27984319872894564,0.9534568242893415,-0.26874342940426005,0.32252221142257814,-1.8061726626273278,-0.009023065823935058,-1.793798448658186,0.10097535478953268,-1.613894157403121,0.2709710086051046,0.18755465286254122,0.059988691324229265,-0.41271835519047045,-0.8164319248975511,2.7039897282016994,-1.085350220917506,1.3140984181241133,2.2342947620583895
-1.2980559657636106,-0.013778586772716057,1.0354369160778385,-0.30772364000814484,-0.6783586074247823,-0.85420570654917,0.14758387195074607,1.4590723719667,-0.16363167647487156,-0.6650858051126333,-0.7046330579840953,1.0221441973046665,0.32502958754732963,0.42178289865813967,-1.0677292507567648,1.7096548357097627,1.3361982460727324,-0.47525039376277917,-0.9681934094379355,0.18630651502689752,0.19063831881671575,-1.1369903854977972,-0.3282648599348911,0.056198415905224494,-0.6005958246517729,-0.0807935844879427
0.8665362179041683,-1.0924649017707966,-0.034103399253234856,0.42383559013092087,-0.11719686043992321,-0.711915096493566,-0.14719192611244578,-0.20199805738238272,0.9002776688619913,0.13870500598428692,-1.2681770319733365,-1.0107156514341298,-0.2327486460245903,-0.8578549627268709,3.0678537081067745,-0.3101582521651757,-0.9369599326940311,-0.2299473780807846,-1.3234622690555917,0.15087772897064625,-0.4593675409642272,2.031024418323947,-0.8576172740262713,0.6524105364908187,-0.3959709717926342,0.05398676575741787
0.31767238096644274,-0.26874080668135336,-2.2571724718554917,0.8559802830400741,-0.01850007076921947,0.20941660361646822,-0.8636608797382589,3.320616818651016,2.737255470158477,-1.6443903585360309,-1.0613331763518172,-0.7347873063144592,-0.5937763383023053,-0.2497334836466549,-0.8497360283939632,-1.784150793659644,-1.6341398895838375,2.2748439655344437,-1.3234622690555917,0.6468807337581658,-0.6257121425365226,1.6526570680479675,0.8493208841950551,-2.223029682828633,-0.09441855705284806,1.5428741828426524
2.2532932527202316,-0.7492465288168619,-0.8838302141941802,1.5231036527185788,-1.6864758162041142,-0.27615010319827965,-1.0499428076809703,-1.333244298059775,-0.9513257518715673,3.5499621439004447,-0.293055998329032,-1.9518283999672912,0.01462218016569604,-1.3714710768148914,2.4405991716445774,-1.1118033185919916,-0.5678646613994277,-1.2066584680439556,-1.3234622690555917,-0.19750533391582614,-0.4727944584043664,-0.5766629075781039,0.5262304274098747,0.292967561774731,-1.4890984752243486,1.7874887084116027
0.4418833459987717,-0.6316402331892899,-1.9715640485534736,-1.2183142429238603,1.1174102539863353,0.4199420289487364,0.2071345382261383,1.01646739862917,-1.2611229635841332,1.4038724486594585,1.0097916637026152,0.738025029324301,-0.2619226009561225,-1.2762186338385677,-0.8057181661860897,0.16941826851245007,-0.7729175898964297,0.8699266939012025,2.8503257320469424,-0.05525338990208942,-0.3429992453613942,1.2861622533497754,2.2986003518137728,-1.069505911940759,1.4934763261573387,1.984898297166895
-0.7720458061496417,0.37385024132035877,-0.9479174354144331,-0.3528935882759494,0.4933797190098337,-0.7210410649395408,1.1786132412671737,-0.5681592767785244,-0.22762559846954805,1.543595620093643,0.4410308340749388,0.38399172053201297,-0.3016358380356959,0.17647646199991496,-0.22956813728722264,0.6394682460475731,-0.5539081793551294,0.1550625330784856,-0.0735110980447805,0.10190809798190065,0.3412243592620955,0.9920181923739342,0.5485974069024037,-0.14566490288390874,0.31765044947638454,0.7331514640614443
-1.0394936574018654,1.8878433819699023,-1.2453939940678704,0.02600188288993177,0.766808958198582,-0.5567539789957469,1.1639102555577863,-0.4679535376663113,0.1025272989234228,-1.635867167064491,0.102664658692755,2.054010375623689,-0.4810937699141185,-0.6265986621123653,-1.4162171596219224,2.072555954027416,-0.34014256492788336,0.4502197223377239,2.875494302907862,0.4756119288028199,-0.4561194835834768,-0.40142006734858127,-0.23733298871577382,-0.42081584976535424,1.5557853607945078,-1.461442396642354
-0.39878033936622903,-0.0905081077438714,-0.023789029190414878,-0.6618331822303195,1.2015307713707442,-0.06886139210192527,-0.20350387194128136,1.3415011437550588,-0.6170918592622253,0.6666904541007015,0.15847532559664035,-0.25830953742359986,-0.6456198210790272,-1.0331692630022487,-0.9066246105456593,0.7459989151475734,-0.24049945976386367,0.9993709377528841,0.07268202137168832,0.4691152458267989,0.4429075979898339,-0.8958865860719706,1.6800684217061757,-0.3207370873764838,0.9583696979158675,1.5303351869701058
-0.15245944367204858,-0.029595101655386043,-1.933579906235435,-0.7478341337082501,2.6386722085588263,1.1335596907800205,-1.4405339469156877,1.609196924118661,-1.104658858873149,0.352648391577795,0.5743537187934683,-0.04051598633593366,-0.39191139208250775,-0.2083791023316969,-0.8128178213809081,-0.10870426304751081,0.8939642804662948,0.7091588103957708,-0.12013226067320766,-0.779413621022536,-0.06545159319649399,0.022689384030705334,2.2088561639307085,-0.4904719606059286,1.1312460964056246,1.3841225248262499
-0.5756460676336728,0.17806069476819034,0.4892050484391529,0.6913431532479493,-0.4281551777160535,-1.1062320055936714,0.3172420362173361,-0.4263993812302686,-0.45228758532071334,0.8016779517241758,0.630259119217632,0.6523530228604097,-0.8712757727265645,0.7933218178230385,0.846366122335639,0.7851153289317826,-0.026503845033307275,-1.0434548154794154,-0.402868411743002,-0.7904897072180801,0.3693375380474698,-0.8386665847222229,-0.6778429844629835,0.6489021839963879,-0.7618649043303669,-0.14190647637362377
-0.024992154313219696,-0.4648655912264588,-1.008369325758498,0.5670606883522402,-0.8029985532374995,1.4395189275471627,0.06242641917693505,-1.1577272502295393,-0.8220352760478339,0.5363290593964837,-0.4576868221910571,-1.4522010036256026,2.2123066244276606,-0.023859791416860208,1.0958534811940435,0.8956341426814264,-1.161932288530742,-0.8204750048234944,-0.641346058589692,-0.9936407691513043,-0.032197035845908724,-0.1879251820178457,-0.5383273263563519,1.9441378647671206,-1.154159900281231,-0.5601513987064627
-1.6823041719454006,1.0563805636799246,-0.48143314436903245,-0.1332552857280523,1.0191035702036582,-0.1705921234559433,-0.037541025383625616,-0.8071556500837724,0.8921381936970112,0.5310616211889171,0.29150272407960953,-0.601107735386917,-0.11763836732734764,-0.50055679640477,-0.8248563671460345,-0.16174710382248353,1.981923927737204,1.0193661058552765,-0.674710438449437,0.28643134518586877,-0.4786677051617504,0.8428146831832903,0.41515787401557597,0.04890417985471942,0.5349082215345234,0.028918677821279444
-0.32326626635843075,-0.2912742925652591,-0.1859973899959853,-0.4656731820212928,1.603067184203493,-0.4606359340549468,0.19288038938362417,0.8593042523662816,-0.8397887331250066,0.2682500765773559,-0.25219019098739426,-0.403026304301273,0.12425543468771973,-0.45820230252464234,-1.1749865543129308,1.253674500225052,0.8500545250160104,0.9284306339002442,-0.5978067260067621,-0.5486523446506583,-0.2880066936903054,-1.1021455473523398,1.3623655218257131,-0.4468202115584505,0.49127139133232456,0.9605802258938663
-0.6937597628682339,-0.236647660119427,0.8974047749916084,0.11179344823807813,-0.2484507729370672,-1.0896319886411687,-0.1233716596022889,0.28895871976512955,0.18305248711665195,-0.2566598198517032,1.1387332879861591,0.6028764521228298,0.11733881315380013,-0.17481223438124394,0.2872968018847421,0.036426460257310195,1.2531118646557653,-0.9566498899260264,0.8469074915177256,-0.20248990338261466,-0.18730491128961202,-0.5840744608529949,-0.6573426037369063,0.38184974170644875,0.0113206013624003,-0.5049108334615862
0.036905510629531686,0.5189387334106108,-0.24407450410350728,-0.04201305180049003,-0.9012837887273373,-0.754217710293881,1.3558990802277928,-0.25153603849996925,-1.013724630164875,0.7633509007027707,-1.5018318672258855,0.4978346832741845,0.8485274854017599,0.7971391074403044,0.7329242245035409,0.7378012218933444,-0.5164035017380173,-0.4712968366045029,-1.0162027147916728,-0.693941509189233,0.3351089579559704,-0.3408982365777915,-0.3094390874141195,1.930004490845157,-1.1783772370634233,0.2469153923615502
-0.07792896508542646,-0.13045136006049807,-0.25403663681538136,0.06865681333113555,-0.30508096807583235,-0.15210021459597164,0.30298068358178776,0.3448632870899557,-0.017314478477700318,0.7450272680875111,-1.204333672991095,-0.25227235869643266,0.4301602715072405,1.0088584352782906,0.10676890440048399,-0.43700202062263294,-1.5991162507018681,1.2299447808752335,-0.8878041054368601,-1.040770783052759,-0.35929479714165985,-0.08402293278975716,0.37736609006917465,0.2419618106261436,-0.9594557759779211,1.1785151511906957
0.1194070343710287,-0.1759429600857416,-0.3427813656325644,2.1264496180489303,-1.5570992873242278,-1.137203720985211,0.13277902967435326,-1.3940875449263694,-0.7083045065103405,1.7077369865690102,-0.1621603734225072,-0.6471239993710154,-0.5916004644035523,2.4631196822670693,2.208801354141711,-0.2678622946023452,-1.0090564282768437,-1.6823280306780004,-0.32732593944614136,-1.0916428123289859,0.2992775482222114,-0.8913904779241703,-1.4752616486220649,2.108141548553717,-1.5501743728550594,-0.13508779800061937
-0.7792045810298609,0.21676544804023865,0.442850832294072,-1.398613022084633,0.11915253787084762,-0.9032064464358681,0.18988062001720885,0.596104747675957,-0.1870160632758697,0.10414331259994909,-0.5856118773774436,1.936000677525984,0.5125074388930577,0.43087929757557386,-1.6569245082191395,0.057012656277270805,1.003302479468328,-0.21659349861963503,0.7846231496028183,2.275666381456823,-0.09863183336938337,-0.5728341904834925,0.26378296388852407,0.2127222470538519,1.4253257318012922,0.18889887810831724
1.5663516149261256,-0.36296754818604976,0.19911173934429946,-0.2758879938120175,-0.5099445282660746,0.5928530436842026,1.6480519051424334,0.7034639249730658,-0.39636174939396146,-0.8370145346766373,0.16762681137097815,-1.364462480812642,-0.003017207560049711,-0.6589282197944776,-0.8771862819479507,-1.7506574692559045,2.9044153713413157,0.7354863668369835,-0.8829813213377599,0.3307670633374428,-0.3732649829285285,-0.7213813885854469,0.7478795669533241,-1.816984354767095,-0.4048728880949155,0.3263730415910519
2.2373315632885067,-0.6818859135642206,-0.5629558549275189,1.213004496621094,0.5498827497456188,0.9264216473242268,-0.3100379537029109,-2.124835628191891,-1.2018749147515346,1.5206343972241056,-0.7777168349321909,-1.9847537615761972,0.44106973983952885,-1.3739671551263475,1.9971637762716454,-1.661620179044511,-1.738774374592588,-0.7281672044955224,2.395239812923613,0.40870216581613916,0.16148957845725598,-0.780392808025335,0.11934531152801996,0.01940641535396652,1.2498851983759047,0.049269486679048374
-0.021564973463415075,0.8058293091349162,1.5082769388444432,-0.9889040973054211,-1.3142305168905335,-0.1462660046675857,-0.8774595410673487,-0.9770228298670969,-0.02882834811834906,1.1266289658510098,-0.31676825690998195,0.7645693626691467,-1.2998190634380107,0.7816584009595311,0.07101620865385903,-0.13648445043829885,-0.8640522247839858,0.7907176557955037,1.6239534551797783,0.6127641249632574,-0.3969580353129468,-0.2941106111647372,0.10376523884863581,-0.3987628354294638,0.020990391798179037,0.5715792625741306
-0.7112851194865519,0.860066286589365,-1.275265930145955,-0.5172795188712345,-0.5032109711520094,-0.9775242352640265,-0.6566809598019129,0.05257212336077183,1.7739146699032073,1.9362970807852584,-1.5308358962546307,0.9164029494016638,0.6230206986336977,-0.6533216124055973,-0.19272867766162985,-0.9997454060807164,-0.8640522247839858,1.1143431543416442,0.44498716548563,-0.4789673564738232,-0.5468114091531662,1.7668007406330661,0.6645785004518863,1.4742860327398837,-0.3959709717926342,1.730712351024379
-0.4191100915341899,-0.28637404419091333,0.3569437042752536,0.5776632422857388,0.12039981487744122,-0.5657082311153312,1.02650253590063,0.058644439598682055,0.39704901623078026,-1.0582710722347672,-0.2401928897494821,0.9247607615153806,0.39337617265888186,1.4340980454604053,-0.8864848858335639,0.41485723259373186,-0.8857907615461554,-0.849677646468189,-0.2283215641791471,0.36236699619328455,-0.27586326436329783,-0.8912851003894563,-1.1671657428110924,-0.07620877425262057,0.17946849853649552,-1.127845342148084
0.6842462045984371,0.514801625232995,-1.5755985836418185,-1.857045179272511,0.97665243776417,1.8437630802124487,-0.6728354901384082,1.4409109627307555,-0.5014987735752205,0.7963606431065938,0.03486718741240107,-1.3722106262250566,0.2838438242264493,-1.422281490442721,-0.5566414824732447,-0.23447185722322614,-0.4248277405454215,0.102026808279632,3.917186665011688,-0.6786743347854843,-0.460678019422176,1.7970000089819318,2.318425574455197,0.08656320251404451,1.4280533905358153,1.5326463978014433
0.36174723952630133,1.0332746984600245,-0.6623233984423559,-0.6119176577126294,0.15533362974756854,-0.5111017355279962,-1.2602611134227413,-0.462521895578401,0.3673389683420333,2.1308335800353113,-0.7267608568902818,-0.784378114884354,-0.4760217863407566,-0.5185369621938822,-1.089704373978822,0.7859516513570263,-1.1697942256970786,0.7091588103957708,-0.36079826234968476,1.4491713083223106,-0.5665551995074533,0.5037729558454072,1.5372947654365896,0.012282602340800633,0.6935087201704577,1.622760467342867
-0.44139462756445474,-0.30394269108688526,-1.1119550708179655,-0.32521521091161076,-0.8541328899811785,-0.6455128118009512,-0.6057320564329662,-1.042079653834792,-1.0966069049465017,-0.26720288187399666,-0.7953910762670071,-1.326062331570896,5.258437982199423,0.018716538650017066,2.363567912780799,1.0690160556659052,0.922186619012119,-1.0701289608448026,-0.09915112206551518,-1.612688510273868,0.06413883127467113,2.1915825336879755,-1.1068639881115032,3.161338112019811,-1.3238245556073518,-1.2465665705455857
-1.2964077059736578,-0.0380980600563092,0.1446240051953168,0.1818345621017954,-0.45576632772630565,-1.2744752524094012,-0.693771761454506,0.16641590818911067,-0.12112879064105272,0.7301707854349294,-0.001110670680373309,3.040858494963043,0.11127063052804169,0.37074765360297535,-1.1015182002229993,1.015504092522059,0.24676961293346136,0.04832076213065785,0.20447804238802397,-0.9374945786773969,0.1365805144445356,-1.2026757154695762,-0.16122019341124083,-0.18476684521112585,-0.6661619353994778,0.41613352438800055
-0.08301544976626074,-1.0924649017707966,-1.7207565365750932,-1.5937842220088623,0.3643140347404287,-0.7935572498041585,1.9275142373049916,-0.06678373187290375,-0.2874185351296379,1.8497921210777557,2.824134191189647,-1.600052070050381,-0.5624302788027831,0.3492271047429422,-0.5651834000228467,1.1752803056135461,-1.8351589899792589,0.23697320643889072,1.2857254212511293,3.1183773610483594,-0.473985751614978,1.803693250515718,1.4602558860535968,-0.47435954755613796,2.135091919138008,1.3832926859799428
-0.34128340387968564,-1.0924649017707966,0.632247417223876,2.4572591646613655,-0.5912839993700892,-1.1872459847487282,1.897837375273651,-1.7794496372324797,0.014187211964594906,1.148128867175092,-0.2138951177301542,-0.538037655827827,0.013679511249569684,1.7205202126897459,1.107769813522769,-1.6550775798993678,-0.45799899255179277,-0.6957834139907263,-0.8055866211964487,-0.8377467912627987,-0.0660119333816125,-1.0252550728559628,-1.772827067345044,0.5566995926991749,-1.0030005615508095,-0.4668405776777657
1.0772786911019805,-0.0390344426866063,-0.021050133409967683,-0.598881263922641,0.1879743144424235,1.228847949007288,-0.2343389846280683,0.7514870938309206,-0.46670598171417077,-0.5688786503431448,-0.24870607242185452,0.02158262830309976,-0.1575078244249712,-0.25998026196537005,0.1981705562812196,-0.7147242147554121,-0.9608524231192591,0.15014897916609873,-0.47536040879603597,0.7630468777365674,0.02683103635175091,0.4760235383706982,0.5330177616725463,-0.6900863356142137,0.3410381271095739,0.24446717196958623
-1.0785131658723557,0.3479269584948966,1.7248348725252738,-0.02814525261668492,-0.8135755206738728,0.48006034184108154,-0.7598316084259279,0.665627197970106,0.4107749698008419,0.3668499546634162,0.30519262390182583,-0.4239640416714582,-0.7904016206174906,-0.21120385515375695,-0.8153395568326196,-0.5882540552196398,-0.2619660303629167,0.23697320643889072,0.30728003738610865,1.7089699157504892,-0.22309014136422134,-1.194175261002641,0.16655672027577936,0.06558620985501722,0.45430796812938096,0.535880781750981
2.5407616990202997,-0.7662375373789378,-0.2305615122072024,-0.06735461527473006,-1.006836041788525,-0.13993502042846592,-1.2436022377204228,-0.7895258705628705,0.9104721600339717,-0.7655452392445629,-0.38813980749026783,-0.7500082475586843,-0.23063040507246568,-0.0572240617167923,0.07754454742404439,1.268040466919746,0.9893194589688932,-0.9836152137087059,0.055403007876301515,-0.6573195291838415,0.07193333495206658,1.5718202402381354,-0.5509857398131035,-0.17222127732435466,-0.897563107201381,-0.9192910361717146
0.34446298126753344,-0.6079213164240652,-2.1307266373905116,1.4508147426914968,1.2947478012021458,0.15229110869708598,-0.008955563295229755,-2.264016521401933,-0.13487205506079336,1.8974970620929226,-1.535857315718832,-2.2721023719811946,2.4431036614455337,-0.28743894896323435,0.46303197980555666,-1.6061764620240888,-1.3518905644761996,1.4436202011160715,-1.3234622690555917,0.050843509517701134,-0.548288037229275,-0.302716443166388,0.48203200650902905,0.448866776610147,0.38451763106327674,0.7288628204451394
-0.36672329797298864,-0.019985067296295518,-0.2786267112307672,0.8986477337323698,-0.9915825963435617,-0.9478653486110863,-0.849512885210964,0.32127486205838346,0.29227506467572556,0.40137595898996986,-0.3798866016317882,0.8414471281033329,-0.5739731315528946,0.7019033688370675,-0.49687674599341514,1.0736299299326095,0.46852400975630487,-0.4104420833834346,-0.46002402795951597,-0.6507225804973787,0.030924200801334997,-1.0397620468016018,-0.34342916573673316,0.07044747103008397,-1.0416094149244686,0.2526074663099368
-0.5982797464768541,-0.35863497296060204,0.09028928201663716,-0.18751921818955553,0.9639396436054886,2.91950606303241,0.40836671730484464,-0.9704711597861051,-0.9813913348123673,-1.6028374272861416,1.482194719262594,0.05612534439604368,-0.5786776795557244,-0.34538275980608446,0.594226315614429,0.8910134918823613,-0.8112793849827287,-0.6273963049829612,-0.7917458466434203,1.9865465013818544,-0.12350279277973612,-0.5671789294538367,-0.7194759797527548,-0.8964064138828951,1.3018564323547477,-2.0408661379805486
-2.176404932777935,-0.4648655912264588,-0.24407450410350728,2.621600028354613,0.018158736822755834,-0.48425012040460014,0.5733711358198009,0.28895871976512955,-0.19622591407749349,0.21325951599907408,1.2983752990038806,0.07047296617763983,0.2256992171852069,-0.21921001172371002,0.4854724585781983,-0.8716792203535446,-3.2335527318604522,1.4264105993682792,-0.18660191827909192,0.6907449450659051,-0.5829704571850227,-1.203413358212575,-0.45883511335329685,2.5129549757963985,0.2932916904697306,0.4694713590522204
-1.386011349291794,0.860066286589365,-0.6383535787667959,0.23177128217129778,0.18108677056487069,-0.5459093847620285,0.005654783994394619,-1.4366634339866813,-0.6597884044258937,-0.07391341146528996,-0.8479228491232659,-0.9056000913885408,0.9320485175380793,1.2459166405776607,0.8245730266981123,1.8390550442049247,-0.3901521233686928,0.9323038114094403,0.8870995241209358,-1.0248330971923636,-0.35804361423796055,-0.12195884528682821,-0.5118571827260477,3.630865238170137,-0.12792438091282657,-0.7401947224675451
-1.0114694421345984,1.9334603454965462,-0.3415610884982762,-0.27906098180498695,0.18574185724321665,-0.12750723376519355,-0.612750527815423,0.12939776719218793,0.32528188756445686,-1.177093340407635,-1.0378144872286708,-0.8602824137158251,2.311636994789783,-1.6494526961131426,-0.9314834867800137,0.29463782823319873,0.35696589365847864,0.6323104044344304,0.5036347232637828,2.5831723471998242,-0.19221131853182383,-0.2850130173344221,0.23006234986321725,0.08695063422842324,1.530272003994147,-0.7246576610858989
-0.255973678915686,0.1148253750015171,-1.1358907082156553,-0.9709031591972461,1.6210720947375412,0.14269751413047224,-0.6162329754479398,0.8054002761844209,-0.0529107930155834,0.6473071468230746,0.4605594014872121,0.9198800544413397,-0.6296035138718495,-0.6069280062258533,-1.0288316051634026,0.6563165681317192,0.47806180288833267,-0.027918982225314897,-0.4122383237767178,0.35858236783477637,0.16360581131644064,1.2995487364173457,1.327848077690308,-1.2057500707638045,1.0036005408927735,0.8611686664713673
-0.6108607503992598,0.13354305371116526,-0.040939667783243844,0.4640350964480515,1.30036447213279,0.6686347294412683,-1.426838801425526,0.09105366231031826,1.1702053801471517,-0.7634623593884432,0.07321567956555246,0.5880186804220341,-1.1880260540152368,-0.3441432921525086,0.05962523349737614,0.647245308038493,-0.35708932559553297,-0.8161205753580066,0.7123109172186054,-0.6313019817906251,0.1668108963913065,1.1471579693534706,-0.5423669823142996,-0.13117538525560118,0.66998175007823,-0.9161818376264506
0.4046665774497593,-1.0924649017707966,-0.39742418742112157,1.0832204136934267,-0.9440319882879767,0.351267551674709,1.0326472856111406,-1.2600374939766836,-1.2568204320234821,1.805012266333502,-0.6599299316545193,-1.9266383122808044,0.888645733984093,-0.732278708316137,1.034129557558733,-0.7529661830221773,-1.4364596506507727,1.99181369499238,-0.6528423992155216,-0.04656808994958628,-0.4922263134130271,-0.9507531558131047,0.6010059260125891,0.09655991273140273,-0.7754526622516881,1.4314830442117206
-1.344326692162465,0.21859334381658954,-0.03256434403443737,0.5206722019451185,0.5095019171131115,-1.1989810695530099,1.1083917815191364,-0.15881442462804626,0.5846705847162119,0.28260952269694706,-0.18646256787037271,0.5610646600328938,0.02599836787078173,0.24359613847969014,-0.5531339935168265,1.431500611964965,-0.01797926885406479,-0.6298034297731894,-0.19850621514586161,-0.9591005734409161,0.6158328626468526,-0.4756058517872965,-0.5764729012600208,0.8768427152369588,-0.23177489256259226,-0.35084219762917856
-0.07237908017848248,0.007667445594069145,1.2369403840307163,-0.15129921652546738,-0.47731656578932274,0.01972944269050677,-0.48860911830435233,0.7940130871746403,-0.027323554280267517,0.057387899902494426,-0.2128935214902601,-0.013609454140247841,-0.48669355589606034,-0.03250216343377425,0.10844244460847732,-0.7049152389391974,-0.2429978347823081,0.8481220117563176,-0.9248968706197571,0.22090724932223502,0.09206200520703743,-0.8675751550787872,0.31069223728057993,-1.028320862114592,-0.45235472880574634,0.7846504976583918
-1.7540096662719236,-0.5417858409867676,2.6148078371447667,-0.1674442793871179,-0.7840462560534587,-0.43169375579910435,-1.2341491709669383,3.9584161694648623,0.9717191347250915,-1.356192527691963,1.1247257020612058,1.32495794879891,-1.2285638096206895,-1.4585139859544878,-0.14361104662476204,0.12894933386572266,-0.20402422838385606,-0.10567539466917095,-1.3234622690555917,1.373022816771809,-0.22694186248786624,-1.0071652627300451,-0.02212546866913992,-1.1615261191502828,-0.18765621174955027,0.8560676933903542
-1.4359517159073,-0.573583582029415,0.637142809953147,0.8028979428087137,-0.6307310227580418,-1.7863772621890308,-0.22120824636103353,1.605650674855229,0.7359179518494567,0.6660656476899317,-0.03595536788833597,0.6330599568378326,-0.35151191137578935,-0.3557244373318426,0.13702659921088506,-0.2515161949818069,0.0408357641389161,0.22851391078178557,-0.8535003130259363,0.49456485039821874,-0.36959502967647706,-0.6908921552081718,-0.12963635383191913,0.2724098981662584,-0.3864732579425605,1.2077641716699425
-0.6943394683857769,0.21943871062280346,0.14258744625246855,0.014588609893524042,0.029835661752513228,-1.038333678213772,0.8257136643302513,0.02799226134567866,0.177534654327457,-0.8729566900177906,-0.6607231011347293,1.6359267382895262,0.2695080175899408,0.06536410323324368,-0.8138072067143356,0.4197692222397574,1.763081568666797,-0.2814776573911965,-0.1352429897218077,0.7047170062481573,1.0999215570403136,-0.6380628844715105,-0.7013466287895863,-0.17484499775612147,0.32258271478485917,-0.8455380746466177
-1.8856734762286496,-1.0924649017707966,0.12479365306588969,-0.2372289941571345,-0.2473699235731758,-0.3417672257408133,-0.16887963497895658,0.15096005808042334,-0.3089843576757531,-0.3608437942274036,-0.3449666184657063,0.22084097774864672,-1.0306957376654262,0.945631673551929,2.0732879565991476,-0.06693899923009992,1.0891846796979656,1.7268809433973038,0.28965039082998195,0.8709438671949993,-0.5221311259602521,1.7232548299400399,-0.6196861608108895,0.3008374213157374,0.37013516295168236,0.13816275124440364
-0.3828641594367713,1.8186885266577577,-1.3622338817398965,-1.2964126814014183,1.3820430481965031,0.2601183481031483,-0.5449616777157886,0.7862249815988744,-1.2559967880968785,0.20158230358711954,1.4887916735912845,0.6913965497860063,-0.9854132503626023,-0.7311217336121403,-0.9117853040363875,-0.20048896985571638,2.675924436390493,0.495848037391264,0.5941335033385042,0.8429484734590271,-0.3936566349764928,0.03407015777982671,1.9317249974540411,-1.4206951016174634,1.4060771933993264,0.6997790369431364
0.570398351303084,-0.6582911474044721,-1.1692692918734837,-0.8861386004973519,-1.3361238885955908,8.13062340790625,-0.999485770097659,-1.217408809064045,-0.9460365454279986,-1.8256735247249873,-1.5388348777730068,-0.42642396224953577,4.927239792685503,-0.9338972196179115,-0.15350621077806745,-1.2570028099133368,-1.2664856930429464,-1.2756228604066315,-0.8865283860704802,-1.2534093810071547,0.8735701036820306,1.4039314317656735,-0.8428057220514441,-1.6927241509189492,-1.6692903921579847,-2.3785304809738244
0.19684130613907563,0.42049772186287476,-0.3415610884982762,-0.4510369310239357,-0.44269484433350986,0.46706424396715085,0.07155043197412939,0.35734198515353294,-0.6059820439390258,-0.22519200718312435,2.019615098780374,0.7084064288012515,0.07670366164202268,0.4435853786031006,-0.6979193199627262,-1.3519274168304387,1.1729928540036898,0.7576946457397752,-0.10539760750934224,-0.8006382393972487,-0.20263273047808705,-0.7168852804376461,0.6999443959708946,-0.4832442810284712,-0.6852151247063019,0.3507366336206568
-0.7848916172834872,-0.87058635763896,1.1758816039495956,1.23050568356134,-0.7727828087980531,0.1734486994079684,0.2766103155474292,-0.9853799317601803,-0.3770855220543315,-1.9127991458535758,-1.748126411250974,0.005401429006561772,1.9855524456211986,-1.1367640768013354,1.9035293798069297,1.1463334032261328,0.9669254397751013,-0.9377367114395636,0.08325887205674377,-0.13159824874384307,0.09151466881535165,-0.8545083407742406,-2.3834160366617785,1.4511821187456084,-0.4934424593852915,-2.4229860155753786
-0.03413472358620097,0.6174613634847343,0.11551672935264762,-0.4963479595606646,-0.11530566447018531,-0.22284437690125145,0.5172794004598057,0.41125693491085713,-0.09629627543951501,0.3157905686940605,0.7305468286773742,0.5509113214587184,-0.6593522265204133,-0.6373998545961567,0.26617388757849336,0.42815422160786987,-0.5519024573846913,0.08097011781631883,-0.8469339783109511,-0.057310586697226315,-0.04300606172796871,0.9325359923147531,0.43804531457058266,-0.4892062946012189,-0.3526340978180528,0.4813473455091421
-0.343110806806697,-0.902008463599827,-0.07445911738197233,0.6026885381788714,-0.5480397249446373,0.10276033275542519,0.21526681851952642,1.8679665278857986,0.6191952439811627,-0.10514139237814196,0.5840234390091197,0.48262404626555666,-0.7716236343697476,0.05038458421999136,-0.11873418953141757,-1.3352714100162115,-0.18264962231546505,0.29674448695249683,-0.8059608088032834,-0.1997238995166509,0.2335545489556983,-0.3434624232558341,0.13695584636591188,-0.9154863790729849,-0.6644049132372981,1.0068206756783884
1.3336543770001055,0.4672493611204569,-0.7690022662291875,-0.9191371478329082,-0.1414914548204043,0.5139732362931738,-0.6586405330084107,0.5117775647782312,0.5258618112728992,-0.22928840883228807,-0.5771821736333164,0.09299772904455217,0.3103357457777848,-0.8072835299551276,-1.2120368942587678,-0.16693630481348648,1.3091582994577429,1.107880219089613,-1.3234622690555917,-1.026448084590939,-0.2948957808473116,1.3067599073555327,1.196432416833143,-0.9846774791693356,-0.9883697983820322,0.7613592734522359
-0.3174224379358793,-0.06637260338948316,0.3981900519090902,0.022045697450334915,-0.2502496952347545,-0.6205832343298479,-0.04763001200305922,0.3253982452662166,-0.48224316861122757,0.8264209158381024,-0.5389578632671205,0.17483510278246756,-0.38987411609701333,0.3114125590059674,-0.6655920996419945,1.4996501096552035,-0.4664024857071397,-0.5759771804630934,0.328722323768387,0.30583269635854166,0.8693997410418915,-1.130983866019094,0.21929282209509654,0.27018326856182623,0.10279046158320175,0.5109389498406194
-0.6803140794299178,0.3479269584948966,0.15865695929783433,0.8007224370615268,0.3643140347404287,0.2677907432335416,-1.9813524473945274,0.665627197970106,-0.08793467657807233,-1.1160922117509227,0.8089809373593903,-0.2559514661887547,-0.7904016206174906,0.3492271047429422,-0.3150272432130742,0.293513125196953,-1.1359621190386624,1.5798863920043296,-0.6711653464789115,1.1049381534799738,-0.48171622406545606,-1.2833949070605655,0.3059214835097346,-0.44311169609093043,0.5531776123063603,0.027433639213602715
-0.5242019375860073,0.6548286332674161,-1.8880528136698427,-1.23795718351064,3.037511434852756,-0.20257939004452996,-0.6265747896293534,-0.06400944804774106,-0.8994712829583051,3.2126665268591146,-1.1660982460821971,-0.17576364607200995,-0.2619226009561225,-0.6187900078059015,-0.3121845596129634,0.41625912474358095,0.1591411759990331,-0.4619520651394853,0.4851791980888397,0.11652254249185685,-0.36761378466302747,1.4962822286425508,2.2377999266584627,-1.0857356104724616,1.9890344902402006,2.0389363768168325
0.8234838530105344,-0.18143364452901606,0.9886590792109937,0.12591464054931126,-0.34133408601468307,0.7867263287694866,-0.7451958748714654,0.5154323298686592,-0.09528892021130952,-0.13586402283361057,-0.514333987390894,0.5616581177270731,-0.7163371985071825,-0.6366923373794762,-0.4568208251835907,-0.5618416742394192,-0.5801489382218288,0.36940796298774053,-0.2232748328202694,0.09079573234069024,-0.1483522373889442,-1.172362111316825,0.3418249551905203,-0.7051081426351997,-0.2236553062270421,0.4669433889965317
-0.5932080292706344,4.570638251969125,-0.7345538818396898,-0.9347192882022287,1.040022998449079,-0.27615010319827965,0.8128764717461441,-1.5659373538953143,-0.2858600674847037,1.4298182653549445,-1.4934890889896342,2.5320072082273533,-0.8545185605028773,-0.5702299388375797,-1.8511423936230844,-0.27136897475742666,1.2647958870425262,-0.18268716405030877,0.5416992439371031,0.18630651502689752,-0.5605233637665968,-0.4822797623191885,0.997851256147379,-1.2766337574685303,0.8667797649302126,0.003978488292979917
-1.1270972649359068,0.1687394543470112,-1.0538195304638869,0.06571376806457994,-0.5599629369722291,0.6415477398248083,-0.697878876880152,-0.7676554350719561,0.16309046600117086,0.39257084152108135,-0.44928461108486134,-0.506764497531355,0.03749430492013246,-0.209863111230559,4.442727413814898,-0.6694694534159047,-2.6213372898406955,0.7432964553506448,-0.7523123320626133,1.056769751385036,-0.4341366579755278,2.2666026158791595,-0.930909638385029,0.9801702882487526,-0.038148010761694766,-0.05668694879920495
-1.3522750378015318,-0.4060281558629272,-0.28672488477621877,-0.5836017252135418,-0.7241821169147519,-0.07383064202546816,-0.5842379878241917,1.4590723719667,0.9500047749480427,-0.5136469566450973,-0.293055998329032,1.5711852921856437,-1.2890889308371642,0.2310111991397322,1.248448736848005,-0.6915861466747093,0.4317683650234564,1.8652554439369848,-0.08002126039379504,-0.5813171828585498,-0.46478865553943094,1.9515023343868232,-0.08426026128305432,-1.3121525203087845,-0.7352174383748906,0.894085252492662
0.112962323613511,-0.05922213441121638,-0.27736260609196506,-0.8704904657042982,-0.07482945804469425,0.4090572705298492,-0.11204250845721396,1.472044807135232,-0.3107032363891413,0.7963606431065938,1.8016370044682846,0.0847569621420234,-0.5592529778715675,-0.9219943408763995,-1.13086753162404,-0.47342461839709515,0.44453951867113606,1.4549533534865682,-0.49161323190205525,-0.9611170612548336,0.036435466291987,-0.4424470541972654,1.945199940233537,-0.6988033759720186,-0.6649515229194078,1.9558726941698072
1.4023775176773332,-0.5304356684475091,-0.5292591390493993,-1.5085606784598584,-0.3582779739724571,1.2716584824905224,-1.2187483927036833,0.9748326651532955,-0.33633248765294294,0.9269056715635013,1.5211592994539858,1.0057549108903092,-0.8239411144025971,-1.0793341160598375,-1.8831703157519475,-0.29824853799307377,-0.5053431927958644,2.19493490428462,-1.0689412950011516,-0.0739326490749917,-0.12854768917643278,-0.4202475202174975,2.481219611904359,-1.5176759544187761,-0.5708585129636805,2.276502666230504
1.3106813527822718,-0.5523179541711617,-1.3292120582682336,-0.8570129422948963,-0.3087657112106008,0.9576669387080462,-1.2484399440133678,0.48252446550935346,-0.33728949976752914,-0.5599888993455459,1.9425046426389099,1.0041428499315201,-0.6194231142564599,-0.4914193351021063,-1.0654957136423922,1.340611651941658,0.6994296671804032,1.1770124363346977,-0.8342395771230816,-1.512532816358928,-0.4204600128962192,1.076361003844319,1.2902731066546083,-0.7105522807910133,-1.1770411607907618,0.5263690154790224
-0.8960869834135048,-0.1186039026502726,5.2151742220035695,0.9722123038915016,0.2507525505097748,-0.6947420918316829,0.0007606775131411888,-0.06317579625791352,1.674008960776397,-1.6694560989720368,-0.6242099543733358,0.15125142611415154,0.410659217169849,-0.5307599320406677,-1.7771468493943314,-1.302246568919036,-0.2395779532145725,-0.7123274937021951,1.9107094184982438,0.24302747792483687,-0.15408290078982975,-1.4862817872300826,-1.8013871867307805,-1.4400059924559232,0.8458902041800717,-1.6714879386816814
1.5729100194638783,-0.02095388376826884,0.5215518416310218,-0.9390012097020908,1.6776403683034125,0.9278974218301602,-0.3457062508243782,-1.0835249210655373,-1.614472740494017,0.38267403265869154,-0.9020562004202641,-0.2723429369675551,0.2160084493449999,0.12027055405343715,0.9693110740663682,-0.824825737770433,-0.24278075036759567,-0.8570097300949056,1.3453867251453375,0.1301389273767429,-0.06025551399982646,-0.5561494141537618,0.37700300631956274,-0.7472874549131105,1.4574731383153061,-0.36701994079620903
0.036905510629531686,0.5189387334106108,-0.24407450410350728,-0.04201305180049003,-0.9012837887273373,-0.754217710293881,1.3558990802277928,-0.25153603849996925,-1.013724630164875,0.7633509007027707,-1.5018318672258855,0.4978346832741845,0.8485274854017599,0.7971391074403044,0.7329242245035409,0.7378012218933444,-0.5164035017380173,-0.4712968366045029,-1.0162027147916728,-0.693941509189233,0.3351089579559704,-0.3408982365777915,-0.3094390874141195,1.930004490845157,-1.1783772370634233,0.2469153923615502
-0.11203673911715016,-0.05001180968020172,0.394380007932744,-0.15333393192401537,0.4555790850388732,-1.2116204253668053,-0.06170139334082299,-0.3456791932933492,0.8114332280781393,-0.15909182215387221,-0.33863176312699367,0.020842132742071594,0.8115800457617948,1.3038595025330817,-0.031799594486077394,-0.05769922632491025,-0.5588284306521023,-0.5888045964816875,-0.2444083767931513,-0.03487319453331592,0.5188017845793808,1.1565205393560878,-0.7349121180233521,0.25695495814596336,0.17646751042525963,-0.5461331950026084
0.22223530880632486,-0.2184870820472495,-1.3011704112807396,-0.6371541386667235,2.7361613623158725,0.28411917389566027,-0.3211209410616085,0.6986536855227083,-0.44245506180234,1.338432753348672,-0.012848804753081984,0.663883960326629,-0.05569291954356501,-1.3565939204068247,-1.473575385891756,0.20346528316502002,0.16042677429682017,-0.6471409915911936,-0.3735656894943254,0.424534559198243,-0.220348754872476,-0.49527632493392565,1.763618730932523,-0.6379291734106057,1.702897824698591,1.1569461359963686
-0.5653239350797034,-0.21830871922689754,-0.9264805948668914,-0.46823452594583054,-1.0082878757525635,1.0616357216994952,0.7558513917636813,-1.3066508059642845,-0.06584896366700607,-1.3501663100848187,-0.33225381353427585,0.08093089179442069,1.8433652487969192,2.196504766177955,-0.043939652874320466,2.4145905812526323,-0.36113783144530787,-1.3989143047121506,-0.8362364044370918,-0.1614740174844681,1.9006247941516663,1.4545291505032205,-1.733058836336586,2.1191750890281416,-0.9252262303155179,-2.3251543951897076
3.387547962032623,0.41664794419459544,-0.5670453256861777,-0.9709031591972461,-0.6825561808131765,0.40957387207445617,1.7727261004585886,-0.38826181176582786,-1.7249205387378668,-0.2331190134278814,0.6013124722700127,-0.6291702407343019,-0.40667886588357416,0.5674101501989087,-0.8191587347991809,-0.6370541472655964,1.405965436575529,0.8725504393019229,0.043373648862718925,-1.5540311817057573,-0.39658446771609024,-0.7586147841844241,1.4000192309292288,-1.1897860286705524,-1.15100297205713,0.5301908840921133
-1.202226908208215,0.10480849225455686,1.6087373818645196,0.5473234485988565,0.2231923002150852,-0.8689931754720999,0.03309165710223556,-0.44576380603585647,0.2646414455130671,-0.13563680775714024,-0.002718692680885996,0.31988233175923125,-0.6119676561302521,0.10057659528296056,-0.20431132788084197,0.8426951554418802,0.3465283395145283,-0.3612868100957123,-0.022186794874641876,0.40052708187865027,1.2240910874028876,-1.1241694521075836,-0.8263660649724947,0.24414479461245853,0.32109261907115333,-0.6887867762469275
1.7540607201864487,-1.0924649017707966,-0.9894719263219733,1.244910506658311,-0.4330265873861754,-0.6123116694546434,-1.9813524473945274,-0.8893375453888993,-0.737791708090288,2.0087806321885235,0.2683773240722348,-1.5625723416734707,1.0509053709628415,-0.7921121001236043,0.4267819756343669,-1.085943800320159,-0.7729175898964297,1.849502039260159,-0.864345588934313,-0.9828434248293989,-0.38444128625832474,-1.2259641506413894,1.3558785004427125,-0.19043088232442237,-0.999075801272199,1.9658650895905354
-0.323861671404832,0.8561297317741229,0.7245018827864577,-0.9743615937009513,-0.34133408601468307,0.846396584599256,2.34519555643619,-0.8228208207431075,-0.7121261049491003,-0.6960249246920222,0.26456453410686087,0.04213536128055768,1.0940389064798923,-0.5185369621938822,-0.9666436839353045,-0.08159347776252478,1.9258435335479818,-0.2157184964372007,1.243641748826827,-0.3336966351535669,-0.23185314241589236,-0.6226075127134447,-0.17874456992656246,-0.6034164196738154,0.0125839126935259,-1.0979673050925762
-0.6570547869975323,0.13927206284893157,0.4191987056104367,-0.36210232800105263,0.1661643899043778,-0.5257404665142716,0.38634308533526285,-0.8722075893015095,-0.5195282583975808,0.46386486274659716,-0.6341136240868103,0.026686511258783487,0.24612228398863412,-0.25572407159414884,-0.6411654102688059,1.103173176373872,0.35391532558242145,0.8030048388594634,1.465564292428812,0.29391731379588554,0.15807866724736938,-0.9254625474817243,0.22327356104813675,-0.0577127117858196,0.6862358250305162,0.04138207471521624
0.4865434682575863,-0.5001239794592869,-0.655051655394714,-1.0755608275134212,0.024749084255021807,1.3114893539151096,-0.3738859231248378,-1.4608332994617337,-1.2978378995683548,-1.892137508388539,1.3082408165386847,1.4589094727830167,0.27927065288612696,3.8194911721482323,-0.7147149454417221,0.8334716794970018,0.07309853756535784,-0.38287930662884195,0.8225213144326324,0.5330309268807736,-0.13322158510445825,-0.7153748691067437,-0.9933041887116111,0.6115750395927477,0.5256274193222107,-2.2425576400174387
0.5094811500979977,-0.6034264779700139,0.0040731652649961736,-0.5135736398308262,0.3000030757117124,0.5391335139953138,0.009341253811442777,-0.10890755158558169,0.4268743164557456,-0.7601448225489652,0.6940162572939348,0.12371331477215917,-0.4554233224407772,-0.2699503286865276,-0.528054471368335,-0.7718873873193848,0.44598701660522905,-0.06300220644066219,1.1126670540369077,1.9850240111851902,0.017925060833318327,1.0433330441329576,-0.056467121609435775,-1.1699560669810776,1.4883120204960327,-0.5483611079951836
1.3431874006551245,-0.19589445813602846,-1.413913516840738,-0.4510369310239357,0.6046996582943674,0.20281025386388674,0.4517176318572137,0.16738847018574549,-0.04722368503693644,0.3517178917408209,-1.5865839001020892,0.6561168007173489,0.6797809102691961,0.2691655390434137,0.5477562363961413,-1.1461067611974842,-1.4926952164573344,-0.24537928470298118,-0.511419161358092,0.3899617818128323,-0.5339368926089371,1.6734937663942169,0.2817603278965098,-0.9044222776592009,0.39175778507863757,0.49013959774928406
-0.9323656288269929,-1.0924649017707966,-0.22955522557662653,-1.4389838733455556,2.585835217520288,-0.2244940705584129,-1.0301255813040864,0.8253551135209752,-0.3404727528295224,0.4486878534748457,3.6709273138098086,1.3258690583026542,-0.604871752012968,-1.3544233930281402,0.35560415589397576,-0.8614611736199935,-0.8514484986825156,1.9741885613831167,0.581383531447586,0.23530377233873487,-0.467886237606289,1.8324184120982145,1.7256869051336092,-0.49917862519471046,1.8111360637496146,1.3578666492529685
-1.0731562274897222,-0.2059456962933688,0.3679488956842815,-0.7009033325797174,-0.3947871137200372,-0.962040294438843,-0.37749010815683254,1.9432408827635175,-0.6452371154911908,-0.9066183182888075,1.0936326301650097,1.312668184730475,-0.47451307971728984,-0.7929965332527963,0.9234139994684907,1.0062419784260601,1.3566904029244509,0.9331201313329032,0.8177096920481298,-1.125194062974696,-0.42362864499995395,1.0248867891916327,0.37624460089100276,-0.6528223369957997,-0.5366052818058068,0.5760062433825414
0.008048790376500707,0.41455631169845497,0.4823120207839208,-0.13211271750355685,0.8729720132294081,-0.6849952513479114,0.24938332173232897,-0.22057480030147766,0.1463862799326028,0.5383440461536403,0.27796082317438947,-0.4822968901238726,-0.33682870145600347,0.06609878196768675,0.2887800292529258,-0.5282168927276577,0.35764450235731005,-0.8021791587741158,-0.33077755527985386,0.487929963884173,-0.0539825712380333,0.04000642556872037,0.014841439373514741,0.18950592048764803,0.6522528066791307,-0.02830304600578403
1.6839929963220583,-1.0924649017707966,-1.182382878903161,-1.1980574604437437,-1.8468580994190078,1.8482042391162423,2.20999093131648,0.8773397323778509,1.710536985675887,-0.16028964355418077,-1.4934890889896342,-1.7916914139603397,-1.1804463382535924,-0.16960936984892372,0.6523735194497183,0.043793904180535234,0.7649793738310843,-0.18268716405030877,-1.3234622690555917,-0.9651290318012731,-0.5683031422671742,2.3330967832594482,0.02576223645940735,-0.4109124656166735,-1.9602741232552596,0.5924379601805475
0.08017288749971996,-0.36475772574085896,1.2463338904471977,0.17356283546451598,-0.7411058915852806,-0.1301821974686929,-0.6648077787441988,-0.7839173785167343,0.09172317885364423,-1.1761377227836507,-0.2906993198688392,-0.2349241254534962,-0.21306070097877075,1.1620239079305468,0.9722794091307126,1.1671658837078727,-0.32909750907592483,-1.324760679792916,-0.29819557234304284,1.6810535193756144,0.4107205312593959,-0.5327556014472347,-1.6810813226000807,1.3994785189102747,0.2996345984046594,-1.7698519977346188
-1.0161995683756384,0.41664794419459544,-0.05654305931356942,-0.4276983798152574,0.283818492603792,-0.035220057832183245,-0.31287309279314235,0.7296122071082146,-0.0529107930155834,-0.578384174310609,-0.18064903207887847,1.4310144952737065,-0.49514102778368346,-0.34596397146479524,-0.7803304254724736,0.6631597994301178,1.433097121771061,0.49735484699890725,-0.4122383237767178,0.4460875629117945,0.8926771690205217,-0.5517586835406755,0.24556483148074032,-0.37346306140703783,0.2608454837220095,-0.008553973357329048
-0.8199423305201233,0.3338971676481527,1.2448115121075134,0.4036314226702334,-0.728347890504749,-0.6860440764834564,-0.8201144550243783,0.25027727671714367,1.194461556967707,-0.8440589896651755,0.9790912769684379,0.6561168007173489,-0.532823611034639,-1.2847566679428881,-0.7828517442599218,0.5254064421246938,-0.18705207990499587,0.3625443095047499,3.327330075030089,-0.20248990338261466,-0.4083561517211247,-0.9409179192397906,-0.43898436431493665,-1.1158226722083475,0.4812724165412841,-0.48298997423742807
-1.2022907132243426,1.2893879033071112,-0.763689744299241,0.40925721494844347,0.19482768907324174,-0.08309346072976528,1.4659853998344456,-0.21856045468374435,0.09280250610961144,0.6647783959279836,0.007775426800372846,-0.19765312674415397,-0.44926860069716884,-0.07210894221553982,-0.3602361872148402,0.02632704582975692,0.6204541169988602,0.0615855084686578,-0.748183537337363,-0.16328596425105302,-0.15527498120326297,-0.2754236616754405,0.177469132185811,0.0034655959247110123,-0.19251392088386304,0.17713821382644376
-1.0830210800584967,-0.8437934768381344,0.19884567556178362,3.1667313390863763,-0.8561192404651172,-0.4563289440918026,0.4930339162218662,-0.8590773163571659,0.840229842644873,-0.6949925965710019,-0.010387979999893736,-0.9571662151844901,-0.006696366303532733,-0.3021417090237872,1.925050342106135,0.45489315632980126,-0.8193446680466943,-1.3998606008729457,-0.12225133238608256,-0.5407634780646015,0.41652537108810844,-0.8559485004153334,-2.4622499714631494,2.2179115513161736,-0.8056270823825277,-1.6913669989411821
-0.7683773389316108,0.45641801207260096,-0.034103399253234856,0.15014395128845764,-0.2224734360886744,-0.7949179523593349,1.8398153052764763,0.7908256475159194,-0.020161314377860697,-0.29619630243530254,-0.04681331306531834,0.7499699793294818,-0.28623423006573306,-0.638712087382649,0.46590896426358797,-0.4653153617961725,0.4573999810855814,-0.4189882342026889,-0.5582678021867937,1.5050446626762555,-0.06546002573304056,0.14815890203027568,-0.3660595980586953,-0.6081546392786452,0.43909725364061397,-0.06854872953069759
-0.15474075105092341,0.36679247435308887,-0.49691305569069705,-0.07522559397836921,-0.5317926753699076,-0.2702493465667205,0.48161357801059046,-1.1057668845775568,-0.06412374882225476,-0.1800425368325549,-0.22199606490402396,0.2686397835360671,1.6384812712581946,1.8570784829365181,-0.9716618217145567,1.4342383960005418,0.17000470728070965,-1.409627665216879,-0.8399205319578367,-0.5245175897662967,4.300169905814883,-0.6102432153069914,-0.9480622012908358,1.6079654728972173,-0.8246428354680901,-1.295320453809018
-0.3884460841900923,1.780469271838161,-0.9432153491362936,-1.045220864565153,2.0350923686951634,-0.7987627712958968,0.942309418954295,-0.5597142486882265,-0.2928540626106071,0.3567481687886584,0.8007446161584489,0.40877403681093266,0.0015969102101724242,-0.49600051461079875,-0.4458991290645086,0.8347067420602707,-0.09574007126327944,-1.1117946415159337,1.6038756913907084,0.8953649171608666,-0.2137055328294056,1.172177943658335,0.589522428503697,-0.10470191390129373,2.121621940367307,-0.5323492386553114
3.559335017398394,0.11889406159603161,-1.2877544076239775,0.45942397660579276,-1.8751608552804595,2.43731090547237,-1.652619633377978,-2.09976259963567,-2.013833987447232,1.5233540247025406,-1.19691150188525,-2.046026627030204,1.2160814393251946,-0.09891162238033745,2.3143714785484693,-1.3095525759648308,-1.3518905644761996,-0.7247896191057688,-0.4457392041178529,-0.4910085125190851,-0.38542483888655116,-0.4605017384782777,0.38542688654003604,1.6240186652330337,-1.4780119893883275,0.29602659001078474
1.8932058113941794,-1.0924649017707966,-1.7583890800731377,-0.4899290184798109,0.28344933027988073,0.8648458686455623,-0.7175315935075803,-1.5536037996990846,-1.3792930824666527,4.330969208700332,-1.0735495979104837,-1.4029489779646656,1.0112164216743607,-1.0855157590208684,0.9923259579235114,-1.3672003276724602,-2.3292910542482317,0.13210260078166047,0.996455937917654,0.3571909424713606,0.0341941180072514,1.7806653123816198,1.9619182959085981,-0.13766507322296914,0.6440119143770792,2.671502999928699
-0.5197499316708702,-0.2953125516842386,0.26222678904352015,-1.291500037690733,-0.34133408601468307,0.5853392153440147,0.18192155452083084,-0.2823724329960478,0.3673389683420333,-0.19448551256297938,-1.0985078785142102,-1.528240243432774,0.028640579208737766,-0.5185369621938822,0.38702390654338426,0.9486163630669417,-0.3958847858858134,1.898286776323877,1.564529751062129,0.8548819938303515,-0.39389966890053674,1.7085137622763447,0.37387826688530135,-0.05517367199606944,0.6935087201704577,0.32109896270677285
-1.1041020586877097,0.17051679983195764,0.1929115833300916,0.25935751986470895,0.3104373019754642,-0.7770447331142823,1.143647651576776,-0.35000464386405655,0.14595846084428213,-0.2809968204048549,-0.44679804917350086,0.5702839952042011,-0.41798845907350923,-0.09147255086917436,0.2205381928430231,2.3465792687768503,-1.1418741557151613,-0.6502276128861902,0.9643570388768237,-0.12264687859779765,0.5236902418534749,-0.23927916726850976,-0.83391351146457,1.843854177556916,0.41451488698937694,-0.8325189395385183
-0.07537875495777564,-0.37029583210333955,0.7954262807305796,0.8098059185922464,0.20295930112203128,-0.8947487844828215,0.7133559896945586,0.9184594641624874,1.5183202831015212,-0.5523710457509511,-0.698243277149268,0.5919366544664219,-1.472441909005603,-0.06533826285187605,-1.312225073783538,-0.029600190914606285,1.1484002606782182,-0.29209779653182166,-0.6693782316225371,-0.5014001951334894,-0.22541636555816086,-0.8061049264955711,-0.4387032701312301,-1.0140383690084747,-0.3298772918496655,-0.01666873710489396
0.2687833194000461,-0.4409317192141748,2.450851244165452,1.484421209338469,-1.8930699437351635,-0.7287970332798244,-1.0973026198697953,-1.1281588929165876,2.8738934605604287,-1.184426940817685,-0.9115842348727997,-1.403562786858745,1.907581250943861,-0.43442635612956076,-1.402570535106408,1.1958299644791868,0.9231134119092805,-1.5190564929911698,-1.3234622690555917,-1.4920571634006055,0.21664975824294277,-1.1302462232760957,-2.245663372679668,0.4991332168339913,-2.246173923246898,-2.005885937837752
0.565524909095785,0.20218986457803362,-0.49612233330491473,-0.46184877851903644,-0.3920742062890192,1.7224004877190027,0.4780081729886178,1.0714029980010074,0.4431078152438758,-0.941285669540981,-0.22136019094969536,0.26492052617216055,-0.7648724133808731,-0.661530500728904,-1.037482155807113,-0.5735290630122898,0.5371651674164387,1.0907388387551498,-0.619904291659526,-0.5240093232914633,-0.06230029574728115,0.7092287375714781,0.7361847112804866,-1.3039670618518133,-0.6756030734766771,0.41259986465445864
0.9833157576781528,-0.45883098247122484,-0.21782811599722285,0.40222835548546326,2.4094409551300946,-0.8364193802922193,3.177224018711328,-0.5456678013856409,-0.5271827881964233,-0.07874564822550721,0.4456720574621082,1.2755477795574253,-1.3559459108885927,-0.20042633669420487,0.5148177000501138,-0.8532081358736637,-0.7729175898964297,-0.4189882342026889,0.972121131550802,-1.4079888575044155,-0.5876482094104114,-0.32414320855825246,-0.10706980349795495,-0.9044685654464854,1.0190057435248123,-0.3444564672655282
-1.2862692109727583,0.8176199564076224,0.764699717024974,-0.5607027537142797,-1.4354426772590632,-0.733568015415071,-0.6854781660539262,2.5921863829919363,0.6276052508351525,-0.39074006513521353,1.1265866132348112,1.7382847558450711,-0.6466805572995228,0.42841843603269325,1.0825843285284815,-0.45407209298233214,-1.3791610306701745,-0.761453553264109,1.2715450533690271,-0.5145672960859021,-0.5380001869464222,1.440306012243928,-0.3399488125053293,0.5560135636111204,-0.7106343610863197,0.6400966556872129
0.05504627728494951,-0.13045136006049807,0.09463800810021626,-0.8744910930910305,1.5679967920981088,0.13144238792358898,0.1942029154400588,0.45356661244378443,-0.9499379193702392,-1.1120330634851898,0.25371060646820603,0.7202383884406748,-0.4326363761637523,-0.3012000676919129,-0.7842982819000197,1.3297504686062342,0.9692839339759075,0.6917992780464551,-0.1617071660723074,0.035023012523926186,-0.17696020428656473,-0.8766727489091029,0.694525478256097,-0.709030123127091,0.8894787377550589,-0.2907024372109215
-0.22494779740910983,-0.22252526339250686,0.24239320416345989,-0.4010901206897195,0.31433286548663913,0.3728747029402447,0.6745483074322495,-0.6420768054789643,-0.9569732682878632,0.354002683419728,0.22039657114164135,-0.8514811891868517,1.283911875696534,-0.8187997968239407,0.9085088108862097,-0.7956002981393828,-0.0663985887384426,1.1251573727336566,-0.14157774597111195,0.07230299553895982,-0.31698520517648315,-0.17882758818752895,0.3957231806310838,-0.38491595137805457,0.17727718296022393,0.28396880084541354
-1.23654284816005,5.999688742048625,-0.6602504159592031,0.05486541286678322,-0.3947871137200372,-1.310428963005478,2.0283034006997096,-0.6612517960055708,-0.6452371154911908,-0.2981465325179019,1.507055326858886,1.312668184730475,0.08672578421219235,-0.7929965332527963,-1.7452922653317295,1.0062419784260601,-0.36465077261988815,0.051494613993081265,0.8177096920481298,-0.13382354731994797,-0.42550998625288045,-1.0092025617345177,0.6604282721899176,1.0925713991517547,-0.049794208683285136,-0.7779140006377825
-0.7986026315789948,1.2333443078935136,-0.27618773190413703,0.26114582338865144,-1.1204206989750776,-0.26662918737838265,-0.7540832750660756,-0.77478096405448,0.07986645149765663,0.6503536041249814,-0.22526683556231547,-0.10177522045168591,1.6046384763299695,-0.3628498795963931,-0.1428609470557602,0.21311670580602857,-0.599225697522499,0.40760217589897013,-0.6212838171054007,0.48432512714712983,-0.03331874630591359,-0.5956659896715436,-0.06729122468719483,1.1426183080146213,-0.6088314998442472,0.05866478622420285
1.9249355564492854,0.18297885836769617,-1.568382582178514,0.8777269191993734,-0.659201424102524,0.40364328634236735,0.3261398213151883,-1.7451860691647558,-1.1988667198149205,1.2991900457413348,-1.0241584741894245,-1.081922966303722,1.7175772959143787,-1.047873043025345,1.4502682685193726,-1.4913543125817954,-1.1697942256970786,-0.210433483255298,1.1409575881115301,0.1655063890196789,0.3288184289336885,-0.23927916726850976,0.19354870960985102,-0.1263579671687352,0.03982090499260297,0.23697589762284116
-0.7355330933701777,1.7390866750991645,0.38501861081898786,-0.013035685356925774,-0.8845644001296455,-0.4278896990778884,0.46359785685356014,-0.3442988107587317,0.4271388800726501,0.5022553184912881,-1.1333591617914536,0.1299524181230794,1.101048106001413,0.831942052622716,-0.06291674142822525,-1.0592761721023314,-1.484194935620405,-0.9506656420455439,2.873151135177972,0.18630651502689752,-0.36990918712626936,-0.09203162542802694,-0.6736185799827676,0.16666987581508164,0.44272168170239173,-0.30755887917690883
-1.03658359319398,-0.656054785167118,-0.16453578094168222,-0.9521589022579583,-0.4518508757472101,-0.49160023138760495,1.216281706430029,-0.8438183739977392,-0.7833539026810138,-0.01567055779908963,-0.6263153040276573,2.2074911968490274,0.49408856226961767,2.1741536145522598,-1.293121249706384,3.5656868970276667,0.9185653752417526,-1.3666963672111745,-0.8491430498574494,-0.45727732704129853,0.2875264672580959,-0.6726267158577305,-1.007566005663651,0.957378298923696,-0.7474492830125142,-1.168132961994866
0.3670574634491756,0.6939247020376345,-0.03853050086152413,-0.48418892123481716,-0.2874785505705834,1.332655250706005,0.9812035150678712,-0.38004382837202244,-0.6878883897218623,-0.4285006161412624,-0.13106984633627564,-0.41991554587669405,-0.5246639420563706,-0.31923873898926525,0.4670874880174799,-0.42325469954680583,0.6204541169988602,0.2244339568146352,-0.24481464708391285,0.657978907703498,0.16830628654983593,0.159890934228444,0.13036928654631072,-0.5606186770783952,0.07997320086895342,-0.37422751834287
-1.5964504391471352,1.211658441136737,1.0348404072572415,-0.1575954512377574,-0.1746204471574236,-1.074109376635103,-0.7307884556112901,-0.38945428138415983,1.5469959683340606,-1.2055354018580815,1.0097916637026152,1.1680432295108003,0.17568672301686528,0.6960672442594306,-0.32552330573656124,-1.6642566634902372,-0.5492234860815186,2.244769283878686,2.8503257320469424,-0.5705811870839279,-0.5287359145693981,0.8917390915373902,-0.614415573405034,-0.8000861559521264,0.4812724165412841,-0.5314687975216229
0.537201112930055,1.277964148846306,-0.4993631135977232,-1.1810067874209118,-0.1126525478219917,-0.32854938810634593,-0.6948010026103334,0.7894520674039961,-0.5751632375727235,-0.045893391114675344,0.43929454906678894,-0.5025310733720029,0.24284978472974592,0.594163657359665,0.39764785100757283,-1.1964513819997895,-0.47197660131090197,1.1654189412075138,1.682265636774363,0.2691436047267658,-0.34810087641202503,1.356162404390619,1.1511134256425473,-0.15286017884397607,0.5759389692391887,0.9313687012888743
-0.7665382910611543,-0.05470226228803341,-0.6416969506900465,1.0240743604393832,-1.1964889981932578,-0.868770887106043,0.8348782742590629,-0.62233952905041,-0.07851024231579362,0.39896090708577403,-0.3989209638046124,-0.8195212075716809,0.3054763650351007,2.874476055931021,0.07694972690617571,1.5484691713410408,-0.2110402740148816,-0.9970265475413193,-0.38353835699628086,-1.4396050970296794,0.32957628104681835,-0.6927186991432155,-1.1705713123079418,1.667124442604997,-1.5261989199511923,-0.5590549242322789
0.8665362179041683,0.11445684927600676,-0.8739878186543238,-0.5392297254951914,-0.523263652227962,1.2801534442848863,0.311348204208075,-0.791146189959397,-0.8113376801167169,0.3872200393669094,-0.1875234189302973,-1.1458642286356007,-0.01880630986001802,-0.2943447118417287,0.11656085150268716,-0.7239105445145,2.625102368053885,1.4264105993682792,-1.3234622690555917,-0.7668965383912949,-0.3766914451308466,0.5485935339437983,0.9286927831292848,-1.5692939837055186,-1.0852336340549948,0.5278988799843037
-0.05660026284384185,-0.1790282814735923,-0.022461437004111025,-0.37884108699538677,0.2330301635004753,0.2959532444349377,0.3204282067886793,0.4785360891587233,0.609271284498192,-0.855109073057706,-0.20557889390069464,0.7720858768638263,-0.5060017288486476,-1.258821332663626,-0.6627690691149759,-0.07665448321555723,1.2004630685103603,0.8331734761493292,-0.37795465058800776,0.6560010153172007,-0.042889304104520944,0.8978745629433619,0.22585120729947053,-0.8397568459046428,0.3444745614298063,-0.0565370210882519
-0.5779248009109518,-0.09736196810569743,0.4406215399845865,0.7654909245248681,-0.8813352266420973,-1.1071535276127809,-0.6311210233802433,-0.6898245731990883,0.014652240613295215,0.6721158389620052,-0.9762555022754685,-0.6728820016567384,-0.3032850035016679,0.9247031910798208,0.6211695818946407,2.1484050756118913,0.04041315333664504,-0.656875217577568,-0.5223190688439644,-0.5091914662787088,0.9305851114306972,-0.8688045596504516,-0.8271777671146833,1.5711823086498597,-0.9262174997243335,-0.23776415415409274
0.5869472467664547,-0.7717937212006969,0.2341078660664555,-0.30040106309492937,0.36922702558678633,-0.15210021459597164,2.152202741991186,0.5622699377976133,0.027096161564801553,-0.5342809603292387,-0.8678619161927948,-1.3744001438546336,0.17639655160400722,-0.3012000676919129,-0.2273812904622048,-0.6333078527591738,0.5023020822163118,0.33303560949393674,-0.1617071660723074,1.2901157740300588,-0.1627131821861715,-0.07517121987377447,0.16049425545914403,-0.40340375549054025,0.8014342371011076,0.14821476687132232
-0.2540504297142758,-0.04090222718852866,-0.22955522557662653,-1.5286309107043692,2.2582458730813566,0.6020024516794558,4.439428898715952,1.181821071396695,-1.3113649367374085,0.8095634072698248,-0.4973850350372194,-0.47311665683927007,-0.7158258891195942,0.009391309911965068,-1.105414249303526,0.7478811869142797,-1.3618994057920732,0.14411218828808933,0.263909231363723,-0.5486523446506583,-0.21863463692256918,-0.23049770604233605,1.592769222339395,-1.6524250414283124,1.1374551372032873,1.2518113752206654
1.1779483239681265,-0.13742247268158705,-0.6198923511905888,0.17206433426211018,-0.2453596481862286,0.9553596604623131,-0.6854781660539262,0.43387398103910535,-0.9595924063360004,0.674452994617115,0.013141427694542688,-0.04410952318882445,-0.445140675405361,-0.6863518428922625,0.7508555118894353,-1.4284887235151613,1.4024265211152422,-0.16784700022431373,-1.035128122119523,-0.5145672960859021,-0.17772090129090232,-0.5984760572639197,0.7900666326714023,-1.5637511064073766,-0.7106343610863197,0.8724895328244778
0.6814516643001188,0.772570785224169,0.9919818112414912,-0.8187842438191718,-0.5849823994074856,-0.6273461490076885,0.5492699699404202,2.2317889347413216,0.01368917589159349,-0.9936795329195502,0.39549430272912495,0.6284920915409477,-0.8463191195531737,-0.7214075120408461,-0.26310804085632905,0.2519203336678686,-0.6181606627288809,1.073126699338126,-0.5727054336371485,-0.9578872988023539,-0.3032288695128796,-0.1844477233722807,0.912650907285838,-0.8964553949462841,-0.9876964648669253,1.0291874112516914
-0.6769846556302312,0.5604931485759123,0.5729869691182039,0.07811983580359876,0.9676095929841605,-0.8201796911010909,0.560554796773575,0.12672952383812552,-0.14564488983797325,0.6870588296437702,0.5612990574989826,-0.11266314930551288,-1.0420087871688404,-1.2294450557018561,-0.8822709700258696,0.8501470894231469,0.5108920493891472,-0.13131736619109563,1.2715450533690271,0.3480466252836974,0.10996887521694272,-1.042501862704168,0.6738485074219481,-0.20891010193405704,1.124902076460189,0.4033522924901906
-0.8375429032612667,-0.38540559268114566,0.10152171353631814,-0.7064175251430612,0.8438472443021061,0.1302254668827325,0.5130665018812651,-0.6341664479100851,-0.3238050758525631,-0.13754131867708289,-0.8288716267783994,0.23510674799030526,0.9751532562264588,-0.6321283958487025,-0.5034495845011219,0.2372200487647781,0.19866366787477197,-0.512291661043972,5.592844800582555,0.8880397667419201,-0.0683844904403155,-0.27148956704611454,-0.25398145232061314,-0.5737764557328846,2.627318473838847,-0.7873124176779537
0.14789289621811166,0.5647315025511603,1.0965102422482302,0.7761997243491537,-1.143643473015243,0.6289002674919308,0.002715424184648009,-0.47957746600039863,0.03984122690244262,0.3227017133925753,-0.1680404811951461,-0.63472537896337,-0.1833773376789196,-0.7314263807975122,0.4132380180319445,0.6088492433414968,-0.4889981504390426,-1.0006524068854705,-0.9702955920392236,-0.6994131363793875,0.18215156616760356,-1.0116262450329419,-0.5599896657588844,0.7995078127723811,-1.3095498850871266,-0.3781646524186519
0.3269670790300862,-0.8234937686803661,0.06788256595975456,-0.10708503258603819,-0.3170075040181642,-0.008592938218724814,1.4857724155392036,1.838979401902275,-0.27072702859777203,0.19018312004211607,0.0440452124360681,-0.7661610831648007,0.3959798520917028,-0.602933658755021,-0.7913449866896414,-0.6521371876783927,0.5528123641413292,0.05554289442984578,-0.8362364044370918,-0.011082435857931682,-0.06591332128141572,-0.688995359583318,0.8404489854223928,-0.6224731104415754,-0.4452040190970859,1.2320432493126052
0.31767238096644274,-1.0924649017707966,2.4002490976046076,0.4346392074536499,-1.1732525099164541,-1.7328502236425234,1.3717222555742785,-0.5886265193860483,0.22749917475659104,-1.0083471949723808,-0.48512529283472816,0.41819899293559226,-0.8545185605028773,1.9937417026898183,1.4391928064154564,2.7541946630470076,-1.234286679014684,-2.333026902436967,-1.3234622690555917,-0.27426770370437076,-0.5094864826042999,-0.5720614218955885,-2.583381045369758,3.172628601271314,-1.225240112327037,-1.8751357916841267
0.7016709852820735,-0.6617594925737019,0.3981900519090902,0.5695785061708706,0.48969163447640435,-0.672854929027322,-1.3969385558095504,-1.0959886332862836,-0.850667076922294,-0.23650396598555515,0.19653239943058656,-0.26254019463905687,1.6591727973130947,-1.5023928313863477,1.3232503327568093,0.10765043520718119,-1.142816990322394,0.2791038161821203,1.797330850723035,0.2916666304229392,-0.5214212296949151,-1.010326588771468,-0.25081990576118135,0.7182457857927816,0.9757968756510899,-0.551546386909059
-1.2354954980275477,0.3860142432615377,1.8031437681866467,-1.0022418964692839,-0.15667557630820514,0.40862345769431346,0.5979357856584001,0.3135065586225051,-0.05916296621005802,-0.18747097533040488,1.0366545020950197,-0.1040939460409271,-0.4199481901685904,0.6213594458466278,-0.21881333674777687,-0.7239105445145,0.2523470525885797,0.05361390610207131,0.5895238981164032,0.9539302129123448,-0.2955281040042956,-0.5001588173756785,-0.1310146622936888,-1.073803329438018,0.5550789516174535,-0.15781299762137785
-0.4641206843966401,-0.367116221449878,-0.449885476991969,-0.5668864422204095,0.5191557154270166,0.5883563891218686,0.1839058454783759,-0.7641260040954722,-0.5544216963830267,0.16934197212501792,-0.742309989330248,0.6383895520108634,0.4362774156634109,0.3108266344583306,-0.7272273166794798,1.314679107250677,2.4704622477501483,-1.0905670598861732,0.12185826495305677,-0.6159595291582783,1.7238570480395599,-0.5130500024557011,-0.23897806031857985,-0.17592259082584832,0.039512537440825835,-0.7868900534099825
-0.013888088359853399,-0.14353474422775803,-0.40566826639627646,0.45149285047710713,-0.0616108284973828,0.03072805550864102,-0.2645781994744989,-0.40545054583231144,0.46295994719793143,0.6216194188533997,-0.7386567615822474,0.08921356888291082,-0.8232294938388086,0.9450773013051126,0.6563791449106349,0.17641444363762973,-0.5721297623121654,-1.1312941800700231,-0.5594921133337839,0.24157542127464984,0.14193318970614188,1.2119788263503133,-0.6550140439620672,0.5390410673661146,-0.08718129909909304,-0.19657641178642898
0.5302111433550942,0.9576928460073731,-0.171284521088746,-0.11778575831521748,-0.6856903689431774,1.9574567481495606,0.005654783994394619,0.5158898523133129,0.6381865685496269,-0.777487083752982,-0.9845054585495389,0.4609021892041128,-1.6019795974778506,0.10637368878770602,-0.32836890490959525,-0.2825747660085542,-0.3901521233686928,-0.4147873262888688,-0.2623926083308587,0.17607153238842493,-0.4338467331695328,0.8052050402791587,-0.14528249539680077,-0.09814163439294508,-0.3959709717926342,-0.343536774806412
-0.5595073798432584,0.9973213859825476,-0.7923077271269454,-1.5170696648716255,1.447929735674274,-0.5687220089957493,-0.8471199897306608,0.852988133511341,-0.7386822320644689,0.6756656066545633,0.7099274211827443,-0.19201433386975555,-0.3942230942502815,-1.1969936197077813,-1.3082476713076894,1.9834115375598318,0.6888973675917105,0.4862496920470204,1.7049606526746188,0.9993709392142321,-0.08218938979186372,0.38553936189620436,1.9933937387171818,-1.1407388845263775,1.8583405261352213,1.0473918720630646
0.677913683352365,-0.46635632593083975,0.4302270012588871,-0.2729335726879223,-0.4262748830096523,0.15636180904763577,1.4168546941732254,0.3890159441814159,-0.5480269014084054,0.5271204263305238,-0.24287162209238897,-0.08115453492646493,0.021847815776954937,-0.4674579163891833,1.0219118371241906,-1.4511711058886094,0.8694540844311012,-0.9196546346205583,-0.4728422916337451,0.15895650203810494,-0.15012923067301687,0.29955129356951077,-0.06538350865781378,0.04039351753560369,-0.3157480016005754,0.3728477522534814
-1.297665900497151,1.0409212437845958,1.562583347701712,1.8502239721936504,1.659629373171366,-0.46828081452785625,0.5917504421738606,-0.9783455366415419,-0.31253340940771257,-0.77802940672751,0.10766411251019126,-0.9449238980243008,-0.20735261331440702,-0.1436699085474998,-0.4257078449670383,0.3997692422615424,-0.9322392897358269,-0.6025890656879912,0.3940965342758107,1.0643796658455023,-0.3352330685298098,-1.4132902815181267,-0.929255824529008,1.1880852817459517,1.6172710489161366,-1.5572303542385484
-0.5618416239594404,-0.3663169391575133,1.1320171169400122,-0.19330988866826607,-0.8010595749847007,-0.34972081635202934,-0.5034131843779739,2.782153548948941,0.3324651906173763,-0.5370094236263154,0.5799862494241337,1.4547220296351333,-0.5492418540697007,-1.8901809044310574,-0.4225323684536378,0.7635460436834841,-0.5898951413205936,-1.49438594189341,-0.9946183659384225,2.7556255038170305,-0.2267582947617213,-0.8449892368050685,0.05748712721139076,-0.6811155429280832,0.5809591652155923,0.49074455652657434
-1.4102190842542721,0.41664794419459544,0.3081014166668649,0.37996135795006847,0.2577002581871166,-0.3317493444366094,0.748886496498648,-0.9850928557409525,0.36509164341498723,0.0905670748996764,0.24942979531301132,0.30964811997820835,1.1856400483183926,-0.7047895192612506,0.31656931300701974,1.4415773596229466,-0.6696084808826729,-1.1910253183646633,-0.8678502964161549,-0.14769768939654143,-0.00114870906434392,-0.1944234633252137,-1.0478021040611294,1.325682847444399,-0.1841937034257623,-1.168184159795592
-1.78279065458025,-0.10891374345504343,3.656843895334943,6.415167011672897,-1.178997546927137,-0.09496849617785123,-1.9813524473945274,-0.7636672658653197,-0.37525098031278975,0.9630701726900768,-0.8377301170765289,1.6285477946358948,-1.2242276815335393,-1.216006378401383,-1.1999079770028669,-0.6853142485863915,-1.801242723851544,-1.787418312100054,-1.3234622690555917,-0.46674648168161764,-0.35481705422031967,-1.7026218659980994,-2.2040257160586885,2.8928146205625755,-1.3231321275597308,-0.698364460971047
-0.12058140131743396,-0.026730223487959,0.8889771182960744,-0.24336786026897883,0.8260358550761077,1.484192809647639,-0.05325917704409117,-0.5780894753482124,0.07928764150693299,-1.4203751562746199,0.02274526756982266,0.2141214538949277,-0.4714875332810124,-0.375858773290523,-0.345369634200782,-1.5965821584318756,-0.3020143686580317,1.7796944993984323,0.2853023782696437,1.856043237920579,-0.221338454408805,-0.7481121565579201,-0.05021773379473237,-1.3295877306225883,1.4832451545641858,-0.7093331857547915
0.7731125860849812,-0.8728051430802783,0.6567015357041601,-0.15523829836734393,-0.06982240139798555,0.7920966517941657,-1.0871991932695126,-0.77478096405448,-0.5786649686149237,1.6347655069476759,-0.6771945873404245,-1.8621516878033983,-0.7676044864360201,-0.9761921154127511,2.3166155264257338,-1.3135075611122875,-0.03472704730722304,0.6774487313043547,0.26814222203150784,0.3398312546039867,-0.3185041242294524,1.562417829512104,0.5468395196699258,-0.6442254219230942,0.20713385768693457,1.1488535885569269
-1.110253672762695,1.2633064233159201,0.07240368291719258,0.8071291438416479,-0.2453596481862286,-0.6022069739579409,0.09204640275043469,-0.10570411944910232,0.6805118394075245,-0.03021318337288654,-0.3431610316783437,0.6985547597419656,-0.4249866872159447,0.8000085290076783,-0.26644619247030676,-0.14225877121182687,-0.7610304636067485,-0.5952437184129661,0.5218762713352484,0.3754311942160656,0.7455086488011126,-0.6526401101069589,-0.771171666859665,0.3618321675465234,0.1983932079843323,-0.49557064127042266
-0.4521424790126799,-0.36350552558544846,-0.31050341559374806,-0.4266863541433766,0.26082057822804683,0.21801070462203886,-0.9922448653978294,-0.4848412980222324,0.1406773560097841,0.7121589436348963,1.4576641197317406,0.17671808660298557,-0.31226703645744,-0.13061090738100145,-1.2497921743009195,0.24181659802651118,-0.11965162300332646,0.3338293344243627,2.6379427142917242,0.6550324898419052,-0.10398380612720595,-0.741859756164884,0.6324295661761793,-0.34154437793281994,1.2745760337569647,0.2964796491538783
0.5839455482930824,-0.6462035409999921,0.5199738503403725,-0.3081765488285109,0.17439311319668427,-0.4241218987287334,1.8536163626224667,0.3581138053046435,-0.5517459052645568,0.10532657599271626,0.28358545018694176,0.7817063363409883,0.19610190592606438,-0.32063337666857483,-0.6030174011656341,-1.153540464335469,-0.4896390521082465,-0.14801544946813106,0.8322097279021056,1.210382373831185,-0.11213661039991409,-0.7432999158059762,0.2068786638805782,0.3385740355431071,0.9491025530963356,0.3206841456026539
-0.10317742882663734,-1.0924649017707966,1.0170810560414818,1.7519967475782927,-1.158635390433578,0.49215164809087814,0.282326676972599,-1.6984840312699885,-1.8201616002030598,0.30936248144007583,-1.046745634996954,-1.104521309449497,2.066454435035176,0.7482681363149589,-0.2485300369725016,-0.23945374651054446,1.6254229915115412,0.4783576018190074,-0.5679538080965254,-1.650160306496514,-0.5248465908097437,-1.5752204265287708,-0.7824904102009856,1.9640331107166935,-1.6632545375345098,-0.5526199186875812
0.04440825789531959,-0.9726504879396047,-0.6808144021920733,0.6108363845170633,-0.20046106118029886,0.9686663633631658,0.4572473365827857,0.010452329819631732,-0.7556615558388584,0.23675548279161218,-0.7051319392685258,-1.042250319447806,0.3448956616197541,-0.7741822285045318,1.179087257005295,-1.179038066098757,-0.20920844828285298,1.5710964147897193,-0.6723513408835965,0.429154739448839,0.022842812764283096,-0.2788659944761005,0.36635383290765694,-1.1109685664627749,-0.1108668705841106,0.7725272378261994
0.7566260628227718,-1.0924649017707966,-0.3799381601830952,1.9083797116541283,-0.9346385066537526,-0.0674223333005374,-1.172163982123021,-1.8596991755157468,-0.9607893879779091,2.952772295758104,-0.5450926291283621,-2.2721023719811946,0.1070421231779654,-1.4766113166399686,2.6121393699546727,-1.1498320219329223,-2.365093269990797,1.6382210824180317,0.2969495431371568,-0.11588018957054083,-0.4254834854186778,-0.9451681464732585,0.5505152740586908,0.07481608259519952,-0.5160461414627738,1.8644761562083954
0.7518054419858677,-1.0924649017707966,1.7193395114262306,0.6391497880014463,1.2735621126040997,-2.022486504900443,0.6331307518014225,-1.480208333324326,-0.5743953140985569,1.8172714595335815,0.4819604531851818,-1.5528906453534823,-1.4263216793637807,2.9252430958470663,0.913810018308616,-0.6694694534159047,0.13363219924821032,-1.817448368671745,0.07268202137168832,-0.39277802899194864,-0.4862833456463131,-1.0859876586961796,-0.7143826921919056,-0.08811088318091129,0.5774613845603541,-0.043563276500532155
0.5050605852522716,-0.015114586667437644,-0.9432153491362936,0.3324611264531274,0.1891665804125723,1.1064580946802263,-0.5195215142201163,-1.7770730149123026,-0.5912645213158102,1.281061576328931,-1.2089177568711806,-1.2667737186841468,1.1383477426922304,-1.0549044146712667,1.3004225977655663,-1.4736251886897065,-0.7930317736182065,1.031011792999382,-0.34768294890682494,1.0961602168802207,-0.23115287568379603,1.115325231344573,0.38104489440167855,-0.5140663656756689,0.5440180267422777,0.4231344256336364
-0.5112943233140628,0.5668354336611756,0.11922082479210763,1.3652270506553204,-1.2203287484428402,0.2303763175796948,-0.0515252802182364,-1.1390544097365907,1.3945604736648576,1.0523106323045763,-0.8872271971596034,-0.9449238980243008,-0.20735261331440702,-0.8815034744546646,-0.9197212625518053,0.5448802081034819,-0.011713912885976363,-0.4257882649984409,0.3940965342758107,-0.5260924563919707,-0.35412591879182925,-0.8910743453200284,-0.5187419813993871,0.7914172327210847,-0.8558926403166184,-0.11142943908766628
-1.0769657600960252,0.6147352953057695,-0.1521441499074038,0.01766436062977937,0.22481564179720973,0.6169907305801426,-0.3598310020900963,-0.18062999039772412,-0.20163014000124438,0.35052222355652196,-0.0641651292289792,0.11750653838160677,0.21952323560828724,-0.7113812273931683,-0.9060697691470448,-0.07541278059910805,1.0757461177967482,0.18339584100441472,1.459783926498274,0.17437454044836723,-0.20194124753442824,-1.0082892897669948,0.3849656002819311,-0.9153007451213908,0.6602437036689924,0.03667210461764315
0.35966332186389666,3.113785796558275,0.07534962348786416,-0.8413369576201313,-2.109612052771068,1.2907495535443463,-1.6642768253643803,-1.630299262956208,-1.5055433735189856,1.5914604404922779,-0.5791166497204946,-1.3998668737305644,1.5402415653818091,-0.717976531656091,-0.45607273588241404,1.6419602760999874,2.2112569439748313,-1.1630852210655027,0.7930330648368279,-1.855245872966313,-0.3760088456215518,-1.3566322936868545,0.8167309300116626,0.6344393151858072,-1.910149054315804,-0.11456212884630043
0.6117444947609297,-0.01720734174728108,-1.7711370848327592,-1.4933154111387759,1.6916461211613396,1.189604874249503,-1.1476431195390357,-0.38945428138415983,-0.9207449112304128,1.1666535531578637,0.7948889565633744,-0.552029571235197,-0.5050388920522273,-0.9773874401873558,-1.2859130266356185,1.6269547529248427,-0.2509646809949703,0.41164583057537424,2.293820665233271,0.6318503396736953,-0.1596679466157504,1.263293678109339,2.1274584143395674,-0.05804946628547266,1.9995782809653682,0.8938086070337026
0.7417029167664614,-0.24033652754033805,-0.7499962610487756,0.6816322517629335,0.326598359320759,-0.19243170547159857,1.8727564065926061,0.817160493799694,-0.5513907100233045,-0.26995225796170685,1.3627137818924882,-1.2118850853144805,-0.3600074494328267,-0.6254879483532564,0.5907105659257575,-0.8799593616721119,0.35133812151816696,-0.2886152299806861,-1.3234622690555917,0.424534559198243,-0.411968462295735,-0.36794513715440713,0.3870598331250441,-0.9143236252341934,-0.0008333248922263513,0.27612607366897446
0.6040832316079978,-0.24326480374044268,-0.36367144784554384,0.09148513558429416,-0.6348971345064605,-0.134317903613216,-0.5218239398021493,-0.9590162907366391,-0.8395980817388687,0.9434966024927038,-0.6296722876689119,-0.7928988723705904,1.5333784228803686,-0.27836890575993306,0.776504647196578,0.6730366281082185,0.22909362770747646,-0.2565820004209845,-0.6055994186941421,-0.8503811594369536,0.8391613338613005,-0.48972644143898447,0.05438136492674112,1.2962553521762024,-0.9742054990256189,0.16582226114975254
1.5193760547129482,-0.6954894342578117,-0.21118746358478968,-1.2964126814014183,-0.8439857501596117,-0.1298950710251629,-1.4427059087650005,-0.11090487222489216,-0.9627795502259024,-0.07088598602515335,-1.6583678508394037,-1.5312276415393944,0.6062661783316527,-1.5548877228578906,0.7428620464282535,0.8525853886839792,1.005854801884791,2.3710725941025217,2.2720298041833384,0.9909241260634505,-0.5127884297477766,1.5614218114267193,1.281483306417782,-1.007080306878012,0.6794448687251513,1.0365976607902292
0.8289519982067942,0.1699475044965493,-0.6676369052669872,-0.5775479741275301,-0.44028704087919274,0.7191686253300349,0.759347182107434,0.2180427408438221,0.09549875657279276,-0.5461395831362165,0.7887135914156951,-0.26946971938851255,0.07955798262944014,-1.0921111398189705,-0.4616705075498376,-0.16510716116914836,0.6883791419212848,0.8883632803568392,-0.40874704429289077,-0.281326312420559,-0.03639535041405592,1.1979947324315097,0.7014274521301392,-0.11144411821753232,-0.5207512813401286,0.19882433680361178
-1.3033029727350225,0.32469483171641744,0.41631848695783263,-0.3400847057213882,-0.34133408601468307,-0.6155246832300928,-1.019897335432146,1.8193712971314067,0.2692057798610212,0.3070538995660637,1.2558899251040039,1.033951532678451,-1.036757748062417,0.3085506641052786,0.6331452866304188,0.026849663377419005,-0.8258344746698495,-0.6120944850799028,1.8854177532974314,-0.5317930733175531,-0.4688289129842398,1.1500663421627946,0.1259597511225858,0.34538185653319703,0.10985888519022823,0.773702832292656
-0.7764311002953339,-0.5874999392638581,0.10105041536303201,0.45562554455182425,-0.9122165179253169,-1.215656566575474,-0.6110026326435467,1.844219498866903,-0.4639732145373453,-0.741095342082929,-0.8008253975969647,0.08393604283372542,-0.8794938691427788,4.114421312324787,0.5907105659257575,0.6077060285637851,0.19813765769856756,-0.24153608956718492,-0.40874704429289077,-0.9871871840393607,-0.36574028803568,-0.8623765300328925,-0.7978642692787731,0.22429279453905113,-1.1446528290776146,0.2546028449731289
1.033364131867003,-0.04646605086356715,0.32459723819931313,-0.6421213190449897,0.23811158237461064,0.1477573392590398,0.14758387195074607,-0.4024720747176165,-0.6887610600726689,0.42863921159734697,-0.20159442951679557,-0.19794712465305958,-0.1716222642632839,-0.036069180186038254,1.1576182275301703,-0.3914310238766502,-0.18705207990499587,-0.5240109320481912,-0.37607864340850866,0.22286002445001393,-0.039684549106786315,1.209867268009297,0.12243124870350851,-0.3868442548169826,0.13533566370127104,0.07336599971736382
1.4293990928396454,-0.6831610035897067,0.5866807368258306,1.0444061056625744,-0.4153715094823477,-2.221432872735624,-1.4259777553914128,0.23345925800062828,2.252593328415142,-0.6014375934378716,0.0767668668682717,0.7834306777911983,0.692120086711696,-0.5801832448994095,-1.7134156974291945,-1.0387220713020298,-0.849334830330095,-0.5070507448184824,2.383691048693864,0.6297164771594849,-0.5067915037117613,-0.983595820798995,-0.6004959545611038,-0.7953608606036325,0.7877627307883813,-0.24972343966731522
-0.6209562139854115,-0.5036125835915033,1.0774982988046233,1.0175342941503849,-0.6770185210383981,-1.4733027881558425,-0.8918074586150617,-0.8122840528260243,0.8908488373548739,-0.19904125790615018,-0.4912103476565984,1.0248202708784162,0.0446290700750499,0.6599453258067088,0.14830016338829186,0.9759694055721837,0.35245818989702654,-0.659320435527449,-0.3537601014558154,-0.560115553509967,1.0068880779964449,-0.9676135613673582,-1.5482465905143767,1.2793367386120627,-0.7800767283417661,-0.947766502235251
-0.2073699817449622,0.8779050266823566,0.8350793138478915,-0.6110145582043529,-1.1003611599370606,-0.25195242677894003,-0.19898715677987985,-0.7797285904908502,0.6284840978214045,-0.6357371910685372,-0.376009514228502,-1.4549249284374146,0.8909816977501215,-0.12834944413912885,0.7795098282768611,0.28985130135801374,1.4424715246293178,0.6643854429078907,-0.9268830769242546,-0.1579765388419903,-0.32393342845425555,1.3874373722716997,-0.5246221658888425,-0.38603837732275476,-1.0050868128616988,-0.6813610055304591
-0.9102866530873384,0.367299317375052,-0.4341116433034373,0.8986477337323698,-0.768845537556874,-1.1059159945905703,2.5460058013397253,0.5636459292577881,-0.6649227990974743,-0.33473186140919053,0.4120085004893475,-1.104521309449497,-0.9700372665411053,1.5596515671780593,0.041207790218564085,0.9094944703772143,0.005764417054210455,0.9449774365502894,0.18755465286254122,-0.7173517622306543,-0.2878128113651743,-0.7505709657012487,-0.12948871319540065,1.088100659389179,-0.7471459357933922,0.2626227322924928
-1.2823236571897183,0.05644043633652168,0.9524731618925646,-0.7517271336433677,-0.18052013072429007,-0.23684520165038614,0.24567931879479996,0.2953173131428805,-0.05464596294680204,-0.8058378108074497,0.19728279835425275,1.556826807761608,0.4394512470553787,-0.001478446126411798,-0.05801749306604769,1.7789559064031129,-0.20602157337918905,-0.316581294709503,0.014436898421111007,-0.4646919136903994,0.37683892326691903,-0.1300377896149075,-0.6650054756144211,0.7649377075393664,-0.3298772918496655,-0.7642451080843686
-0.49677932134651376,-0.4485112117985933,-1.4799630593622755,0.3399403989342257,-0.1213119057421547,1.0919775886413197,-1.1075870524840894,-0.08109795200012858,0.5715966472976254,1.1898345527182796,1.3898964519000347,0.33181891188428553,-0.9352042644411649,0.1657635494673128,-0.777042034454576,0.3610099614829138,0.5175132174527807,-0.6930051103403023,0.6206800246175757,-1.3964485363134542,-0.31738124666653106,0.9334921696767217,0.4097308762927272,-0.4750218918539453,-0.5688479261711413,0.47593158621282483
0.11018692785884325,-0.4418506658750445,0.2602707590276825,0.4328563820280376,0.0173314576669426,-0.019327091836459583,-0.08963188154470728,-0.4366047655595012,-0.4801497665934212,0.8698789970084778,-0.5233224303880469,-0.27727887351378067,-0.6283458289748773,0.503365380031879,1.1139324677595344,-0.004658498928403937,-0.9776813041078224,-0.06570313637261443,-0.4816404296230637,-0.2456848184798632,0.25615660424586706,-0.5255196773968678,-0.166976786685117,0.11061218430703432,-0.25646576440948815,0.3863854281734074
0.36963535738936326,-0.7054804275677025,0.5367995796223789,1.500716962460911,-0.3130006928336148,-1.595979071386017,-1.1562110216080204,-0.2400554451411326,0.29028136396432574,-0.23854998806424926,-0.8989121622060606,-0.3117677244866997,1.6216575765025552,-0.796083145515748,-1.606311498960164,1.8776611259202203,0.14775629711359894,0.1677996581220137,-0.8227477689233248,-0.6328355518441499,0.8812615311217094,-1.4705102828678753,-0.24041512569228943,1.3047765545754748,-0.7440717458546643,-0.17935297201421777
1.1471623362964047,-0.34077751461693206,0.0776682915415867,-0.8486087071650792,-0.9229829698731369,2.0224451438905455,-0.6214235437823376,-0.3953939589507562,-1.1718222578335373,-0.11595203392680338,0.5906088166971758,-0.6354171309671797,-0.7305916488105902,-1.0028392224603104,0.5667018722342992,0.42846038379683105,-0.8009856713636999,0.10931986180339276,0.49205616184224044,2.6467885580589576,-0.38237153573279076,-0.22835502950314876,0.5339033308970609,-1.302091203758353,0.9065520059427074,-0.06273251296136015
-0.4344842024512292,-0.9049885785640953,-0.36444200802194193,0.5539092985513719,-1.364342410941767,1.4402556812037808,0.3080868946040882,-1.2471842774093618,-0.6205537413025226,-1.6998820333087723,-0.7711801311668249,-0.34772504938272064,3.835503345224339,0.59914901929147,0.9499871770696308,0.7077430132945064,-0.5944077858563654,-1.1571349625876486,-0.47445560595792124,0.08475743408330337,0.21297674212421613,-0.46433045557288966,-2.0879557271864457,2.6242204844425605,-0.9038487229333209,-2.4337632516626466
1.0685332596753845,1.5790727039246952,-2.1990757371013117,-2.0592444561524825,2.665519112113543,-0.07929873557067905,-0.7730372391174806,0.15096005808042334,1.1709702145514032,0.7851799239052982,0.27796082317438947,-1.4411212554045811,-1.594462704585582,-2.1727122147922033,-1.3291738248743148,-1.7023788034487133,0.22463719738628193,4.05157255246396,1.9027630507155555,1.8667800158031465,-0.6338016292962648,1.771980034677067,3.4690602681469436,-1.778938652857383,3.059656699820022,2.3535395865858337
0.9249259877911605,-0.896340117225691,0.9501361547324154,0.09355357483606845,-0.1284764935451462,0.648738862163145,-0.9168842877218907,1.5920398324441511,0.43392934623986307,-1.01844311820355,2.9995604789114783,0.10707570583637203,-0.7924370790265505,-1.714860135948025,0.1584826250339955,-0.8716792203535446,-1.1390835336410756,0.5487209102308677,-0.9681934094379355,-0.14267506978115138,-0.2767403054604866,-0.6354986977934683,0.6136350597627712,-0.3196679020592464,-0.43904988818403223,0.5041337177004208
-0.6026569961818073,0.8215827880635942,-0.5951880113842526,-0.7664451034503891,-0.6669502648131713,-0.2862241012649756,0.05924626533890932,0.4240227626069554,-0.2373406370285188,-0.03272911974127752,0.08151897435842557,1.5552380404671091,0.6980336754216905,0.27423167546215976,-0.6669066505098082,0.9735897835369286,1.0138506667164497,-0.3993781868871387,-1.3234622690555917,-0.129024381614842,-0.08142085812654228,0.6597863998129766,0.08547235123968876,1.1135261421992086,-0.8564327503164524,-0.04337896702681888
-0.25712456756247143,-0.18352796925830744,1.533005081222382,0.5072842204857918,-0.20432230235613094,0.18932418816206478,1.7185920524331206,-0.8466750944091844,-0.36886297944862195,-0.34598500395092463,0.583839677276285,0.35723649895225595,-0.31685011610307706,-0.121534901570285,0.14871051506600788,0.490238423724379,-1.1157095200183142,-1.2885761723634475,0.487673875974556,0.6278224902244577,0.2860438965480333,-1.0161574790256473,-1.154535800844488,-0.09266710670611415,0.3360735108860147,-1.2454995034327783
-1.5040884395077114,-0.26874080668135336,-0.10759328595083036,-1.2507250948920468,-0.7883350302007093,0.6949833104312161,-1.9813524473945274,0.5283001486245417,0.4556588379749443,0.051724744300369274,1.2434983577165395,2.3398428250190113,-1.1152607827034493,1.032252337117044,0.8669605977131014,-0.7756295810581657,-0.8344334684455303,1.0460784007420676,-1.3234622690555917,2.4891776086832387,-0.6234209675517208,1.73241819632558,-0.12961099815738628,1.0328540336832965,0.3579100650568274,0.4589219455505952
1.1494387649622713,-0.31901504722671836,-1.4935504449378736,-1.6443723908624621,1.7199535230643326,1.3082107476761324,-0.30219140678417106,-0.9006318562246872,-2.0251758099767274,2.552100999185955,-1.1316684109595372,-1.9834047070672534,0.485916807147951,-0.9689696600845047,-0.7395880445592377,0.7111106102886144,1.1216559466392495,0.8989726641119941,1.198446255554249,-0.38670835804252063,-0.17671380233019937,-0.226317730498676,2.709294484299127,0.022346476979818168,1.1839937927594713,1.894979431370509
-0.5822070581325053,-0.13742247268158705,0.9031589238465304,-0.3978656230528596,1.5397648954230234,-0.07676280812942189,-1.549394353614327,1.8367770423084444,1.2448487841794897,-0.7184917758282378,0.9038975761267574,1.2926861860865975,-1.9566897896115754,-1.4295320288422328,0.3085504230373737,0.13057788533736542,1.711491804646955,-1.8299453487357409,-0.17012568131131667,0.019431798095278584,-0.44335632759019217,1.4502263523743588,-0.10162507048843133,-1.0298069085933925,0.8626825853821164,-0.29253265387681143
1.312485880364338,-0.49520271802014293,0.4898728321858128,0.5402927097910313,0.09081184189930033,0.11259665603407103,0.17974303085324256,-0.9142561975220661,-0.18677260045256402,-0.9833666477629323,0.850075452354418,-0.4143198152842333,-0.2676516253384478,-0.468561879033812,0.19964448726262127,-1.0864125529172313,0.24553260481375475,0.903155517828151,-0.9628268103500557,1.2229463728963683,-0.27904895086738557,-0.9009095818933429,-0.2067880793974681,-1.1675103046730748,0.36200972024211087,-0.6554594534957743
0.37076050303547453,-1.0924649017707966,0.367160399279647,-0.446816662331446,-1.5723387312168278,-0.6783065781675494,-1.158512029488072,1.4362313358110637,-0.15463326732077354,0.5095717659249188,0.048662378398894396,1.1231947055649694,-0.750541600729643,2.7035528703212526,-0.46005642614880127,-0.936497995338156,0.10264583485150465,0.21308088595950575,-0.591128914260914,0.3699710807786303,-0.2830451062706172,-0.8513821405777231,0.14481471175861574,-0.7729757993380559,-0.9213751790693129,1.308376253580285
-0.6346116842814105,-0.19385679803685857,-0.2378708123692948,-0.0633093364212154,0.19145491816664134,-0.23200767530602998,1.0668972825771144,-0.03016318538075332,0.12379023693006681,0.051724744300369274,-0.11844754877839847,0.9422836744128891,0.21215416668128098,-0.5410938974565865,0.13866505936464982,-0.5005783412577627,0.11067412017246991,-0.4619520651394853,1.1182037115893906,0.8981030348843121,-0.10926689614705813,0.7876751219763861,-0.3892738509225219,-0.14693229638469477,0.8924802548228049,-0.2617948041286628
-0.6622141209552614,-0.5219200740032168,0.25222083463349965,-0.7150808126530284,0.16035047536132882,0.43503345728796744,-0.9491408986210615,0.3147463484637868,-0.5438977818387937,-0.45245954312286096,0.31391623106126365,1.8096576869319267,-0.29202271318706885,-0.32280482552279655,-0.3204418786418571,0.8746778577442533,0.27453892796704277,0.7171664061259266,1.4325628237359227,-0.30882738534077203,0.21738460584831998,-0.7319542679017593,0.2215920596769722,-0.9374944302892186,0.37683867983486524,-0.002557809574640397
0.4510333250066779,0.3638428906525288,-1.3902151206342745,-0.9318094741443114,1.4148390525921732,0.5152431482401219,-0.7463341405920206,-0.6595914734309201,0.23884413038623287,0.12669115768540365,0.5877037499567588,-0.913149827745406,0.6076546744892808,-0.4728415132270776,-0.2901498353535387,-0.11814061372681538,-0.22913081819167327,0.41132933826644763,0.3252992893909894,1.140534868751901,-0.23770490426590885,1.635605238426178,0.8879807231808042,-0.33627456492183944,1.489981146911429,-0.04028096407054081
0.5241763249021777,-1.0924649017707966,-0.3034141641698884,0.8350440805264627,-0.6066348534404817,0.5532340233486496,-0.8706030633882978,-1.4315245949344126,-1.488658292059718,1.7162352178913707,-0.7821765619770782,-1.8901607407596455,0.04431332348046108,-0.42093034791013023,2.978177566465889,-1.4145684859361207,0.1440892953075537,1.7825745311921561,-0.21131627373075504,-0.7434240507349794,-0.28931466480762397,-0.1806541321225732,0.3619550543225072,-0.28892034032231506,-0.7855542156800548,1.2147448321422372
-0.19560150099254528,-0.9617150454073928,0.21086288973874898,-0.9765189980818343,-1.106044695997832,-0.0063908216345307575,-0.3846502078855722,-1.2889218112339578,-1.268214173008169,-0.5136469566450973,1.6276369467279326,0.6561168007173489,2.808288846600396,3.0162780121084833,-0.6589919588265115,1.2093962977129968,1.4631357732375427,-1.4017006211856027,-0.1392327369967379,-1.2392803524746472,-0.058759172222695936,-1.11359657279127,-1.1216791322728064,1.79808310074829,-1.300628216011985,-1.6434254594162734
0.8802749872893435,0.8457094396161288,0.679180795164601,-0.6971985838275286,-0.5166285739307716,-0.6093821568946751,0.21019964604913666,-0.511974689228459,0.04407670040458141,0.8166393985207075,0.49781756728265947,-1.3677993921772325,0.5003184764216635,-0.41312383335183206,-0.9955991404161321,-0.6174301751598945,-0.41105948078407334,1.805021837819712,1.6022812807368711,-1.0328605345558712,-0.45816488189010296,-0.6689385021427364,1.2599242143639102,-0.9855134370884161,-0.3250174624420966,1.1384282858023786
-0.2883858447424787,-0.8330242419001058,0.637142809953147,0.27207454049510815,0.5816074960317054,-1.7863772621890308,-0.22120824636103353,0.3743929305915864,0.3047500843502066,-0.0016962038204621373,1.052941419860494,-0.3353274861018428,-1.5012413950948473,1.0574882784706603,0.8579490668673951,-0.2515161949818069,3.5671002982920825,-1.1260308063121722,0.08642359903337438,-0.9560626101727048,-0.36960007425151575,0.11377069986857968,-0.5860384954177025,-0.06190858378685806,-0.1015418424404022,-0.26500040615546294
0.0060553985169162225,0.9885222858235863,-0.8618315967945714,-0.031053560299766345,-1.031440806863285,0.15830431868859995,0.3716824318818273,-0.14773441359239453,-0.16877813504370628,-1.0195058469647256,0.45500335921947055,-0.006585433103900715,0.03749430492013246,-0.01357820087439468,0.8067256283760114,-0.03250868756233977,0.13363219924821032,1.7898049268006113,-0.6951973383633155,-0.5651566839556982,-0.21651530632063676,1.2665606174294006,0.04648149245275636,0.14119112037145812,-1.094302879611081,-0.15405450212282362
0.392446145985904,0.5467870287554584,-1.8329603273734774,-0.33467509473648765,0.12321084216095478,-1.1579005906976978,0.24290937878710145,1.2923668991292985,0.2604177331313784,1.047454008652087,-0.37905717497337377,-0.13056894717181192,-1.328005680419339,2.674597356254618,-0.28889152533742657,0.21783907613135012,1.222522848611708,-2.0319487727552534,0.4581845493254901,-1.0166858473308926,-0.4532168238961095,1.5285930553324347,0.3474388620941302,0.34430135635641174,-0.2879521963634568,0.7856388562352773
-0.226437598599953,-0.39266390063286244,0.17140814230818152,-0.3073685274286368,0.07006501305918192,0.11488149255518977,-1.0318091686776973,1.1361850166126062,-0.7315790555860441,-0.21845288270011923,0.5602075931918498,0.9929915727977124,-0.01691301484971226,0.7316096446370615,-0.05468773842697473,-0.7220797821589722,0.05019752838888038,0.22508901895601097,0.1554622580607397,0.23114117348746352,0.05004993604976505,-0.9996132060755356,0.3639870204216366,0.04673679665942371,0.20179664680658554,0.5135361658908705
-0.2152110978969484,0.24150124412303858,-1.4652222454695638,-0.9453807526654479,2.2847713260723634,0.6772905964177234,-0.7143336662457209,0.8109232933640632,-1.3954827210921807,0.7796121973394728,-0.9073666973553481,0.09299772904455217,-0.8914658389523511,-0.6156444162937835,-1.0837257169726593,1.617056372725098,-1.0319318153663268,1.023691983569737,2.301143100322925,0.5685644698443474,-0.05845561959065295,-0.8282693346304334,2.124756173221554,0.20589449783851296,2.319221620844125,1.3603202125619864
-0.04597367428324326,-0.8370465777120545,-0.011315837486538896,-0.6856707842218811,1.4913312837747104,-0.6462849313904001,-0.7105920087155658,1.1415996756329403,-0.91447826104173,0.0780211024838788,3.146324391656694,0.5085708734108333,-0.649024044298292,-0.3838947904707629,-0.9695055604479444,0.12604571496279396,1.7258669341135462,0.42852051352729426,0.21879014478849682,-0.49800918463842336,0.33870828591191,-1.1745047878560118,1.4525079429092782,-0.9366589068252377,0.6980331374958841,0.8396003940007375
-0.13776782415209582,-0.7629752637350192,1.0388489465316557,-0.4923111588364833,-0.17246706265551742,-0.7617168100130275,-1.0871991932695126,3.767387485855252,0.6381865685496269,-0.6267212968341909,0.5520488974960324,0.495064746218929,-0.07229189390116118,-0.121534901570285,-0.048610936210666374,-0.9773338235784613,-0.35460961576254596,-1.042823059404972,-0.7266105848979294,0.831110421250673,-0.4538021490517716,0.5878291027023426,0.401717161672064,-1.175416935944847,0.08651289179102231,1.212150069566682
1.026798754829112,-0.5604937404617717,-0.19724946457584838,0.30836443505287514,-0.028598813930278685,0.471064052091822,-0.8986239862946104,-0.05495873199652844,0.18582722819501493,-1.0470703071839587,-0.35313821961739295,-0.2864683820181055,-0.13754322700483626,-0.2063969296652383,0.34380985998925334,0.05683293348069308,-0.3930213469897746,1.0107405414115096,0.0015364243317512267,-0.5549809510441145,0.6110204439338422,0.06916087683961715,-0.03418541598014392,-0.5101225913358367,-0.28886052780837257,-0.23647708269734588
-0.47005556475972166,-0.27171064117692334,0.6335923264948281,1.7387112417907868,-1.8031748226731616,-0.10665533336618975,-0.07640451169718321,-0.6678840164769341,1.1277988094618532,-1.5059660187765216,-0.7935315444844844,0.247260239730925,0.029577895958911672,-0.3743184708169061,-0.6158541653156817,1.8879770827054236,1.778045685761454,-0.17765289018603334,-1.2452122940758916,-1.4885774432895302,3.3790470599402456,-1.1128940558931761,-1.7241105360806306,0.9315778081935574,-2.1679249840688857,-1.6129434484978236
0.03665608419117404,-1.0924649017707966,0.07534962348786416,0.8918390979835997,-0.0348795379911661,-0.8443664622368142,0.39671471783157597,-0.3628647460647588,1.2129547414230957,-1.1752521386025585,0.2381994971122561,0.9987807464586678,-0.16105520358646216,0.009391309911965068,-1.348917316836443,0.640591696211995,1.190355129755716,-0.37876677545334736,0.581383531447586,-0.15667428615596185,-0.47382863863679475,-0.8275668177323395,-1.0696952897137884,-0.3459707313354313,0.07881368120192155,-1.1908267616185555
-0.6282418912028296,-0.07865063089148194,-0.32806294604361635,-0.613311672851046,2.4094409551300946,0.6825328820513504,-0.14719192611244578,-0.43111122005122166,-1.5334254054671097,0.13870500598428692,-1.7409629876796662,-1.0107156514341298,0.4090783624691258,0.19403083892539452,0.7202343903535234,1.9654793557561083,-0.9369599326940311,0.2741615715776261,-0.09915112206551518,0.15087772897064625,-0.4682394213832683,-0.4487345804352054,0.5361386448425909,0.510485806616053,1.459736195836805,-0.1440176107346365
0.890645542244604,0.09794927435846311,-1.198562507184164,-0.16611161644699357,-0.8976019276684045,1.456226599179498,-0.4814824727332123,-1.860481725217462,-1.575698163582007,2.787394265004241,-1.6189537087877102,-1.875375903422037,1.932899905215496,0.2093001489493794,0.6233004314269375,-0.55440557313268,-0.17919014273865908,-0.4641141159866271,1.7570625524033108,-1.4509605463984496,0.29638877544030456,-0.5494403777769653,0.7782486013103418,0.5887398859502797,-0.7072508837820879,0.9818325515698945
-0.005847213014312352,0.22549365037231256,-0.3250219852147502,0.5072842204857918,-0.2467959552902819,-0.21252412092600237,0.30027999416585555,-0.8774868645612008,-0.7213303212480091,0.28567165503642467,-0.6242099543733358,-0.9998416279811375,1.2368138837679175,-0.121534901570285,0.8432820235599005,0.017276751607824378,0.03145555306284404,-0.0004908906500599214,0.5699982462031993,-0.2869731993935091,1.283081433652703,-0.5869899059800844,-0.26177124388967443,0.8333598744572243,-0.11313560348497471,-0.27815466262162303
0.7566260628227718,0.3984384377576074,-2.19557065506486,0.9932497737288634,-0.6559652181717652,0.4598899274937588,-1.172163982123021,-1.6575405025726535,-1.951890187478448,0.803848183567189,-1.3794207862571788,-2.2721023719811946,2.9386318665325932,-1.244577683922557,2.1978536079982156,-0.784756469859989,-1.2071473208312573,0.08141403200235123,5.158184979715403,0.8844620049589103,-0.4245640088580342,-0.3658024606152204,0.15651792202829587,1.540177801448672,1.6125591390533462,-0.1690306997611163
-0.8261889922850683,0.42992946539121063,-0.04137962565893737,1.4900777433285535,-1.4133495517193446,-1.293756898008065,0.2318981816277866,0.09516851994056698,0.9707123351411281,1.3056184176843748,0.37253066579961913,0.5691399936074911,-1.3321157001771924,1.8890250391125853,-0.07353986411453116,-0.3296168995776439,-1.2276884412165128,-0.9025085757686149,-0.5355392536659385,-0.5357157750633745,0.13594280916193588,-0.7396819537807927,-0.8315550651355883,0.9249454999730746,-1.2558432039219158,0.5221139769217197
-0.47048462070575875,-0.17173537432551084,-2.0583757274504695,-1.1018680681878612,1.8515381440573735,0.24236923441826735,-0.9105102268855277,2.1947725724527167,-0.752084529001249,0.8574640546298369,0.36250985716945305,-0.5537462107568994,0.09008649597224908,-1.1491706413281724,-0.7389445628368208,0.02555094312424596,0.7250738637942425,1.1601255040611205,0.3443867485506502,0.5310476967119785,-0.046783970131420057,1.5348082081852346,2.543689845631227,-0.5906213416314755,1.4530689844561009,2.1882045479877683
2.5561125380384087,0.7769798530421242,-0.9409998733937724,-1.5585132564906405,0.729495599033008,1.9794966554092361,-0.07889871521364474,-0.6797233752876213,-0.4699250440172406,-0.9346684360725729,-0.9060431084535947,-0.9637491246052495,-0.08708577884871153,-1.445344373224147,-0.6184081142376922,-1.36214546356399,2.2112569439748313,0.9284306339002442,0.3697339980583441,1.541897300654389,-0.5521188526375006,1.3226961967216895,1.3365258544783847,-2.6158364752534258,1.297855357809556,-0.264947385146073
0.36827684820183604,-0.7263653039532663,0.5293190654283283,0.013298131867225739,-0.4461861593422692,1.2884537298714644,-0.4910970238528359,0.3421457039561098,-0.35557552013475613,-0.7963328071178308,1.6276369467279326,-0.22234895109221428,-0.3040627580794474,-0.036069180186038254,-0.5318292457815438,-1.5600349686370931,0.32069802875424674,1.38740216873995,0.9976276137797618,-0.06956805093491825,-0.24468778564255772,-1.117846800024739,0.4546710792846959,-0.7778899064526313,0.00609891452707697,0.19167013684273965
-0.23797962626356406,-0.5514310133705055,-0.14994952606717823,-0.3561536486962399,0.09906093288780583,2.0161393583655958,-0.6599436974560818,-1.0902348013251226,-1.3231623130279149,-0.3326166090517212,-0.6999022871834624,0.7570898756379885,0.8559332912069508,-1.0780773596245128,-0.08582012416569633,-0.5404735676108587,0.02305141333331119,1.1035822079614155,2.2047250264576834,1.6345817676876175,0.09487357357052238,-1.121499887894827,0.17026673412511892,-1.4971384143330984,1.5292109469401738,-0.47363581448229164
2.4132477054242507,-0.8933775071872454,-1.0687344325184736,0.6421274108391101,0.09081184189930033,0.11259665603407103,0.17974303085324256,-0.2393760355821327,-0.6279272362826125,-0.36846087029958474,-0.8211014907767167,-0.7858763266236257,0.7406566659507735,-1.2431756680148989,0.4762522014389859,-1.33016390339493,-0.7208799887068582,1.942594666293001,1.200985941883162,-1.0033942614541729,-0.2882300637362918,-0.5160005734276957,0.8462369141013822,-1.2833178505853886,-0.0752868328548558,0.7443297942124066
-0.14297285506773624,0.07486981584167147,0.6621607844302677,-0.14560764521108285,0.45219901871174856,-0.5730394610792969,-0.14195146748021129,0.49319673905849465,-0.17536560201181556,0.42002402377341547,0.6837535565856527,0.2930176233027297,-0.5848366049697142,-0.3852576989845316,-0.23826503966630413,0.8495303158196447,-0.6744921842178688,0.08764126020401393,-0.4367111954499219,-0.6006174358339552,1.691016242996916,-0.8477641785525396,0.5124910325698416,-0.14424498280521447,-0.16162166662342964,0.5860574488359044
-1.048648234389173,-0.05692603937263941,0.3837390993988063,0.2781410936644069,-1.0082878757525635,-1.0946768375431402,0.1901625983376514,-0.7960557577308721,0.6381865685496269,0.4394081963772606,-1.291816329758653,-0.33947771800015586,1.3580654393134055,0.5377720919653315,-0.08130991956508654,1.0108937098358812,1.2448032265140685,-0.6566395961845112,1.0639444675750578,-1.274371721520839,0.24394319607569512,-0.23397516468789942,-1.0567441352312146,1.4024484323521453,-0.8956864019328468,-0.5474921025045123
-0.49832465320427205,0.2804085900449419,0.45965677699623286,-0.40804294371919847,-0.8845644001296455,0.22964854973374926,0.3471716518893654,-0.4024720747176165,0.2845390905611793,-0.07195031528145178,0.9073770923315706,-0.030184567883872106,0.23190736533283965,0.6316317681283882,0.17551334553108916,-0.48147756071606784,-0.06804814818798566,-0.4386799900487204,0.23083899177165393,0.7620242884409828,-0.1978638757186495,0.9161614549910261,-0.579361501124134,0.43012479657967534,-0.07557153113161265,-0.5251405326479422
-1.9537998370146963,-0.2635601519952564,0.9919818112414912,-0.3947932243611347,1.1580401502487176,-0.5051910026391986,-0.8566313730234398,1.1078375707055081,-0.21590545376209558,0.28640733714565747,0.10557838649411161,2.755594698123852,-1.3710833403341993,-1.8502000586252352,-0.5510236175619164,1.2667844469775318,-1.624080689317947,1.073126699338126,0.1780514017812944,2.5181445406789162,-0.5088754899034968,-1.1022860507319576,0.6339745025115581,-1.1968458105156106,1.9709310005045384,0.8818937133044614
0.8935595824799676,0.813673500089072,-0.6050165686395126,-0.00759481402962171,-0.2920777836250381,0.024820996067059994,1.344010894392718,-0.7870886959333844,-1.6788596642000628,0.4442141895848257,-1.4518211635286877,0.2689142654844834,1.289601365857198,-1.113219800937907,0.4602501022717584,0.2078869733796394,0.20320213584136446,-0.4111766285778166,2.1293987136746866,-0.8985170580178252,-0.4063147018843443,-0.7623029978994165,0.24555219087921504,0.13271742432421327,0.032682047506892645,-0.10996171641724599
-0.5029861185894658,0.05631038139673118,-0.06671380856437102,0.04935584673516049,-0.1807632238665066,-0.17996018504955777,0.5693224455135976,0.6389307615415969,0.03188209424767049,-0.49124712697213946,-0.4604698049504788,1.6260023904067245,-0.5053471218983075,-0.4661066847739672,-0.6801521567183049,-0.7468603547082029,0.8220107350850053,0.7179532063402996,-0.37758004376611093,1.620582806321576,0.14865435105634348,-0.644877298383021,0.03311734101066607,-1.1912102960166444,0.5751138249605221,0.17629463137470736
0.9565537798132806,-0.5776373423398945,0.11134533483575562,0.32345197917389923,-1.6864758162041142,-0.5459093847620285,-1.2051777476332297,-0.635165130553156,1.2985820381983058,-1.014236483523896,0.1871172379352091,-0.617353516576028,2.296116624420702,-0.5702299388375797,-1.6524506544903221,1.1993911269530624,2.3754992497346192,-0.012025280051367574,-1.0126020168901424,-1.73275272968672,0.7700789639949103,-0.9198775381418782,-0.5657205003877667,1.104935974990489,-2.1487443824676267,-0.9273369223974276
0.579078889229746,0.4672493611204569,-2.069207953955873,-0.9856209467420087,1.6806031237156664,0.36073719469483156,-1.2759060930552653,0.9964400242700058,-0.7701930803816516,1.4099549844415495,-0.39534142143857415,-0.21022023262541553,0.0634792040494324,-1.161283559357332,-1.4829160463072197,-0.08736855628477057,0.173480541628194,1.3017682766505414,1.0309822443868635,0.20901727531936648,-0.051925433395670226,0.6751250783279031,2.73068177776079,-0.49844324413475183,1.4026375137558975,2.163370085561802
-0.23851983341082444,-0.05118839330558617,0.2611832786738973,0.9092423603151076,-0.3121842877983882,-0.9502438383925683,0.13797242129907428,-0.09571644354841766,-0.2633273693677671,0.9859280966526983,1.0119746483123817,0.5040873628571538,-0.7456307250466565,0.026631405479605335,-0.18966682151607756,0.2124024872692418,-0.9228885804901735,-0.7582376261144578,-0.5150852701964553,1.1272087000196689,0.5242962074172758,-1.129332951308574,-0.10772401424266075,0.6123857816153173,0.21394090993839485,0.33997314094422665
-0.3368344038727814,-0.5105847462992252,1.7082396098685597,-0.6173183123879522,-0.4246602370034935,-0.2171960880220962,-0.7970435015335805,1.1385415400872811,-0.7511194248753302,-0.6821352118937466,-0.5856118773774436,1.5966375283721788,1.065073737596257,0.20448003563054953,-0.5453034405412753,-0.4773032179486777,0.8620739724240353,0.2716577191786603,-0.2694195597263867,-0.0017867089582782542,0.5060736765496627,-1.3373833306790817,-0.06463179273894795,-0.6880696823957843,-0.3320658242981119,0.17562478164931758
1.0276817837058236,-0.9485829637639068,-0.5957073368986137,-0.9692177387142177,-1.1177840521408229,1.1126979010098428,-0.8099726384971279,-0.02040836731952529,-1.8040185252531131,-0.007528185056360102,-1.0059769604680793,-0.7952058023450295,0.9387958498285679,-0.38129098053725274,1.8315092115083382,0.11398301695711179,1.236422023847117,1.467292797406704,0.24034127022212645,-0.8293702555376896,-0.12876909370651543,2.0180363424905283,0.6833485070489125,-0.05768323430250509,-0.9911748646414629,0.7097584368883809
-0.651871287541172,0.45081209137101735,0.38239666118746884,-0.30443448250942196,-0.5972284594753278,-0.7025845646866412,0.3220868489462605,0.5609970651353903,0.19704226420987894,-0.24221557797104423,1.2407994917515883,0.32009164975194243,0.18661841573125695,-0.13114228945422843,-0.3150272432130742,0.325004810211831,-0.6864784162911363,0.19860425827987815,-0.2052389732098542,0.9898844844760659,-0.1355598826479908,-0.22940880485029017,0.03161623523972984,-0.11366217038370564,0.07295362630389249,0.0946336502778244
0.31518363667617777,5.029200504358399,-0.7810497886386296,-1.5937842220088623,3.0566330185445465,0.6923299404486222,-0.5155274406322079,-1.2874686149445866,-0.6863862522327691,-2.5990343781652614,-0.7023840030133027,2.432249741534498,-0.7904016206174906,1.47008902453634,-0.8153395568326196,0.7343967154052499,2.3600222356643203,-2.717435801805074,-1.3234622690555917,1.9103138365073278,-0.4862128997128671,0.7964799218511887,-0.5584215935170121,-0.08294409701173344,2.332831207491967,-3.5628257754380837
-0.7035569776473729,0.06873206046982817,0.18280507690266262,-0.5843751119161601,0.6563772725209415,-0.7360480854237017,-0.7996521115464901,1.081843100832433,1.0144992465626297,-0.05288147349570864,-0.38612922474148365,0.030484069986602996,-0.04472443428524173,-0.47845782611771137,-1.1547584832529278,0.7615877738321927,0.2893830440792273,-0.3315464285075352,1.3058403043261806,0.8051397164059144,-0.09688846560327087,0.9865600132660258,0.3751046499155544,-0.5998223160899694,1.1768839138985723,0.3132285035788023
-0.7035569776473729,0.06873206046982817,0.18280507690266262,-0.5843751119161601,0.6563772725209415,-0.7360480854237017,-0.7996521115464901,1.081843100832433,1.0144992465626297,-0.05288147349570864,-0.38612922474148365,0.030484069986602996,-0.04472443428524173,-0.47845782611771137,-1.1547584832529278,0.7615877738321927,0.2893830440792273,-0.3315464285075352,1.3058403043261806,0.8051397164059144,-0.09688846560327087,0.9865600132660258,0.3751046499155544,-0.5998223160899694,1.1768839138985723,0.3132285035788023
0.6128812328501609,1.04953274511571,-0.2336361700191724,-0.7101517455259079,-0.6794100072601159,-0.17866539150507024,0.4121744278923195,-0.9826474950035509,-1.723854885617585,1.4592084051626977,-0.9798047186457663,-0.8611822352316094,-0.004488945107130838,0.08240624620703767,-0.20310269121787944,0.6783379032659538,0.06925007819450738,0.69248525064407,1.4154364727768933,0.9832848476307173,-0.02035644294584496,-0.9962059991197801,1.0903041723063576,0.03157066156510382,0.5127223468113805,0.8840249848369535
0.13800330922243187,-0.48789675858588416,1.2334285914942795,-0.19543964869852568,-0.3504472551112381,-0.5657082311153312,-0.340704274688078,0.8100935740400574,-0.10532088443348378,-0.5395814383398438,-1.3679392061132043,1.6769638517498684,-1.2013774799440051,-0.2908981659647552,0.37347594066703377,-0.016925549559806033,0.8750307161895666,0.35278406831334164,-0.2283215641791471,0.5877244120862599,-0.4320917678631283,-0.7175175456459305,-0.29466690190868694,-1.006417643196386,0.013476343633863795,0.21067198562701428
-1.1256240437049823,-0.34995304140848166,0.740128083138332,0.14385452148555442,0.10077013421312407,-0.6249374559807042,1.5448857378872216,0.3788522141724205,0.6998860831100828,0.7683930976115243,-0.6555529766918954,-0.7131349814459135,-0.5129829736767758,0.5718208099413493,-0.8900340712603261,0.1618690109375745,1.0916200247185617,-0.48555191593575386,-0.31469885921165536,-0.24831986039556675,-0.23559931110054433,-0.5678814463519302,-0.2022235789415919,-0.46761110448633547,-0.15812681368801404,0.3916137157444469
-0.6318046568230529,-0.11516512793586392,1.5197717474459187,-0.4437498145316073,0.020644079710347294,0.4233951523822896,-0.6552777061074291,0.4809727474376522,-0.0393316178208051,0.03735088749667085,0.3254722382147361,0.07295450784941813,-0.03693701631464304,-0.5430692222959759,-0.6266624555099942,0.19870447179410983,0.01949033717672985,0.1817771983881077,0.9526670349354931,-0.3991691867501384,-0.08629829829786473,-1.1311946210885226,0.2793506763780075,-0.5502682179917845,0.10491270014802628,0.2510627388448304
-0.20191433191527028,0.02130288877267592,0.740128083138332,0.7135551307291701,0.2742540687328962,-1.062631388884139,-0.9738558230283136,-0.250402246678616,0.39138851030780253,-0.3782762676863235,1.1623423177845555,0.49939521119263824,-0.04291248858278672,-1.4504666819675842,-0.7610803340879646,0.730049975783478,0.5509734301461852,0.6220677481024448,-0.6509533291596341,0.16684563254529455,-0.24315698630397875,-1.219149736729879,0.06700083051189798,0.1918361559674113,0.045739607544515504,-0.2163891018422151
0.15457173749772204,-0.6841753874761531,-0.2745164114981562,-0.46808535226001474,-0.2674801505853518,-0.5378868038976792,0.6778393864345129,0.2272697269488249,-1.0156458551952046,1.031141891663148,0.8707839646608759,0.3948630455323485,0.2197910910670138,-0.3299568838307526,1.0073595782869134,-0.4432049930135642,0.01680298230763705,-0.3311439702055217,-0.140113205050313,0.7142261585540638,0.40109976312390017,1.0549266946468376,0.366778110435034,-0.27099650106256157,0.15108322297693624,0.779129979902918
-0.24969418824716133,1.145826345625093,-0.11045652828969793,-0.35963712584463414,0.37910699618990185,0.0900865238198368,0.34112353734577094,-0.5233515842425722,-0.20351972948507313,-0.45999030171021277,-0.1875234189302973,-0.12201137104869747,0.7591658216475162,0.6448390396335091,0.7720649467195043,-0.4955407727632496,0.08990252481822741,-0.4067128539350327,-0.011700325851938065,-0.2761081601228774,0.6625555385371176,1.1656042242947955,-0.4381265099917544,0.01728387303083488,0.08362088062069016,-0.8191800748386919
-0.6743138192232508,0.712957772397846,0.16723875608264213,-0.5754250148425721,-1.1468882989770197,-0.25619530702781046,-0.7564849759903975,0.6736536191190703,0.5181683347470957,-0.27355760418880315,-0.19307472173702553,-0.08195488116831133,0.6992193389114907,-0.3463214564439199,-0.8105420414965417,1.6282428982933024,-0.25382469693415655,0.11187992339991878,-0.3423362129060098,0.7099730924884763,-0.2385139282991144,0.4202085708171383,0.12875255785100687,0.2588012302644476,-0.4290178117641165,0.09778517376206093
-0.13304823653428713,2.151215472674679,-0.8946585491836251,0.19231351113192413,-1.2111459405620457,0.11381279605708781,-1.054768764363424,-0.41211738273152515,-0.7690738619950763,-0.6161755034486794,-1.2583783593162106,-0.5197225043818071,0.3276029132043793,0.4842532168424058,0.6356957672530824,0.8651769513608195,1.738715171590163,0.6927287176022909,-0.704963114488066,-0.5892718325775699,-0.216174300521473,-0.37774524788281666,-0.0074614155506539616,1.714025903619315,-1.2146935900498708,-0.4405112107667806
-1.301428443928649,0.8781669046632782,-0.7795510537934358,-0.579401754364395,0.6924001549258884,-0.42716367230334495,0.15777017012943206,0.40805684704445433,-0.31724566709009916,-0.13492907084430625,-0.5595636318536823,0.3023486949248215,0.9357450225488974,0.28084916465985216,-0.3213110701185829,1.1642054785867826,0.7458476412679669,0.2729555693057158,-0.18116239506963505,-0.7061937652896749,0.4204100525931504,0.9119781790324121,0.3106279321255445,0.6411626150724432,0.005137024846888856,0.0031267114851329697
0.18175567053839717,-1.0924649017707966,2.4283849508232556,-0.9264468848857412,1.541322595722857,0.753454693974353,-0.10878018744685229,-0.15881442462804626,1.3491846394792806,-0.49884665033762454,-1.2483744788547468,0.30350402075888555,-1.0661156518174777,-0.2933612733585085,-1.607719006413313,-0.46937706623677444,2.460691942213358,-0.4239369477137334,-0.0735110980447805,-0.5732792383780737,-0.47663348961924806,-0.7612843483971806,-0.2616717145129034,-2.706558100519666,0.6018359712206846,-0.5775165065855793
-0.6523561078574575,0.4052152711191003,-0.18203758676138154,1.3429849028737337,-0.9782943059045837,-1.0959380497686333,-0.8926918295475125,-0.45082387852759903,1.3920023909229915,0.40416424618845254,-0.3429441267720699,0.32336462200160543,-0.7359993685935263,1.9063335785468385,-0.15116683854952986,0.15430556302891152,-0.013955451952981108,-0.5018470510093678,-0.8390047332133334,-1.0997124074045657,1.0051923160718037,-0.5062707143890955,-1.1021861799750707,0.9804944752180028,-1.3691628557255724,-0.25573231649948164
-0.666569535026086,-0.7458617322394069,-0.034103399253234856,-0.32078295765100395,0.695322351618384,-0.9417691588910799,0.25256100801313647,0.546046627570579,0.565863505459768,0.6442313132070583,-0.6175912296765924,1.029604321758452,-0.5948049072261734,0.42328800082396567,-1.0615484764540721,0.6817863461594863,0.9586404729671418,-0.5617113876850381,-0.35552396908480455,0.3543661411911669,5.6850473034359625,-0.13664144845699058,0.0631412337240423,-0.6601312520468413,0.4747839299411798,0.4449462268091251
-0.44139462756445474,-0.07865063089148194,1.4356943346986701,-0.09473804136006243,-0.7488563143324276,-0.711915096493566,0.311348204208075,-0.6602243827200603,-1.5334254054671097,1.5303891929269748,0.15018083514565245,1.8274044697967664,-0.8745756545183059,0.19403083892539452,1.6592821174548233,0.7242224787081347,-0.2807905615036255,-0.7340563277391954,-0.7113066955605535,-0.9828434248293989,-0.4631532541348855,-0.9472054454777307,-0.429582280932895,1.3993224131963327,-1.1382538388444088,0.3980599445796782
-0.7874811158867215,-0.3969722621174408,-1.0075050647464494,-0.6174164773219509,0.1094672180017141,-0.8249216232131877,0.45653241433594394,-0.7315577684586435,-0.06688097119004419,-0.23767396277989686,-0.26771704127023277,0.43205781388817266,1.5476580248541956,2.4275535272622304,-0.6740904339901621,1.7842580350965098,0.25505223634183793,-0.9202707154758115,0.25134428545011367,-0.17218792963200527,0.8482574599649033,1.2783534715603575,-0.8473691968926949,1.5225398662668188,0.055959823912370685,-1.0576606260485737
0.2687833194000461,-0.4409317192141748,2.450851244165452,1.484421209338469,-1.8930699437351635,-0.7287970332798244,-1.0973026198697953,-1.1281588929165876,2.8738934605604287,-1.184426940817685,-0.9115842348727997,-1.403562786858745,1.907581250943861,-0.43442635612956076,-1.402570535106408,1.1958299644791868,0.9231134119092805,-1.5190564929911698,-1.3234622690555917,-1.4920571634006055,0.21664975824294277,-1.1302462232760957,-2.245663372679668,0.4991332168339913,-2.246173923246898,-2.005885937837752
0.28263851903424725,-0.30042250264633197,-0.9067958037871787,2.022770953894787,-1.143643473015243,0.3774973867446501,-0.6917083308680637,-2.0492229313998966,0.6136155278953426,-1.7911695501276426,-1.3272752764366276,-0.6460960525259937,3.3574711827371333,0.4159130002114197,0.29472838901074655,1.4741485085912853,-0.6191278935236783,-0.4189882342026889,-1.3234622690555917,-1.9394206483481866,-0.18278733241793,-0.9055461934207623,-2.180983564883535,3.374773818286773,-2.025513828367235,-2.5430962523399563
0.19684130613907563,0.42049772186287476,-0.3415610884982762,-0.4510369310239357,-0.44269484433350986,0.46706424396715085,0.07155043197412939,0.35734198515353294,-0.6059820439390258,-0.22519200718312435,2.019615098780374,0.7084064288012515,0.07670366164202268,0.4435853786031006,-0.6979193199627262,-1.3519274168304387,1.1729928540036898,0.7576946457397752,-0.10539760750934224,-0.8006382393972487,-0.20263273047808705,-0.7168852804376461,0.6999443959708946,-0.4832442810284712,-0.6852151247063019,0.3507366336206568
3.559335017398394,0.11889406159603161,-1.2877544076239775,0.45942397660579276,-1.8751608552804595,2.43731090547237,-1.652619633377978,-2.09976259963567,-2.013833987447232,1.5233540247025406,-1.19691150188525,-2.046026627030204,1.2160814393251946,-0.09891162238033745,2.3143714785484693,-1.3095525759648308,-1.3518905644761996,-0.7247896191057688,-0.4457392041178529,-0.4910085125190851,-0.38542483888655116,-0.4605017384782777,0.38542688654003604,1.6240186652330337,-1.4780119893883275,0.29602659001078474
1.7833101750083438,0.5498510510555075,0.5977722620718828,-0.8346343753876966,-0.40941314985748384,1.5314891947569345,-1.4242476161639885,-1.011388482511552,-0.9175638079373873,0.7808957230898498,-0.4905104132414299,-0.7395764498212092,0.3111047692722657,-0.5752220954604913,0.5710398916551858,-1.1589304780593506,-0.04469223635567568,0.5733290323562158,-0.5797218526597508,-0.28000694630538353,-0.31354444752040805,-0.5893433375886996,0.8869697954353067,-0.6771025642520546,-0.5537927963293431,0.5333593959592644
-0.7824310371279068,0.6069085895312067,-0.34575105630894004,0.18956116062257797,-1.0927396846463986,0.18993828299925777,1.6055087439379105,1.1923754598342762,-0.08564832862905696,0.6446360409938962,0.16372771066732375,-0.3339401115417575,-0.48469793016109175,0.031274869615302646,-0.467701344647119,-0.596465354177674,1.3492920884163804,-0.719611945227493,-0.297356221793135,-0.005049535735377219,-0.2511186858817629,-0.4562515112448098,0.2598820227834926,0.16130998064785343,-0.7346774089788665,0.723261834008242
-0.3135517629697775,0.06363909133719384,1.3362343376643306,-0.23380415306315844,1.3764640286517507,0.314075091802103,0.7078302717784495,0.9831888292052957,-0.08643479794234624,-0.5349015318686114,0.09685911081787058,0.03964960646502399,-0.9035302564052405,-0.7589935152031618,-1.1896333553675424,0.7459989151475734,-0.3473942194815987,-0.29817264946312627,-1.0242884925354603,0.8384980778919765,-0.18627432204726663,-1.1511109751494846,0.44197333029406244,-0.29523793479573607,0.9100003882834223,-0.011835717097145461
0.7731125860849812,-1.0924649017707966,-0.7690022662291875,-0.6997406114328766,-0.9067711778055539,1.4793602983627323,-1.293542251913747,0.14167168662087606,0.24504991808107984,-0.2092160407513849,-0.7953910762670071,-1.326062331570896,-0.5536621502714479,0.19403083892539452,3.4199966057697617,-1.2411009099511556,-1.265044618289234,1.6604611831382556,-1.3234622690555917,0.7177383058706687,-0.557166484314885,2.4591528321457536,-0.05307001848964744,-0.14759722631263777,-0.5815416885555769,0.6804596290847383
0.021274787159139934,-0.04646605086356715,-1.6088866856302764,-0.6421213190449897,-1.3504367466110034,1.9204611895351031,-0.5620615678310118,1.2817824246634317,0.6150084440322069,-1.1867085053897009,2.908098910099241,1.6321898582835297,-1.1649259678845107,0.2691655390434137,1.7934317927550094,-1.1918446846714743,-0.6948021885642388,-0.1339266257648972,-1.3234622690555917,-0.3619961263198504,-0.5637749025269105,2.17676178457745,-0.2915906940207365,-1.5112799569737592,-1.3724264099976486,-0.20167228086073943
-0.32411057643693614,-0.2551341824930906,-0.13308596583449442,-1.1870153261566156,-0.2933712570465369,0.5536938874825789,0.9726481380248353,-0.22033875528344601,-0.3804434094478392,-1.228443452757854,1.3006066358796051,1.32212853122947,0.28022363903582576,2.0625649567270052,-1.1703896548713946,1.923157806157479,-0.3070540115576252,-0.4442096953117104,0.49666993167933793,-0.992927348687849,0.3280268018337113,-0.12599831745086704,-0.5441046558439041,0.5647297679104704,-0.5093883984291971,-1.237898268049544
2.8985002099714947,-0.5433155050445011,-1.5406460765539378,3.6649207869495672,-1.8147816427760288,-1.085427947889526,2.489413823230547,-1.5193987427282063,-1.065405583480744,4.009326650918637,-0.6771945873404245,-2.2721023719811946,-0.07229189390116118,-1.3180550009497372,2.7744012933876174,-2.456498268727296,-2.7004151177682476,-2.4354240328363317,-0.32870946212615443,-0.8883666620127284,-0.5654613338560869,-0.8608661187019907,-0.2337298496795212,1.1571826509253422,-1.6021806307517676,1.6721044982375706
0.6134363388721074,-0.30484026901595057,0.45192533348783315,-1.4404125113911144,-0.11971343196937555,-0.3825491823807941,-0.5564070224941053,1.473905395446256,-0.5369720474212378,-0.5023845721641121,0.3573778675269124,2.627706602255412,-0.4961278566813741,-0.3340074519438702,-0.19543067422035432,-0.0604233027989501,0.5897448990796623,1.4450600482742537,-0.8478832378542671,-1.235785196195146,-0.3980774040936752,1.00942858850646,0.9632841352819803,-1.5079231073452994,-0.9341999829616504,1.0950389708378765
1.553292716707467,-0.9469948629029037,-1.4552323340676598,0.759248557077628,-1.2403793993150058,1.8408349872192196,0.5846502686375241,-1.0805180652317714,-0.589947035846913,1.0776310095921433,-0.7891290106285128,-0.7789045157044535,0.14412990642425832,-1.1539155360395952,0.8694870092305512,-2.080250840626524,-0.8326681121074766,2.061912184439076,-0.5329302370586879,-0.1644619297022139,-0.1310563227126209,0.07327060069346601,0.7181611293350222,-1.0921407180437521,-0.9711172992433461,1.2270729485332206
-1.9084231430617935,0.42992946539121063,-0.13597056893306964,0.2663808901402597,1.3306166403136883,0.6292795646246,-1.6862523635248856,0.5375157151922857,1.4526337359983759,-0.6535904469781338,-0.6924079968062223,0.5691399936074911,0.5954835662560793,-0.1418435878398092,-0.30016648142239427,-1.0618765258889482,-0.6998294173628452,-0.6591886619483425,0.2523837617237146,2.2611705697073634,-0.30040113733451157,1.1942497044304636,-0.6619381548270008,-0.9386413414525384,1.9686776665628993,-0.7563495999089787
-0.8586486396157949,0.9289439205345855,1.5980032869142178,0.5871491673284907,1.8281592490940475,-0.7974640522325178,-0.8842318901859202,-0.3453694843285271,0.6292281523251027,-1.8837194834761366,-0.5169404520473281,1.500449936403432,-1.1344565291231232,0.02947201719451884,-0.6004815080389497,1.414655751830934,-1.2710829867357716,0.6653872288278652,0.8735377953284416,-0.3081750081508444,-0.5053655617818364,-1.210965414867085,-0.7979248229899009,-1.2372866709590191,1.18764170929482,-1.4623009979816977
0.0060553985169162225,-0.3988025059060023,0.26952586947104007,-0.4745704819696866,1.3996169597624721,0.004967463904995487,-0.45187977586489675,-0.38287687001567655,0.11942354481105513,-0.17144829554652521,-0.5154520235461539,1.1261730363347466,-0.4565435897756886,-0.6208346422887784,-0.5786786663770583,0.17981156772218188,0.470350692359077,0.3670237465147016,0.4042662903481678,0.5983992370496108,0.32001240699874683,-0.3842786550350892,0.20172761506959053,-1.8242146467315088,1.2387605396914554,-0.19819546914278346
-1.1731453265485277,-0.4177996588001751,-0.47951945172291915,2.644442120133818,-0.9566071201301929,-1.4909989793472842,-0.2191358984406971,-0.04560061565271962,0.8758884096461161,0.7662897453929503,-0.06642701249046996,0.1517166207260205,-1.538908498733455,2.7229183062711164,-0.26988772681919426,0.3565367968456181,0.008666288060404863,-1.015335444774091,-0.8957211081542724,-1.0037361617307563,4.905115167570158,-1.1482306558672997,-1.3692332926790198,1.220671328940586,-1.3264843867152945,-0.05055235354187376
0.1658589792602634,0.21893664265020726,0.7337013871395514,-0.20890163933755523,0.12321084216095478,-0.14328359138329894,-0.09072989514014329,-1.1526467024859233,-0.693085337034874,1.1318378446140966,-0.03505246839600693,-1.277818996176838,0.38433130119635833,0.2509425707312074,1.0206946239316446,-0.18356240152097944,-0.4485054940653521,0.10769275797774026,0.7551256857223367,-0.9250292863893467,0.3840960601275908,-0.4419904182135033,0.14589783237441153,-0.08839770596278164,-0.15292872707698613,0.25580637216108254
-1.507966678944115,-0.5069224128512368,-0.23598972257650683,2.42715663006209,-1.1195265232993359,-1.9417463781477942,0.004919127855413144,0.4817787675985545,2.042724277644111,0.5528353892701755,0.20969480217273606,1.074588700258866,-1.5558485287691326,1.7762407762311123,-0.4647875192446931,-0.1490843775241858,0.5325582184835941,-1.1255293088234297,-0.9699033299025892,-1.0525204746371766,3.204029609477324,-0.8014331891232468,-1.5871203290206666,0.5724935621731035,-1.4686535341102358,-0.013809732779388772
1.428946481455677,-0.5652814809135529,0.3509836070421639,-0.5597257309303112,-0.72674823344619,-0.7617168100130275,-1.0871991932695126,-1.4598293204343085,-0.8950463682777069,-0.08396446392654287,1.6583680338488438,1.9093946066323253,-0.5729169605262596,1.8270835459905372,-0.3690609730839852,1.3220945411529084,0.4770850622212935,-1.4851786627302277,1.3026851412381228,-0.0531920787133621,-0.047911136205911024,-1.1522701280313394,-0.6941713192561652,-0.7563055470094094,-0.058232267284073984,-1.174127264501088
1.3981518634024732,-0.6788795820606158,-0.5752841548505894,0.5174970758744112,-0.3953648835453045,0.1403401683373828,-0.6719229957470162,1.4746501497632212,-0.2965998005859862,-0.8566548923651505,-0.6707654896163844,-0.08512696475655024,-0.06356412077310865,-0.4562458438952006,0.01938653126693572,-1.104770395212623,0.9155517125391338,0.8584217349892568,-0.5742760546317478,-0.2665593485791613,-0.08829075347806743,-0.8344163574887555,0.5939573083551262,-0.9164409227415093,-0.537284237277385,0.7548793410669202
-0.7117696625600205,-0.2643042316629183,-0.709629826347827,-1.2439170703314044,2.094745266700705,0.0158873237010749,-0.8576409969681174,0.3829192088924631,-1.3647029992644841,1.2271294654760434,1.4276366041546757,-0.7265073328907602,-0.1359560630560586,-0.6996943956023158,-0.018612407495929024,0.32161252816355,0.5567972713803581,0.9810001526965108,1.248250553167729,0.5294632489110561,0.04449943995777546,0.7833723238475233,1.9400221731519567,-0.46271796478281413,1.869191152572277,1.3472886247135412
0.3587090907334011,0.5622836496644218,0.49780272307795653,0.870917041997348,-1.236363056812241,0.5665986124698573,0.26393637389428415,-0.5482059826559751,-0.2871238765497979,0.2671839744981984,-0.3072413228863211,-0.9096370257477511,-0.18629440168752642,-0.5063200105498769,0.6116960083067333,0.782587831617087,-0.3985521251663052,-0.7861798528146589,-0.7944947498612085,-0.7015064176825633,0.1826125768018507,-0.9378619707330826,-0.4658548453128737,1.0754070123309003,-1.3117638295548109,-0.33976371032212777
-0.738068145402485,0.9196855595163931,-0.05654305931356942,-0.8851339835053531,-0.44749207106310296,-0.7271217265758444,1.2039263204808435,0.12330765449856418,0.31864692825603486,-0.664700464531291,-0.5716297842533244,1.7961105244396827,-0.24744697446337766,-0.08499993670373684,0.6951453289424198,0.8000244253980879,0.02224949160339439,-0.5031667324758013,1.1064682516880717,0.32108014137319707,-0.17830233153640437,1.5773979415162902,-0.7687206463729358,0.06637496637609866,0.2301531259876801,-0.7317122424000791
-0.5560123682355451,0.2231017110762269,0.8755173399075628,-0.4959816437054758,0.46631432291994024,0.0455047933305461,0.6150998331862781,-0.0747591684955136,-0.6259256272271222,0.2918281526873731,1.634608608960444,-0.7096768968934054,0.03749430492013246,-0.962852638027914,0.7568759985797989,0.06266935791003207,-0.6791365772262943,-0.310915875439713,1.9261839241803196,0.023308379541240012,0.045529667983636765,-0.2705060433887821,0.25357762259317684,0.09642118580141461,0.869345149583735,-0.04164868239860286
-0.8307786197268695,0.9196855595163931,0.9644614734316472,0.6587111789487196,-0.2907826645630545,-0.6282786310410359,-0.16119315146574398,-0.10405655273005447,0.5973152192097487,0.975309049661666,-0.10245288164398969,0.23141325658549908,-0.45975616302363975,0.5674101501989087,-0.7026738068190578,-0.3291087388376638,-0.6289109530893751,-1.0034275222131557,0.19524430640919807,0.13356900906530206,-0.1787864650079406,-1.0828614584996625,-0.36820679869827366,-0.2750700737196668,-0.04607809362128051,0.1331786049851248
0.18404022497357791,-0.9609321121357557,-0.11331405557399622,0.10917214906653172,-0.4840888785691025,-0.6105223863341838,-1.0889839303036943,-0.12379775635170116,-0.09629627543951501,-0.8352655889194649,0.7305468286773742,0.5509113214587184,1.0060671567966137,0.07907924682866493,1.6367899563266477,0.1865922545176955,2.7682359776805368,-1.6849205142206292,-0.8469339783109511,-0.7927584409587326,-0.03935711383726376,1.6911033661438188,-1.2444135146431905,0.8287245577821414,-0.9304590841457825,-1.2735191639229928
2.7032501125930084,-0.9057852201641239,-0.8626862577700314,0.06342936465654518,-0.5833364857628622,1.1475369833548765,-0.20824401145257185,-1.6311968794695877,-1.3515208174316156,1.6565475328197963,0.13678746529561472,-1.575302342217235,0.9145398592432136,-1.3011071241879886,1.5834666494027356,-1.7641517894437504,-1.0587137395296444,0.9225056598068568,-0.30898348578477747,-0.23773490448489326,-0.26503070585007527,0.6689497661985162,1.0369574009695761,-0.9155353620997144,-0.5531541001555782,1.1183350019624219
-1.1256240437049823,-0.34995304140848166,0.740128083138332,0.14385452148555442,0.10077013421312407,-0.6249374559807042,1.5448857378872216,0.3788522141724205,0.6998860831100828,0.7683930976115243,-0.6555529766918954,-0.7131349814459135,-0.5129829736767758,0.5718208099413493,-0.8900340712603261,0.1618690109375745,1.0916200247185617,-0.48555191593575386,-0.31469885921165536,-0.24831986039556675,-0.23559931110054433,-0.5678814463519302,-0.2022235789415919,-0.46761110448633547,-0.15812681368801404,0.3916137157444469
0.22867831789730325,-0.03203848050622598,0.057125425612745334,-0.8100120158303847,1.636202658123753,0.06430471422355497,0.4852772191572379,0.0982191902526479,-0.016395637649234848,0.6365920211405071,-1.1540562840442226,-0.010305493758871341,-0.3360311531385212,-0.28657215665710606,-0.4616705075498376,0.45314339061719855,-1.762828279192301,0.9260265926876403,-0.5002185667691608,0.08572134082121817,-0.13756670552524858,0.7774758967820449,0.9695035755894281,-0.1909205856577281,0.8518321236823347,0.9030886312569818
-0.880053402674341,0.13570984155022406,0.7102414685835908,1.1679243184356791,-0.03235314201862947,-1.181126613328594,-0.19994172259533363,-0.2254100065239925,0.8615366964507809,-0.17936548821975723,-1.2064960878805442,-0.4937173345775161,-0.013306506873782344,0.4308065471700645,0.9934695178889433,0.8369673192968972,-0.2731999132507797,-0.8855157968685704,-0.5563007212951002,-0.5536906230374795,1.4887347751610764,-0.3710010856611151,-1.3359498428635697,1.5941401080664073,-0.4595372905809694,-0.7386670010607105
-0.7784349069504228,0.1687394543470112,0.45465709122359477,0.06571376806457994,0.7660685720963657,0.17689060411691584,-0.056142091622964366,1.263120324947298,-0.27357874589998377,-1.2305058119108807,-0.22872656954721965,-0.8009874766063279,0.4367168460884723,-0.209863111230559,0.17152049718488083,-0.7659786603634148,0.2866860597531493,0.6257112338394123,0.10441257342685416,1.056769751385036,-0.1470742858526143,-0.7377500323110345,0.14083711521034836,-0.4859667314466654,1.0006928438442595,-0.09908650545645752
0.8300426117247985,-0.32022356262444357,-0.06281038624448325,0.25030248688458934,-0.1628441256626238,-0.579629294957497,-0.5842379878241917,1.2263793161311602,1.140137827630004,-1.087852590417837,-1.1333591617914536,-0.5906640189082027,-1.3434102271289499,-0.3699196543432517,0.29472838901074655,-0.27136897475742666,0.7649793738310843,1.3532697919401615,-0.857171890807418,0.18630651502689752,-0.381754813391203,1.4002660852114588,0.20589053306825555,-0.0102905995712676,-0.2640417903439763,0.5355700280233456
0.3403571421409292,0.1699475044965493,-0.5578244308912702,0.8430656140565824,-0.9122165179253169,-0.1738276170878922,-0.6110026326435467,0.30363099126608945,1.354310691570604,0.16869819966839697,-0.0943636247024494,0.08393604283372542,-1.3590197950288883,0.3814357805990744,-0.4616705075498376,-0.6287950750089084,-0.04698308441279079,-0.6181692128751931,-0.40874704429289077,1.2715676051408054,-0.36987192951428055,0.47946587117135875,-0.3546898236483579,-0.04826525709359821,-0.03549452198875451,0.11879430334300309
-0.021125269175500366,0.3891111832385635,0.27623512521754856,-0.20828691081654374,0.4412938297318949,0.18188691740409724,-0.5828722845401545,1.1861186407813162,-0.28390855521377467,-0.19034055874373065,0.12938379897088698,0.25252060975889856,-0.2823129995641832,-0.5686634849998918,-0.4632135883027341,-0.5449414444513758,0.5187354611638636,0.49295372568156987,0.07677628615300042,-0.38772293647101735,0.6701501462577037,-0.9305909208378101,0.8320679463472198,-0.9934181891721167,0.0921725265544633,0.6972891919729635
-0.2136745250051855,-0.4060281558629272,0.907485774059704,-0.7591605067078854,0.8796407152341851,1.5447250473570249,-1.9813524473945274,-0.16977901888207705,-0.5710596465076453,0.5464249826276529,1.6276369467279326,-1.3112804559394848,-0.4199481901685904,0.2310111991397322,0.05629830205143216,-0.48147756071606784,1.098190382638712,-0.4386799900487204,2.406860756929798,-1.3489408807439967,-0.47324584573324485,-1.063507117957176,0.6858972229141794,-0.6119581579800256,0.5840743761116653,0.10287923987072237
-0.27878278305909115,-0.4031560355871621,-0.9350463616965577,-1.456988299258623,-1.4261062518217762,1.1155369016891776,-0.1107389450409399,-0.39468318581935596,-0.37297123597288245,-1.779227960853569,3.765311939971248,-1.2429374744637147,6.133154800144252,1.5820579715449903,-1.0340953592311237,-0.34521467024079844,1.049393791390733,-1.609391951623047,-0.8240047927730291,-0.2665593485791613,-0.10498132911435437,1.4732144497850397,-0.8159115554601023,2.151005497475906,-1.2186160530074404,-2.162320400868032
-1.0650604940330841,-0.4987898782829096,0.383001363084468,-0.3890636159900801,0.44617508492366187,-0.42925672246419094,-0.37026550302513145,0.35220810637062006,-1.295620739160524,1.701998898411461,-0.13732413791900758,0.22084097774864672,-1.0306957376654262,-0.32480472540308747,0.32050461462797,0.8416386697802407,0.5128196914901769,2.0589797446925395,-0.7857580490937338,-1.1207284300212963,-0.43027399199241023,-1.0403591861649817,1.3965468235269094,0.06865381959725059,-0.5263720160044322,2.017098831669118
-0.8885771999542055,0.5618763770699261,-0.09560121238929821,-0.11715893756120696,-0.5242075545798635,0.5466721405672972,0.6375064559004952,1.2877168162049635,-0.602085542133572,-0.07601614210571929,-0.6707654896163844,1.844557218088724,0.28554680434899615,-1.0999207329815766,-0.45946887350490956,-0.42960975079322355,-1.0920794702348595,1.2697240160913075,-0.3245473164904665,0.3501090614375995,-0.40845404512507727,-0.8030841038337676,0.6295273943688144,-0.37166182830838945,-0.23447009695291518,0.9760197663520465
-0.1276629701558049,0.3173956730257148,0.3875026068407347,-0.2177383374717644,0.5512510006325331,-1.3804103635456064,0.49847036515503823,0.2141092079401045,-0.17060508705546432,0.34202653686190865,0.7814362514413459,1.1387392951082338,-0.6706353768590507,0.3059291502342829,0.22671346721569635,0.052284821679656354,-0.5974364783459051,-0.41149850139278776,0.0007728463496813523,0.2775454648548033,1.069115902966314,-0.23018157343819357,0.009029852037945778,-0.08738224702298492,0.4604187702258957,0.19134133842932385
-0.4022169755112472,-0.6673169817246323,-0.7547784171909433,-0.7750174289073745,-0.14266699970978264,0.1780897193058392,-0.8276063130396696,0.0418965996521879,-1.4579383374047925,-0.6048359406685598,-0.4293632395911388,1.298435845051223,1.6099159912638201,0.47396818936511054,0.9777152187522671,-0.32016838827040145,1.1003401310826326,0.8677092058528515,-0.16826546100850323,0.7360241309319597,-0.30850007301925136,1.250504805892997,-0.05492381400931706,0.04815414433300475,0.2265888521862738,-0.1628128437226445
0.41888131543723,0.43295008913557975,0.47624303614673175,-0.40804294371919847,-0.7598226242958392,0.6230475020142164,0.295426671905279,1.045395828259074,0.16834666947775864,-0.35659926193802355,1.2008162922708296,0.5747773792535006,-0.613090576983829,-0.6295811342433065,-0.7649608863639847,-1.4853296936295761,0.32069802875424674,0.2724111932802008,0.3344590758268037,0.4421810809887133,-0.14277766061319666,-0.5452955280782114,0.5637990851755934,-1.0738118871983275,-0.12792438091282657,0.49262146090301095
0.5737158793664168,-0.10891374345504343,0.7337013871395514,-0.6700709758003078,0.12321084216095478,-0.5781194482323266,0.24290937878710145,0.40327104399649066,-0.28444116410648,0.8786863367280672,0.5382887092329379,0.48129774563086847,-0.49778168933294076,-0.3868613201960057,0.16661670049529415,-0.7856646179994742,-0.6872238287335041,-0.8092964694792572,-1.3234622690555917,2.6495765903309443,-0.4526709373526566,-0.178335826358863,0.389733640986027,-0.12228588183048833,0.9722668503102674,0.6596757099472068
-0.8009389317773687,-0.6387786531845283,-1.1977986791463098,-0.36815695549673133,2.3360553903491237,-0.09646534938559342,0.7888297512716116,1.3501351754309572,-0.6486182239355708,1.2719934413496212,1.4358982362058952,-0.1553174278617655,-0.5785177573129427,-0.5840206641039706,-0.9905780350108939,-0.22363346125219305,1.0609120425827812,-0.03993040738338038,-0.09072212965938685,-0.46769302103729565,0.07775635144337989,-0.4544600931546711,1.7273189834290097,-0.16296440599703152,1.1154242635296563,1.517585550046801
-0.5795720949856483,-0.10596897950799045,0.2871398180476302,-0.39542794145613197,-1.406046913816396,-0.0290053721847851,-0.1073785615037778,0.946311626173415,0.5594919781222186,0.3157905686940605,0.5465283429234137,0.857760635963057,-0.7842586802691902,-0.483868618576552,-1.4699397995025036,0.3476335659111451,-0.7434489055615314,2.3373859254190856,0.820915039295291,-0.5721240846802809,-0.2807560923568498,-0.675998796968581,0.9710124834214626,-1.4032599133573784,-0.8582309608548178,1.5249180703406335
0.4661492243933647,-1.0924649017707966,-0.4540456089537792,-0.2922899009756754,-0.7488563143324276,-0.28504326632675486,-1.3262951183652125,2.4818989910240163,-0.6776177309777551,-0.7310976108548923,0.4878850892216018,-0.24487371395912608,-0.6300701274730809,0.832675789928556,0.2842479456279196,-0.7239105445145,1.4533713480710189,1.2463716887759886,-0.011700325851938065,0.04290428575159407,-0.3596180223707803,-0.3704039462977352,0.9381291806842524,-0.5362385941599357,-0.4224810741873393,1.385763274622009
-1.4182808646303056,-0.8537042944984942,0.34932209656030533,-0.5607027537142797,0.12654129839903247,0.1108958225236209,0.9343646856218253,1.2971989418202374,-0.16599357775042398,0.10088750090432312,0.4585195019106498,-0.04410952318882445,1.771798025430421,-0.31476174991727723,0.41912669525038876,-1.1848845658819538,1.1706275584664576,-1.295699450999925,-0.4584598282473854,0.8204304393670497,-0.3452791790400917,1.043850973537358,-0.31288071125798045,-0.11847402609175978,0.338243603225971,0.059878913097791066
-0.28916756536316324,-0.19467297251799748,-1.4117884686795439,-0.12676620388629953,-0.9855134666763495,0.6830756800188656,-0.7631600030825182,0.6576445175358496,-0.09391375680713829,-0.012977194227449486,1.0519524127871527,-0.2614450653870994,-0.3394283395344446,0.3423553354799034,0.1777872019462325,0.6148656057983681,0.07858285432545241,-0.7100184350443124,1.2786159180077867,0.8953649171608666,-0.22642826496138252,1.421501190791861,0.0967573478989254,0.5190060610507448,0.24821729293758588,0.03852638026100814
1.0420974052153935,-0.8713309165118857,0.10399840125231317,-0.47873775505920263,-0.4680010202359281,-0.4879745055000153,-1.081198164718338,1.7839056311196677,0.9027905269666164,-0.3808415235371018,0.8799846593903217,-0.002241201198095819,-1.3182547275038945,-0.45192587819663443,-0.2621418812029547,0.8623713145764498,0.4161141565559837,-0.9455114240724216,-0.5223190688439644,0.6036053038102609,-0.3261250160543512,1.497517291068429,0.36342090382305864,-0.9471570940433442,-0.13691923295577385,0.5364495145726099
0.07742398797510985,-0.8792030001295168,-0.37658054114494094,-1.2057275042954385,1.0602654225441626,8.735905118751813,-1.4026124770870745,-1.3965006627529313,-1.2189887872005416,-2.2426963333229812,-0.4235885285756215,0.31496505244179057,-1.753193209834946,-0.5131836442243082,-1.0849253180548015,2.1683384893836894,-0.33494046106788183,-1.504902537168319,-1.3234622690555917,1.9376809713674807,-0.363631805138444,-1.1933322407249276,-0.3720825543945506,-0.5122049848564385,1.1732726621930376,-2.952225789125612
-1.1893851218077771,-0.03187593813632027,0.16302612515018577,0.16158125718090297,-0.2795170741816133,-1.203519993895974,0.3211881211677427,0.5642527237750969,0.96877327371064,0.08084260014305394,0.16032645651274094,2.016544806917423,-0.45725036787968804,-0.19196159043627345,-0.9946360297391948,0.973050976413924,0.13001933988006764,-0.4068182220059996,-0.5549837057624641,0.3345600189103526,0.5810714110154996,-0.3556862172826678,-0.45437833923768717,0.27996035851212536,-0.1681888902724531,0.012043356447387714
0.9939320794757877,0.30536992625977366,-0.7155550759036641,-1.0847422469337586,0.09814158975070299,-0.7028602394900278,-0.08466372652328384,1.2559947959647744,-0.40166838139098915,-0.15386496513434572,-0.5375078276999183,-0.4086901711730305,-0.6411840150660458,-0.7741822285045318,-0.2081423398488987,0.8746778577442533,-0.519397605572864,0.46893093849110307,1.5703640783754986,2.1263009515010274,-0.27623033255458646,1.3109033425907326,1.2186647014502374,-0.05374562644395495,1.5778266519586794,0.9298094027595313
-0.40552066508409995,0.28891137965599706,-0.24277406372091886,0.1028255828970234,0.8995070294961539,-1.2049496876962371,0.36159319228512077,-0.2845180911973621,-0.05609709076827008,0.505853704659615,-0.017625518833011864,0.21806972104734276,-0.21042688727278402,0.29475930301882297,0.028922575058961855,0.628324198466141,-0.002723550701402257,-0.11682907637086999,-0.7547612836743033,0.13035300107907793,2.2339115228500623,-0.22919804978086167,0.05860253103359224,0.4292622774780282,0.3637284894479461,0.0968292844145131
-0.17150413564235795,-1.0924649017707966,-1.1160378423011652,-0.01791231817621308,1.9488559366668101,-1.2652674689320251,-1.1534327676491432,0.8385575564052611,2.618950459600812,-0.8277423460592457,1.6276369467279326,1.7135292797473787,0.9320485175380793,0.6761451646826832,-1.5067433791262965,-0.5515137560356151,0.6168855921388049,-1.6617568253744655,-1.3234622690555917,-0.7519002268330932,-0.4313681976855017,1.7501473182454295,-0.6115632077804645,-1.1112880901616267,0.3746629769868131,-0.7894253188084654
0.24855888680448543,0.18959594661744172,-1.63543945180784,-1.858964546419531,3.9025659288254113,0.6212980903309235,-0.9375937849917862,1.5604794624475575,-0.7197629289554047,1.675243480867507,0.2973515606573507,-0.8364774079344377,-1.0219211545226996,-0.9755270125226011,-1.3195453514920052,0.5036619181950709,-0.4952583715425129,-0.0033925777479194385,0.9989178249430942,0.7508235535496585,-0.38262499760306223,1.4842503301711027,3.0971879565111315,-1.5494036694668745,2.9645197512219195,2.1232253324121544
-1.4554491943008772,0.1871065080768822,3.1480800441571994,-0.5512170956174979,-0.5342147523301204,0.3131298808002008,-1.9813524473945274,1.2060469131940743,1.2619706575038816,0.2822646611907534,0.4714916788295656,-1.0780712530167398,-0.13304736315178006,1.3122977834003762,-0.3441716498316887,-1.2260371128996026,-0.1278967274398416,-0.39145801243736295,-1.3234622690555917,0.02980071254539863,-0.5925958389269197,-1.0518804632937222,-0.2987168537924259,-0.845667125719113,-0.7004510798794042,0.4727488467420458
1.0552708276399017,-0.87058635763896,0.6933722468441723,0.5495504098863113,0.5750763794321648,-0.08813605847203031,-0.17498223704096189,-0.15802684434492864,0.4218574063870401,-0.7135258408177373,-1.5929189005393003,-1.4439191716220103,-0.7535577673949116,-0.1008159388104675,0.8245730266981123,-0.6194276424060844,1.2900391452855284,-1.1032270231961125,-0.5196216169914,2.1014888723774576,-0.31717276870428807,-0.2765476887123903,-0.806508219794208,-0.5611127113417198,1.2123085734862145,-0.8352460037145167
-0.330688876186222,-0.9746848703013498,0.4072299685821897,0.7083791198319611,-0.016436170073692788,0.7674494766850701,-0.6229426779463368,0.13153665395590045,-0.585842109048602,0.14570073748701504,-0.4011915260668234,-0.8982730014121728,0.563369216164219,-0.5229717483938774,1.647323734871094,-1.3506398881535573,-0.660770679940965,1.1377691287672356,-1.110110460598876,0.12250937123480939,0.8230822902593911,-0.6767715655564832,-0.03469510087000727,-0.02992218503653559,-0.28602156588214983,0.5461737971659181
-1.3147481295146113,0.38838740400797783,-0.7838653893815101,-0.9240674070778528,3.484681486194302,-0.4343684683401638,0.42984733901000705,1.4507058800714894,-0.9696981592093749,-0.13884998635540605,0.893889080076957,-0.19931801377885489,-0.1894794094969239,-0.6746613680570944,-0.5089685333240214,0.01758935020142385,0.6481683235524549,0.2798257170794058,1.0907692623686611,1.1954298032583281,-0.09666913246288901,-0.10422029360995617,1.5342041485744677,-0.3259431686721174,2.9651525722732712,0.5766249523721068
0.06397079019571349,0.23433900978266914,0.6169479459872064,0.16222853442350096,-0.26133391703284403,-0.7052303027325645,-0.28106102456172505,0.734444332317771,-0.19972596643750665,0.4539354845702987,0.26123793883505864,-0.002241201198095819,-0.8982672555029731,-0.2798472445370777,0.14750981182781442,0.32088341519310587,0.2729899648533785,0.264011726953631,0.14530026466572496,-1.292270674859836,0.5040579278885203,-0.8683479236666907,0.4858882445742029,0.006811641144185048,-0.7440717458546643,0.8458517763317046
-2.252863014024631,0.024449125469126375,-1.5163570462047327,0.3418013433413871,-0.7622389298809978,-0.7287970332798244,-1.2235954523733283,-0.7495396834214723,2.977016472184543,0.10922017151516235,1.6927451821535922,3.460258889826971,-0.03693701631464304,-0.8689978207952214,0.14924562408641914,-0.05769922632491025,-0.5226835076628001,1.3272366231945605,-0.31184924505955386,-1.4920571634006055,-0.5686249662254503,1.924091916677033,-0.9917980490896758,0.1274681361230135,-1.2750729266272554,-0.23036600442851907
-0.3489407912312797,-0.40840336951658784,0.0014972379013090756,-0.06542995838075653,1.0816446982453314,-0.015725052830508172,1.4219990388944568,0.5186381532265263,0.87566209344956,-0.5234284739624934,0.6573214796749333,0.2812236886417566,-0.2816074494393368,-1.1080873117358443,-1.2992056179283389,-0.6988563399604755,0.7511436226003179,-0.02324526550458503,-0.08432382443760794,1.1982948503014832,-0.33020466353398054,-0.23762825255798845,0.17338589080648503,-0.8297484739685714,1.1983961206723834,-0.16363946368895202
-1.062209729330668,0.052164113738107115,1.4356943346986701,-0.7582892472463749,0.26994925646193446,-1.065346611792969,0.9030128884926172,0.5075136721727318,0.3446928479233382,0.6998679845902097,0.07392503583818003,0.3218783839825277,-0.6054223928919089,-0.5185369621938822,0.5006183896604771,-0.6905434241637483,-0.8522929170565595,0.16033051842895252,0.15755927972272674,2.2720334360804078,-0.14880085456105982,1.024568063404309,0.03156533558078659,-1.0586574930137769,1.3220546963030093,0.6650674327101567
-1.671882199288226,0.8584605865989374,0.23181395392885296,0.14635320836820168,1.9263461425313864,-1.937299363353996,-0.5107056478468057,1.9979405012700544,1.6805159773576825,0.1186766562544378,-0.6974124078147085,0.7620720997294672,-0.9231349347661857,-0.6545711112562439,-0.6087961510456034,0.25943166345387764,-0.07681685894608138,-0.18268716405030877,-0.14546552400757382,-0.1773047102872618,-0.29440754694589144,1.1013012967023554,0.38104027634536763,0.04161956010635728,1.0006928438442595,0.8316216199172453
0.6313737579474041,-0.4892802097144537,0.17442625636465536,0.33918665257251485,-0.4959034437805094,-0.21503758861061123,0.2693765675654642,0.29187974406852424,0.14030772451067586,-0.8564924961200371,0.31787379426345796,0.26077370875118405,-0.15343821476907374,-1.1166140558106663,-0.5760597546667501,-1.5002878436596856,0.28003154407902153,2.706458414494694,-0.7771449380188298,1.25606127935696,-0.133441729113569,-0.8483261920710146,0.5856721742506978,-0.6933484187471797,0.0898251379941124,0.6584434617769978
1.1544113624632926,-1.0924649017707966,1.0255182228981383,0.2288679844928382,0.17843445373651057,0.683691061435524,-0.9416393612026495,-1.225014969764175,-0.1598416488466599,0.20950289340143005,-1.1417342763774574,-1.1995569773299837,1.7225847984562652,-1.278303502631483,0.8935760492806529,-1.8545127387248634,1.2299249675161466,-0.11124730563214745,-1.3234622690555917,0.8825233572950938,-0.5022430719700286,-0.800871175604772,-0.34146827288008097,0.2837436635505788,0.1370053891427997,-0.365404318762495
-0.7764311002953339,-0.5874999392638581,0.10105041536303201,0.45562554455182425,-0.9122165179253169,-1.215656566575474,-0.6110026326435467,1.844219498866903,-0.4639732145373453,-0.741095342082929,-0.8008253975969647,0.08393604283372542,-0.8794938691427788,4.114421312324787,0.5907105659257575,0.6077060285637851,0.19813765769856756,-0.24153608956718492,-0.40874704429289077,-0.9871871840393607,-0.36574028803568,-0.8623765300328925,-0.7978642692787731,0.22429279453905113,-1.1446528290776146,0.2546028449731289
-0.2843132529284078,-0.884585003956426,0.1003575921808511,1.1005441881123212,-1.1623242533945561,-0.4982547482712715,-0.8530833570159598,-0.925113890979144,1.230106149088346,-1.0397815048435604,-1.3412575109310974,-0.13828966253840722,1.658312634521563,-0.3932997190949555,0.5384234936631688,1.2795903032968974,2.1146416303263345,-1.006386477988416,-0.5703371155443459,-1.5353983720284743,0.13103930286176424,0.8232130472629178,-1.903356171964482,1.0339293540140888,-1.609790786328799,-1.6930585720602453
-0.7156381919369081,-0.3838850350271895,0.7245018827864577,-0.7025286417097101,-0.6724458965228507,0.21985889838667802,0.9030128884926172,-1.7836179545156579,-1.104658858873149,-1.334347812856259,3.7342034025968602,0.04213536128055768,2.3276580222675447,-0.24284108676082844,0.8792666667174533,-1.2744680303019076,-1.5137539767243076,0.4449081513006363,3.1689697622386412,3.4301356899621744,-0.4660047095172504,-0.316029138385267,-0.9959061581947286,0.26880065846488965,2.249908280117727,-1.9146960923152236
-0.8056628588870914,-0.5004309979055437,1.1065896589554651,0.3504874653358363,0.012889191571110901,-0.07313154229784935,-0.6218934570178635,0.267786844924767,1.8047494243579645,-0.7617540956225483,0.20735950981642462,1.042633636920129,-0.514850910987965,-0.4007898640476298,-0.2885767304336028,-0.1720501960458086,-0.4039073440041058,-0.4353186467909668,-0.003541474788473868,0.1751661572828794,1.3105373915007337,0.9640101638129129,-1.0365129814534708,-0.2991444812605653,0.09251476431659653,-0.7089134392164673
0.8140510314888951,-1.0924649017707966,-1.0414928573551028,0.13638653597112482,-1.6360184686758328,0.351267551674709,-0.9766858697259714,-0.25605846655143427,-0.4364710811260323,0.8521386130546259,-1.177869602231678,-1.5811742525804144,1.3573957963671441,-1.0203654096113501,0.26258051211735606,-1.4328681241018257,1.0794706630427777,4.476957533898309,-1.3234622690555917,-0.8745666854215294,-0.501822133945198,-0.02694343481962792,1.554755350125923,-1.100666841970676,-1.7919214759812947,2.2920307073780544
-0.3363808459331126,-0.1015186219639478,-0.06449395390261653,0.8433083709923621,0.450346784222891,0.28973590850311837,-0.46868716785972786,-0.08055085461431384,0.7369985730712593,-1.363829965585649,-0.13420169460251585,-0.5382883881465306,0.5080065855828187,-0.5340837220867234,-0.5012337058007996,-0.8969554412207493,0.7349152226604712,1.641983505472205,0.2472000576750988,-0.4543418343361447,-0.00020573225746494406,-0.8009414272945814,-0.15234588729294565,0.09966630246574872,0.11644140212609737,-0.4821967852523433
0.972968203520965,-0.6753894105862683,-0.4341116433034373,0.18752355552743513,-0.11919578276236782,-0.16346584634253664,-0.47223303114977655,-0.19039739091813745,-0.5879068790237684,0.8818907861949785,-0.4632439808024339,-0.06667147608798765,-0.30993037489408776,1.072821508660199,0.23436634167927467,-0.06923919586050589,-0.9390364180458995,0.16727771199815272,-0.5679538080965254,-0.2509474900977241,-0.08462658965435715,-0.7026593132512435,0.3338354205517988,0.90882697383529,-0.3654340184012629,0.7680598222121624
-1.6758117955360128,-1.0924649017707966,-2.0339921192205814,0.8007224370615268,-2.328004949063689,0.48006034184108154,-0.5155274406322079,1.3980381278131153,-0.48690239368120347,-1.1160922117509227,0.8089809373593903,-0.2559514661887547,-1.474315646061614,2.0305199844330386,1.1859096976455612,-0.14737046501134324,0.9616284937831271,3.997130126022118,-1.3234622690555917,0.2995624704526193,-0.6517161782703943,0.8383923628841808,0.16374127051347862,-0.3503371375239634,-1.6219545595871634,1.1619279436507433
-0.20651351549074332,1.3942493475558246,-1.1485844640304461,-0.9645311567578719,1.1580401502487176,0.6400134945653955,-0.9269264401716325,0.42292970824618425,-0.8185913566030286,-0.020280142140798516,-0.582971914564045,0.04837319883651918,0.5967824875946462,-0.41905236563431314,-0.6230025117383131,0.870353152715945,0.38775936386018434,0.2809979547392673,-0.338093922568885,0.3166577090074451,0.40711179174568096,0.7120175882105556,1.2150229075242107,0.09425678081624374,0.7334281664308966,0.2879915899935914
-0.8447095700385727,0.7394083675490767,0.25632244900322676,-0.9446117815245997,0.4019882955017746,0.506374754891603,0.7729889064090495,0.052074841264654545,-0.6092005368653339,-0.7918726997850529,-0.7591595454765896,1.331521222970131,-0.24625064169538208,0.17743459412096377,-0.6059676870459276,1.0868385936784486,0.32336838995681216,-0.26346626767114495,0.9186552521978356,1.0392858156824771,1.108399062547437,-0.4239357339324905,-0.18451357735739093,-0.6043493374518527,1.0250183184011477,-0.7926221107786552
-0.7436222291177708,-0.4851107302762762,-0.3321269029116861,-0.5989732314273322,0.4154929094325575,-0.13816263659193811,0.4909606976515967,-0.4796789872529111,-0.7682022126525356,0.04651394521331403,-0.514333987390894,0.37274075174652194,0.21288239520299765,0.34793578916714346,-0.03489845932010301,-0.19003661890246892,0.5008674221494619,0.595908527926427,2.1604646123562623,2.0717601139805537,0.19371957888078267,-0.16512850867469792,0.013179580344654648,-0.1745187517040422,1.916394088700456,-0.13782483201833357
2.145348009299279,-0.9213014534405227,-1.0381470460827185,0.812204586875251,-0.08848506708117343,-0.18155918628631615,-0.5878668565503485,-1.103573229962359,-0.8599631161672484,-0.08044006890766188,-0.5375078276999183,-0.8346129599291823,0.5507804292794262,-1.1071655585730251,1.1196345599972584,-0.9066063619155006,0.5884208133200293,1.5966292057464442,-0.3933038002384555,-0.011082435857931682,-0.21279147451602543,-0.5868494026004654,0.4447085310781765,-0.2185047081448539,-0.17666012470915374,0.3006807430262073
1.940108515092874,-0.9313452743694385,-1.011572796893622,0.040082650119663485,-0.5210573670240061,-0.13962156705232365,-1.1068749372478135,-0.18855376421844094,-0.497144841186296,-1.1011358879453992,-0.18504637061189183,-0.016872446797719865,1.003827595278706,2.3408808949870794,-1.5590801110641195,0.3635801994354353,2.866897228901207,-0.6108023058178236,-1.3234622690555917,-0.8553344442064109,-0.19938779326041697,-1.24542386871859,-0.17344153628838624,0.6146016313854681,-1.127364603630936,-0.796561433891064
-1.798785042819707,-1.0924649017707966,2.6461159979531805,1.120351153996262,-1.724212824019383,-0.7998004732926155,-0.22811077263959656,0.8020566849016468,-1.208564587853044,0.31778201533353034,1.4016730708388772,0.13937224082937028,-0.5222000420119524,-0.16175406457463665,1.4728535245744188,-2.001674976769767,1.7842130478308869,1.5640874133506186,-1.3234622690555917,0.7733128722334154,-0.5895687476341747,-1.3770404095764814,-0.4309810880998665,0.6014255877470982,-1.0345525559474698,0.9460566278315545
-0.37283373647134166,-0.2953125516842386,-0.20004830469941784,-0.7478341337082501,-1.334669517539186,-0.35446731397485176,-0.5391697794509551,-0.2823724329960478,3.1641348400508797,-0.33126898859817266,-0.7267608568902818,-1.0323321577338274,-0.4760217863407566,-0.311765055619092,2.9712983974572458,-0.027371907192553065,-1.1697942256970786,0.7091588103957708,-0.8421302657026383,-0.3336966351535669,-0.3832789775566381,2.435885849671162,-1.2974941850513293,0.2992649619954647,-1.203353243515279,-0.19701336168759326
-1.0177709323472381,-0.2946691680279944,-1.3081653574972596,0.9947269810540059,0.35616536953521033,-0.4466275184237964,-0.032834460197158355,0.007698735568758101,0.9882155337194783,-0.055052477669960465,0.6882181213005552,-0.03871486738061044,-0.13795095227612367,1.3038595025330817,0.09382361840096107,0.7237215679425791,0.17439714998802414,-1.4694695049043105,-0.45636539134470205,-0.8675497481717672,-0.1504542084248733,1.2656841215142625,-0.9621693601564867,0.9029188065985742,-0.35508250877706876,-0.7614127518832445
-1.158687478578887,-0.6501969312529746,0.10399840125231317,0.8786026226688751,0.9786687021856635,-1.6611558105557818,0.7191104006340413,0.734444332317771,-0.07722413383704863,-0.15317506678053822,-0.6668821419978368,0.8231628609048495,-0.19828813550143765,-0.45192587819663443,0.3523356583431986,0.8623713145764498,-0.6573172812135559,1.6934481781662385,-1.3234622690555917,-0.8801237229750323,-0.31301229343122516,-0.7610735933277527,0.06431243394144001,1.184166796147999,-0.2583497355355498,0.725489340407115
-0.5822070581325053,-0.13742247268158705,1.1800773374896432,-0.5607027537142797,1.5397648954230234,-0.07676280812942189,-1.549394353614327,1.8367770423084444,1.2448487841794897,-0.8823676311747496,0.4585195019106498,1.2926861860865975,-1.7551499077174135,-0.4386251142422724,0.3085504230373737,-0.45407209298233214,0.7842959540518165,-1.1176174850879865,-0.17012568131131667,0.019431798095278584,-0.44230878483899494,1.4502263523743588,-0.15389450737986565,-0.7575207869507244,0.8626825853821164,-0.14575820515853885
0.3756374979815291,-0.7330216602772214,0.04873974575132668,-0.9213129812517512,0.4713949034144561,0.2623875170871681,1.757833888037353,0.49783851222425274,-0.5565403952119314,-0.07162908136045973,1.3063573995547666,0.9702348574250107,-0.3377748837781074,0.6243477577831397,-0.6520558108422407,0.06786088766307047,-0.7908131182016231,-0.7523875622722287,1.2809814436323892,-0.37475662415482885,0.027588560878896943,-0.22189187404068578,0.22396374092911936,-0.4476298346700814,0.4812724165412841,0.0072152401627966975
1.259527313969769,0.23545303489732347,-0.23032324786646188,-0.8166482689100634,-0.6215697745052228,1.3077513711722446,-0.17953228794865358,0.21179070239987838,0.10853431257472923,-0.4353209023579422,-0.12372538604441242,-0.4133839046763256,-0.47686924623252736,0.023132515986928358,-0.7214522334959542,0.05252637689670029,-0.01055456102596462,1.0785772380980372,-0.7221003706599621,-0.6315897676067148,-0.21491990777336123,0.9367591089967834,0.8040681583926202,-0.11089920124007832,-0.8942540550906133,0.4218528477300201
-0.126793361378155,0.09846150076815735,-1.7651001280941836,0.8356746890359088,0.825535848607474,-0.4809071482406432,-0.9040593701354733,-0.7837522625927176,0.02682862758864166,1.0530457086254728,-0.8252962120195156,-0.23469686326624417,0.4806072760663167,0.607497998912204,0.6049747672228667,-0.605517569294061,0.23505343211292876,0.0023678908883020128,-0.24481464708391285,-0.5628202262829967,-0.26958515122348364,1.13711810705279,0.0717854587739509,0.9403684976799892,0.1344706252195154,0.3121198661002592
-1.362744927574372,-1.0924649017707966,3.351499656884257,3.7617808043257583,0.220414226985381,-0.42684321910630496,-0.13138019748070343,-0.4153103122809566,0.6130103298496707,-1.2349832647479344,-1.5779333477809316,-0.15166779864776664,0.5750681060450867,0.30284661151011183,-0.9878610442876352,-0.28875727152641767,-1.0274660528582253,-1.5597520211452134,0.3230251355172701,-0.33779518215006293,-0.31998689672251507,-1.5914485668747398,-2.6092534510626004,2.0244772928609924,0.061556829881522626,-1.9474356514582007
-0.5037711309845165,1.893846016982472,-0.029662922715615873,-0.22346754806955657,0.7420317471585662,-0.9436209539557125,0.44987996563421395,-0.03691198700015284,-0.29706125941007605,-0.5734294627873676,-0.8211014907767167,-0.6000980709539295,0.047444715689433904,0.3835132888453835,-0.6301786552664734,2.143292840912275,0.05225008610963233,0.08645332974862541,-0.061238163586215026,-0.4468091028665377,0.17784484181351481,-0.6872039414931789,0.2239948724884274,0.9426741644559868,0.19802351283074698,-0.49291562008703826
0.24214712082115716,0.12173476938282174,-0.5732754323109693,1.2681464273323224,0.766808958198582,-1.4676998946281048,-0.03428505985261875,0.13073412357889633,0.9586037572301414,0.18241368019731163,0.565947379108505,-0.9330674739130161,-1.1799003955772933,0.14645811422755337,0.3474465991927057,-0.15734019443816394,-1.0902859415400306,-0.9493792459349993,1.6757924252040184,0.5990489053472137,0.13719628641309672,0.06979314204790209,-0.31198485138304444,0.22097471177938743,1.252717607287188,-0.10751264372011983
0.7857199274031416,-0.40840336951658784,-0.7918883901142518,-0.8818694128042777,0.8685415952885177,-0.1501379820525837,0.18441668024391675,0.9824139323312695,-1.2717229721349412,0.6503536041249814,-0.29970199467871,-1.6337708568254565,0.29581477273494067,-0.9306498278931179,0.1264247982159365,1.5345470374268804,-1.2412045546300672,1.3373256020855893,0.328722323768387,-0.33164027074356,-0.3451495446717666,0.15799413860359024,1.8875417911559158,-0.3280418981516669,0.44712366872551657,1.6520277597396644
-0.8691209160548858,-0.879547526626514,-0.3807762088767861,-0.4999347776516173,1.054791641653036,-0.7585790606959695,-1.1146449312798117,1.344793391394803,0.1357192779207752,0.05720492233861281,0.3182146158490329,2.4963062323485823,-0.4059071442773374,0.39540154570373637,-1.2352301011385223,1.1175879456670643,-0.02955931599130514,-0.6342932480410447,-0.16639923030083417,0.7406325133383593,0.1328466844167543,-0.6492680289961084,0.27950674280768406,0.12388287843671475,0.9330031597261558,0.39680140885685244
1.837512166586734,0.7586004804526714,-2.007595862256074,-0.052980239573335496,-1.9820117088697609,1.6606609183661645,0.5303139967768629,-0.7580479802640592,-1.2568204320234821,-0.48188450153580137,-1.6958092728088368,-0.8902461331796345,0.888645733984093,-0.44419200702092393,2.577227648441488,-0.29969822230241183,-0.3582038019249651,-0.2172030507017798,2.029637080144759,-0.8745666854215294,-0.49791509189420413,1.8984743315209351,-0.32090360837313747,1.8461272633017507,-0.9787464249976102,-0.5314190635065287
-0.7436222291177708,-0.4851107302762762,-0.3321269029116861,-0.5989732314273322,0.4154929094325575,-0.13816263659193811,0.4909606976515967,-0.4796789872529111,-0.7682022126525356,0.04651394521331403,-0.514333987390894,0.37274075174652194,0.21288239520299765,0.34793578916714346,-0.03489845932010301,-0.19003661890246892,0.5008674221494619,0.595908527926427,2.1604646123562623,2.0717601139805537,0.19371957888078267,-0.16512850867469792,0.013179580344654648,-0.1745187517040422,1.916394088700456,-0.13782483201833357
-0.8002263043245156,0.030795227896626014,-1.9966174190185628,-0.40804294371919847,3.6207197374523683,-1.600422939965774,-0.4572275824087066,0.5283001486245417,0.4141752628443347,1.863484058693797,-0.11844754877839847,-1.9227125843296635,1.3973460857747906,-1.007270559552477,-0.22548270980957622,-0.7297877077580986,0.40147645513185354,-1.2997467684070145,1.3894999316610557,2.0704737734729948,-0.477437791681103,1.6170394613146055,1.3844547002657077,0.5312332138818563,3.565331203652707,1.023555327285344
-2.0089809961452505,-0.8039450786221299,-1.0663081125889864,0.1416927853734216,1.608804300568448,-1.2413308601768065,-0.7285983260284821,-0.6209019835229568,-1.770795879105028,-0.10273757679856747,-1.325722783149501,-1.841331075121864,3.211872838264363,2.3625090775767497,-1.6043609901327955,6.81565618384753,-0.040329193865109324,-1.5760771871730122,-0.800825067516483,-0.890517621586488,0.8029411480711265,-1.5934507400343076,-0.384139829421865,6.7466187547404655,0.26522626683120193,-1.3554478494181752
4.878256878375155,-0.7942842338651158,-1.1580663722752802,2.7472488214189563,-2.1886683048226954,-2.264556753276772,-1.9813524473945274,-0.7478264743287342,1.7647378106485727,-2.342790694998078,-2.0051669041037914,-1.0199905537910934,2.844245541754106,0.49567456145802985,-2.255718333033686,0.036663522304110734,0.6745148465529949,0.30381503920459135,-1.0533936336901337,-2.116564578629444,-0.16644617518816684,-1.3521361855390535,-0.9701046837035837,2.147584089986271,-2.644651421978894,-1.1571431861124974
-0.4191100915341899,-0.28637404419091333,0.3569437042752536,0.5776632422857388,0.12039981487744122,-0.5657082311153312,1.02650253590063,0.058644439598682055,0.39704901623078026,-1.0582710722347672,-0.2401928897494821,0.9247607615153806,0.39337617265888186,1.4340980454604053,-0.8864848858335639,0.41485723259373186,-0.8857907615461554,-0.849677646468189,-0.2283215641791471,0.36236699619328455,-0.27586326436329783,-0.8912851003894563,-1.1671657428110924,-0.07620877425262057,0.17946849853649552,-1.127845342148084
1.542551938831829,0.5447506909535624,-0.48143314436903245,-0.5258090828582612,-0.03284482156607957,0.31195864108045235,-1.1482904093898552,0.09471060358937473,-0.5816882022476306,-0.1800425368325549,-0.2095476094135117,0.5924598621804241,-0.6034934397507739,0.05682834305770778,-1.2869072188932777,-0.16174710382248353,1.7335678963277918,1.0193661058552765,-0.9527469372806462,-0.2857105414368247,-0.3118387322132686,-1.1514973594434366,1.1851986853626046,-0.6904391487494157,-0.44841487000824726,0.5699856467012524
1.2349674419798369,-0.6283949890443496,0.2557158722302389,-1.09049679854228,0.707963905032327,-1.062631388884139,2.4264452842076585,-0.0616259084233053,0.03147467537180884,0.7206152073907803,-0.9152523044742455,-1.8390558746102832,-0.6892594055870217,-1.0893439155552747,-0.632126596915603,0.9005042652372484,2.172913213863315,0.5528415191000575,0.35781008068430215,-0.5596939801012132,-0.5423421411178907,0.6995474417815379,1.0916500654130452,-2.3235051163581875,0.24960602877704505,0.9113580598104633
0.420513717606113,0.6081267784138603,0.5395918452892826,-0.5575510673143812,0.2546671729000187,-0.07252535517919176,1.1914494220813314,-0.8228208207431075,-1.2224186850503633,1.6931264567226918,1.0576248469045748,-0.28847002918540715,-0.4087334709341574,0.3085506641052786,-0.6466858898221599,-0.32016838827040145,-0.9634183750807415,-0.24214356234671414,-0.5533310636908662,1.211455582525527,-0.3066365571770348,-1.0747473883266783,0.9048947972954956,0.49513173389608406,0.5767787531744126,0.7600906858389459
1.0803975437553204,0.4954369682811426,1.8606960890944015,-1.2964126814014183,0.6400334487444649,0.5721290834057979,-0.9040593701354733,1.503928864657888,0.3566980201934899,-2.1143981581172024,1.118537611893556,1.4322712802278064,-1.6555940624443939,-0.31923873898926525,0.7428620464282535,0.1235339096949594,-1.691949992316727,0.2984559787900796,-1.3234622690555917,-0.34085674737636085,-0.6236226197679855,1.1609827003786113,0.09428785619644826,-2.931092936426337,-0.19251392088386304,-0.40854488756502494
-0.19035123703356588,-0.6016051058143314,1.1893595189525406,0.43542382770613886,0.08041727038678208,-0.6061907884634248,0.10000987598772332,-0.142479833560589,0.708886322664215,-0.4978544510320957,-0.49692843383787144,0.6479374175533867,-0.41023712044045013,-0.740325822877456,0.033654103848592146,0.7756525820867518,-0.07642496125856867,-0.051115432252242625,-0.21200661885510313,-0.33258995114147744,0.7648545417599678,-0.6816891838431411,-0.7347332365925697,-0.017428142907586378,-0.18033572549826296,-0.4931773567888789
0.6162145249915135,-1.0924649017707966,-0.1395912748957162,0.3345119024099863,-0.46173838074492574,1.075227733152174,0.442986519132626,-1.0526765943729042,-0.4773577114538558,0.7712887273218718,-0.743361999801717,-1.193284782039626,0.3701797558937489,-1.2730730423264496,0.7921232115670198,-1.377203637697644,-0.5806191497748396,1.292027489069729,1.9130540405712853,0.5866461469384464,0.13307532573226266,-0.35199800356767486,0.29100902950557767,-0.7744618410589973,0.5966991781641651,0.5692112685221379
-0.03865648417811332,-0.4095848229401701,-1.0926623889906177,0.10498893588085176,-0.6261245551564231,-0.08745837775213378,-0.1281850813323206,1.2854568277163492,0.6810600942113828,-0.704057114994607,-0.9399214979596155,0.2768137990724596,0.7959481827874448,1.5470393894962495,-0.5107452726341918,-0.14508609407762157,0.08129253710662449,-0.028826190911367046,-0.9111294993439079,-0.8438206235862155,0.056373298404886356,1.3483934633246153,-0.2744185691782619,0.40416439558958106,-1.0584488155732974,0.18042836114238903
-0.44139462756445474,0.23880636302022284,1.1951819782338122,0.5495504098863113,0.40918601780383057,-1.2129505173560255,-0.5362562791116753,1.0754813950741742,0.8151831557735614,-1.3531382701701844,-0.5375078276999183,0.7093571493118679,-0.1355021295861483,-0.3080055664086415,-0.25438332641070527,-0.02178544234594984,-0.1316611589603511,-0.6729522126290851,0.36460310027921067,1.3075023404232171,-0.02587783370822405,-0.9267973295881032,-0.7844766144320279,-0.6750001366825005,0.992997726402734,-0.7184565370702549
-2.870409054863327,-1.0924649017707966,3.9049545277378708,3.552563166793189,-2.328004949063689,-0.37326344456122923,-1.9813524473945274,-1.370475186993461,1.3682974908483572,-0.6267212968341909,7.005577192887431,0.18760173308558195,-2.1582296715057376,-1.1471235581812442,1.0958534811940435,-0.37222109601757447,-3.2335527318604522,1.6604611831382556,-1.3234622690555917,0.831110421250673,-0.6627663024543735,-1.4314152174889496,-2.0842545921966362,-0.20356143758993994,-1.3609386989599395,-1.0918418391884064
0.08130467957580899,-0.9256347052969852,-0.21643273840169935,0.3866383254248167,0.16665010934721494,0.6396655843383966,0.282326676972599,1.5816044114952876,-0.15661772661101633,-0.5064903528356611,0.3536583350698955,0.2187372280864274,-0.4683560288893718,-1.653426819039819,-0.5962154296017808,0.06693244465952468,0.3296961319456767,0.7272215136756917,-1.0212588846719652,0.12217592760861981,-0.19980867274326505,-0.9083211351682333,0.7706916536380158,-0.936560928622398,-0.15167534466166904,0.7910281655321582
0.4544776136826583,-0.9254232601810488,0.15031989055822048,0.1767079786726071,-0.2204719802778613,0.8408379485999052,-0.1681139092449407,0.6238547114771585,1.1415837063576237,-0.029963942528252466,1.058001776711038,-0.011917991533269239,-0.7834671311326327,-0.61288155834968,-0.8838233716246484,-0.7986376695585796,-0.15230112189789957,-0.32674396347146817,-0.11311664845703677,0.12501336804745103,0.34758895136496015,-0.09930267532329999,0.13948344100254137,-1.1542689291035904,-0.10244466695086582,0.2798225870534111
0.5500398325575334,-0.016580369409074803,1.4716893812444307,-0.5886176903990945,0.18574185724321665,-1.118459696652434,0.20841062393203968,0.10660334539605386,0.10177854400362094,1.2286209381052184,0.0440452124360681,0.7397802056515931,-0.6257039573472732,-0.07967414007596009,0.4231886807602549,-1.6400763347165757,1.2056339324174983,-1.2484532151457373,0.6254411894184079,-0.3118655991110048,-0.3879145347143707,-0.12592806576105808,0.020291232216263652,-1.4063697313656942,0.14559254855636788,0.5822854952736911
-2.287445592311598,-0.8288731913421746,1.1534931697799042,0.3166637062894513,-0.6035746399371519,0.7144059787038063,-0.9083685424445096,3.4546480188122874,1.3682974908483572,-1.033788921514927,-0.001110670680373309,2.6473058381523584,-0.9901045160471749,-0.9420058268590523,-0.18594666629923146,-0.5335844900338111,-0.4185861294536103,-1.8783836434637882,-0.36849957440333186,2.0101804212027194,-0.37758239057153126,-0.26801210840054956,-0.9589981547978313,0.542276028243944,0.5207483690163107,0.05762225594874721
-0.8802501753537468,-0.6771418286164554,0.15734084340436605,1.0259329857976227,-1.0988566945092093,-0.41896384049673474,2.1512886430992384,-0.762266379538955,0.5170126969916444,-0.48989184315999373,-0.9548073491469773,-0.5926825523452651,0.29581477273494067,0.35894045646384093,1.3285933038931526,1.5719366028965356,-1.1502839036850296,-1.086191255809409,-0.5711282133946728,0.4378806681154055,0.6185331215279337,0.7303443209816365,-1.9631328787565276,1.9589294418799077,-0.603763392033493,-1.3362513603983435
-1.0027214910158748,0.5134509810926555,1.3134170442270405,0.5160748775249756,-0.4131213524946047,-0.6474658201742634,0.42309327798366403,-0.46191635116635954,0.6934050416646567,-0.2618427537029989,-0.5868090369848028,0.7766905313578772,-0.5105141160869967,-0.23357399851097807,-0.5275548688724693,1.0719134806823563,1.1749129174397965,-0.3633879824021286,-0.420661402262489,-0.9399716164924222,0.9188084762686785,-0.9500155130701063,-0.9154679418603231,-0.03410367842204419,-0.831828243517361,-0.7556790156744129
0.9648768829769971,0.06363909133719384,-0.96239670490707,-1.3320365305315323,0.913405406437321,2.7479934217005884,-1.4584558075553375,0.6099468348826256,-1.6418089431902678,-0.761617000919425,1.021102332499417,-0.4740730554119134,0.7694022970620887,0.5262053026050578,0.11067709381408276,0.2741761256264139,-0.24049945976386367,-0.9551567442560426,0.7707541665853287,-0.8237246664013224,-0.5126154157708425,0.5662267080859547,0.9277160332069277,-0.5482655378160166,0.36584565491839965,-0.4063150390125788
-0.3642830584438558,1.5225322254972766,-0.8506576958931821,-1.5338484631432416,1.9081239282312814,-1.4707983501234532,-0.7986100477582644,1.2817824246634317,-0.640473300661377,1.236313070090871,0.2252262249403078,-0.31995625684883233,-1.275293046064647,-0.2734739618089454,-0.5076077766301212,0.4089826369181737,0.32069802875424674,1.8164949056515736,0.2555104403562135,0.8077161752198783,-0.2030888846189828,1.2481143624880735,2.5380703861291796,-0.7270872724725881,1.5952322747430796,2.2230183144335873
-1.048648234389173,0.3196335469539632,0.7112940229652313,-0.8293840193056227,-0.1284764935451462,-1.5941168788383098,-0.06530975998378132,-0.03016318538075332,-0.19622591407749349,-0.9174838858918594,3.712960715646922,1.6809935111618393,-0.668274116073897,-1.0738672255661756,-0.2775038196916083,0.3769660904863805,0.4222480504860955,2.0115370587932198,-1.3234622690555917,3.1471407782993364,-0.5360068013223798,-0.32758554135891244,0.3925166740559693,-0.9471893096099424,1.0687121855148873,-0.11526756075218461
-0.7271610307760867,-0.5387008042316751,0.3981900519090902,0.03454221971191932,2.3298200155638122,-0.41896384049673474,0.27281542014752685,0.7394837623240229,-0.44164135014429373,0.9354149659462248,0.11045092290142279,-1.2386132522052378,1.6981258837296134,-1.741792611174153,2.4345883291161914,-2.1146745524113886,-1.0830816834213064,-2.428540192137215,-1.3234622690555917,3.4567705051774995,-0.5603966016921088,1.3798676348227774,-0.19285082038918835,1.1409385389439666,2.665166145901977,0.05600527021538894
0.7923904783651308,-0.04646605086356715,0.9690918794758429,0.16043311064343743,-0.37286854415831805,-0.2376130629748871,-1.0351585276855173,1.045395828259074,-0.930199857129127,-1.1867085053897009,-0.2625688087249531,-2.2721023719811946,-0.1716222642632839,0.8118050398957732,1.5512171012407854,-2.152341077625263,1.1669482098529846,0.9062981909905536,0.5713049822385744,1.782476426502986,-0.4679735797521797,-0.9090587779112317,0.1289056659148352,0.3396278540337567,0.8293848722293453,0.19016307777107913
-1.1225942455523306,-1.0924649017707966,-1.281533210356328,-1.146555899082857,0.6263432347324343,1.882919571014898,-0.001677346010730455,0.7034639249730658,1.4895336218573716,-0.7118399883418479,1.5284129569463918,-0.45682258964409006,-0.003017207560049711,-0.8481512191691932,-0.03256309567141231,-0.11320605396199201,1.9601125862333517,0.9168539778764484,-1.3234622690555917,-1.3007873646404815,-0.37137024303518507,2.2403475791484135,0.39235371338970687,-1.0373103008673605,-0.6719303771633582,0.01806545881290932
-0.733446215597457,-0.7059667926379198,2.069302155493186,1.0437921407794766,-0.5219405281100471,1.8526540806376386,-1.1947073557889425,-1.2158741936500599,-0.6764413091378232,-0.15718092818974436,-0.05085718121041154,-0.8294606681297125,0.6556453364065943,0.3837404483142936,0.5212719320454033,-0.19003661890246892,-0.4193365870922156,-1.0925502288892386,0.4268359249551484,-0.17161773120121426,-0.26820131343430703,-1.4277270037739571,-1.30665420131427,0.20751059009284867,-0.2615546461608237,-1.321639620684233
2.4235967482239587,-0.8108498265265425,1.1907280457066858,-0.20997662613583676,0.30390944215507965,-0.04789224956741539,-0.4528853463261262,-0.1638125302709093,-0.25417122537104364,-0.29619630243530254,-0.6377957576982307,-0.1697911710694201,-0.37537687013430476,-0.20042633669420487,-2.1751627682088195,-0.20672017907784462,1.4143136474049234,0.3161706507158269,0.2069266646820042,-0.22702932229603537,-0.426929694084517,-1.4956603878196368,0.7794404284681986,-0.3378734199701503,0.12981272570237593,0.23305629750296458
-1.8818566716602976,0.440045042581656,2.3585905862498664,-0.555022388691207,0.5364972255651106,-0.2949705181910992,0.4446447537198544,-0.012846492853457321,0.4061358102996427,0.0780211024838788,0.6449568353034392,-1.0803852668131826,-0.3795230394398199,0.21237768430305068,-0.08232384152956486,0.17816567427036387,-0.5058719155747532,-0.015994161074598733,-0.3981108207491384,1.8822193359366062,-0.36540978865391144,-0.6949316273722117,-0.3444637804760197,-0.1849654999284014,1.1188039487606989,-0.28321702752889893
1.265956093073159,-0.29659621086312177,-0.6198923511905888,-0.3978656230528596,-0.9891615413567502,0.5800423991562276,0.39441706839657475,1.2971989418202374,-0.8714147587153809,0.7563909222903721,-0.877614720737673,0.25295618998349123,-0.445140675405361,0.9238718933326735,-0.5760597546667501,0.033136222284082424,-0.9155631053726049,-0.405289621440232,0.4065426125608209,-0.6925669941462956,-0.18038097795204383,-0.6876605774769398,0.8653595120031115,-0.4220248152081086,-0.7980408581123454,1.3357463865915273
-0.16379297873029794,-1.0924649017707966,-0.35325947862564894,-0.5886176903990945,-0.568382184648855,-1.5941168788383098,-1.4704077307516619,-0.9875289008184017,0.6381865685496269,-1.208246474949528,0.9471628747648934,0.8903743345332326,-0.48947944942207644,-0.41456023203055914,1.6190372148647676,0.8956341426814264,3.346888676363334,1.239170132352298,3.4513512042057073,-1.274371721520839,-0.4866536224364416,2.1618215132966765,-0.8293080813613645,0.535266315006887,0.08651289179102231,-0.9905674695727985
1.8859122990839718,-0.6055344022105346,-1.9853865977755916,0.9722123038915016,0.2507525505097748,0.07068325881225469,0.6614650524823638,-0.9435120863155214,-0.5738694945768367,1.4219852214686934,-1.078363951234096,-1.8177235348383172,0.9244369949049666,-1.03597601904114,1.605506601062939,-1.6003316563874532,-0.39715557314330296,0.4982789740735452,-0.14739983721783348,-1.0275220909890066,-0.17817458421281684,1.5276767186938802,0.6687851090937278,-0.14200626866143917,-0.4019128912948933,1.0271871506751216
-0.6102565930986011,-0.5991114330541247,-0.21488066064838937,0.4053481166374817,0.30672432385691806,-0.9590594288254384,1.078851203086807,1.7497520395772992,0.7631253360018159,0.32382877149337486,0.3499139394280054,0.8847371211526363,-0.998135934228326,-0.3080055664086415,-1.097601316655411,-0.03137328512766324,0.25607528765216114,-0.047982917642588226,-0.8127870312736347,-0.30382326854274083,0.5811043452398434,-0.49137735614950473,0.4214859099295337,-0.416064896039702,-0.21536203890035788,1.0785166433492954
1.2821339918057006,-0.8501931090974308,0.18744699446745644,-0.03627140643705958,0.6154816605273015,-0.27615010319827965,-0.9951540053448786,1.1853158356895945,-0.6717183214569187,0.026781875141009628,-1.874803129552414,-0.6895721573242609,-0.7778296716203562,0.6551976839512502,0.6313355706003672,-0.27136897475742666,0.05935606106198981,1.2629193827642518,-0.8846007365867223,-1.0328605345558712,-0.3658830968410872,-0.7652886947163156,0.8892888848096765,0.18306020707219897,-0.41370934913026597,1.3688088600658257
-1.344326692162465,0.21859334381658954,-0.03256434403443737,0.5206722019451185,0.5095019171131115,-1.1989810695530099,1.1083917815191364,-0.15881442462804626,0.5846705847162119,0.28260952269694706,-0.18646256787037271,0.5610646600328938,0.02599836787078173,0.24359613847969014,-0.5531339935168265,1.431500611964965,-0.01797926885406479,-0.6298034297731894,-0.19850621514586161,-0.9591005734409161,0.6158328626468526,-0.4756058517872965,-0.5764729012600208,0.8768427152369588,-0.23177489256259226,-0.35084219762917856
-0.37704987452342503,1.525995797851274,-1.4552323340676598,-1.0265679222290705,1.070824893900946,-0.3029473828238178,-0.7970435015335805,0.6947296190234706,-1.2346365919605822,0.7032126645951456,1.0425251886311087,0.5785480809107648,-0.6847195416305402,-1.0407159050670827,-1.2526986654271888,1.214697050433493,0.2971599442468646,0.7599089369769556,2.3656872135966256,0.9742646155053367,-0.1081649828415368,-0.751975999497436,2.0795895749907363,-0.9022643451366518,1.8247329036420663,1.113893810303855
-2.0516401467850556,-1.0924649017707966,-0.39742418742112157,-0.24234701511779583,-1.6360184686758328,-0.9581258150167457,3.041980440948253,0.7479205608738148,0.999140282944505,1.2332880743661758,-0.1419902610773603,3.255322583225045,-1.6894796091226867,-0.44419200702092393,3.09159367873574,-0.97960016338206,1.7983078955266496,-1.59783851676063,-1.3234622690555917,-0.46056738768555777,-0.6054154630212848,2.291622590184026,-1.7406732366814552,1.136440589554443,-1.5886277132353726,0.3575764562934015
-1.0882517304864372,-1.0924649017707966,2.0108325784189804,-1.232405917692637,1.353814422130393,0.04052383602872977,-0.5234938808863511,0.40689507601469505,1.4873373151361935,-1.128181414194518,1.293603391065852,2.4066826104827825,-0.5711031015892118,-1.3366345055984867,-0.07846652970818047,-1.257965813171916,-0.7996636240482123,1.820734952459,-0.674710438449437,1.0874299864576396,-0.47495415058890345,1.5756449496860139,-0.17707351362041232,-1.0063796740866515,1.124902076460189,-0.1052423417102664
-0.9652997001191136,1.9224729626088648,1.1474987005904533,1.4508147426914968,-0.31536453224933647,-1.9423103716802579,3.2783725768702663,-1.387995605315196,-1.089265417542794,0.6503536041249814,0.7991027351347321,-0.26254019463905687,0.8411579825662023,-0.16175406457463665,0.4256311818511545,-0.6833465942841742,0.5297716029080529,-1.3271256802785028,0.23693429083372142,-0.1899796113875373,-0.5140412094774511,-1.1560637192810475,-1.0135583693072028,1.3450779472117547,-0.2067616135245323,-0.9569748273636994
0.3403571421409292,-0.0825349767569198,-0.3381994821398363,-0.9004146987148282,0.6215542824745866,0.7191686253300349,1.2732283626390517,-0.5522515129565846,-1.0933791820362508,0.4936244645795842,-0.2709790679260781,0.4373418050559634,1.118530822049344,0.18496285787666816,-0.3739720847602044,-0.7060763939822017,0.19813765769856756,-1.0889606170102033,2.1067198238045366,0.14219021055072248,-0.014361884746162954,-0.3425140254434067,0.18225204366332554,-0.6989868903586918,1.0736637851001058,-0.2934816266055938
1.3241643918265984,-0.4974497540763907,-1.6797460088246683,0.9092423603151076,-0.1036511159433569,1.1542439202627721,-0.5684692015987929,-1.35635602369581,-1.2109882730286474,0.7944929834657454,0.6998078491157645,-0.745198017820103,0.7611414845096965,-0.783653086199482,1.4637354970821486,-1.5177919180967252,-0.634055561568889,0.07388352385780572,0.29329172866268083,0.37864563571602744,-0.12745515255261444,-0.33770178469146445,0.28829155655572447,-0.12723607434591913,0.21394090993839485,0.08635857256428196
-0.5848050734566391,0.12336402087044808,-1.0700125032562384,0.09725539416119951,-0.964459633465478,0.5928530436842026,1.9779977553730665,-0.9451363230130446,-0.2616549371617236,-1.3377127200157963,-0.5127662614167287,0.45081730152446237,1.228532771837486,-1.4158202172933403,0.4742108160945109,0.7799492634710518,1.015809801125387,2.1864272551527044,-0.8829813213377599,-0.75693588864784,-0.371661033515168,1.0877952914645361,-0.41185717461783455,1.3150738578338448,-1.2060453553002441,-0.7807314602031885
-0.03265372179176159,0.22596451802223877,0.38493861278450003,-0.021926523969581488,-0.5897566662458913,-0.4557004931780096,-0.12851612230517886,-0.4443717889516688,-0.7432594637812328,0.05293668792511857,0.02603018225385057,0.5619618433958525,0.27126556071681285,0.09904543829387982,0.5901465889303259,1.372567442711042,-0.10215495562756612,-0.4098705080231758,-0.17197992019836514,-0.7738401681803017,3.1160602921245046,-0.7533459074487193,-0.3709995471217114,0.6986055448753007,-0.7786484198654143,-0.36575273155667387
-1.5040884395077114,-0.26874080668135336,-0.10759328595083036,-1.2507250948920468,-0.7883350302007093,0.6949833104312161,-1.9813524473945274,0.5283001486245417,0.4556588379749443,0.051724744300369274,1.2434983577165395,2.3398428250190113,-1.1152607827034493,1.032252337117044,0.8669605977131014,-0.7756295810581657,-0.8344334684455303,1.0460784007420676,-1.3234622690555917,2.4891776086832387,-0.6234209675517208,1.73241819632558,-0.12961099815738628,1.0328540336832965,0.3579100650568274,0.4589219455505952
1.0420974052153935,-0.8713309165118857,0.10399840125231317,-0.47873775505920263,-0.4680010202359281,-0.4879745055000153,-1.081198164718338,1.7839056311196677,0.9027905269666164,-0.3808415235371018,0.8799846593903217,-0.002241201198095819,-1.3182547275038945,-0.45192587819663443,-0.2621418812029547,0.8623713145764498,0.4161141565559837,-0.9455114240724216,-0.5223190688439644,0.6036053038102609,-0.3261250160543512,1.497517291068429,0.36342090382305864,-0.9471570940433442,-0.13691923295577385,0.5364495145726099
0.31594066915990826,0.160347410152311,0.7315326826912932,-0.20778577851652538,-0.2204719802778613,-0.34076924669073677,1.0784875857329,0.11423037626320136,-0.6166048264276588,-0.24493417102462794,0.5906088166971758,-0.40160495367946347,0.06254058602004726,0.7519702660375287,0.7407649014973731,-0.33847589955030083,-0.3144722592643496,-0.4513336278357136,-0.8695826613311337,0.12501336804745103,-0.36897764095275554,-0.40630255979033353,-0.28889312815442075,0.9576982488297532,-0.33176209260849765,-0.22879552397554698
-0.4002248915085419,-0.16170321240419402,0.7506191197210871,-0.8960368448221191,-0.4142909256181775,0.36852885782695055,1.3022611976973353,0.6387307513939502,-0.9416579695318066,0.3008715955644724,-0.9115842348727997,-0.36131528471180596,0.31661175955053955,-0.14471204635245358,0.0199276108203503,0.8539583669871605,0.01949033717672985,0.6330187899785286,-0.6490535863915664,-0.4512114713525415,-0.25659993428257405,-0.49906991618363256,0.5102205393547496,-0.4112566297519434,-0.6617459813937999,0.7387496087716868
-0.7759295486894492,2.7745991134994035,-0.7082740963832705,-0.8192920174951694,0.5485041209078658,0.31990483630485383,-0.16092067252922762,-0.1773032254779568,-0.7958037459053644,0.27516505724887774,-0.8888158459574792,0.5263633762983717,-0.10976383002579426,-0.1460998993334217,-0.537920872753758,0.734132713255424,1.2869434451129735,-0.2525870015684381,1.1068320137420755,-0.43974347091320914,0.4071781310213775,-0.1871524134299423,0.743479466328831,-0.2641703127538094,0.44187525838257474,-0.1268547694229174
-0.3654879267113651,-0.8453476732439635,0.6089331093507234,2.0778694022407045,-1.2502360058596032,0.40364328634236735,-0.8636608797382589,-1.0353971865902842,1.1857697602736745,-0.20269252112509076,-0.8308500229449817,-0.8885188128811327,-0.5416278938621909,0.32716013569700964,1.6108624690261628,-0.019238671607057146,-0.11469768942105377,-0.8585082246861158,-0.7266105848979294,-0.9190716099281463,0.3870666534254787,-0.5666520417802664,-1.9663963458344655,1.1894645884764092,-1.406171561170907,-1.1037099293777355
-1.0681323073354207,2.079093111407808,0.3215562128394052,-0.5319667894799113,0.3890596136356871,0.4638847173482609,1.485284500416359,0.12513143156189557,0.10914897511926341,-1.2543745862260567,-0.24170057199061015,0.6052252910314114,0.07271982325851527,0.15817109568724952,0.06522349247236908,0.2274984699785985,0.016591011803256492,-1.020481867317838,-0.36594619821442215,0.6419548062851039,0.3109314706710876,0.7602248635431796,-0.7161470037302541,-0.49605024846807655,0.4328950238022787,-1.4103551473711846
0.04440825789531959,-0.28141348506734476,-0.32806294604361635,-0.4404537956873848,0.7039604296203327,-0.6720737256779972,0.21964017814397088,0.21040563542152751,0.5258618112728992,-0.6267212968341909,-1.3627342231146022,0.9444337654138208,0.2807129607703824,0.03624796867755522,-0.5944324275882968,1.0552243125875944,-0.8713429955749902,-0.07871469318326148,0.5130044514295231,1.0578546520106826,-0.28171590807976454,1.1540105737809176,-0.24251513580319806,0.021483531549125086,1.0885947623109191,-0.36149782753738563
-0.3828641594367713,0.2307866566058191,4.277893567220124,0.19266421223735022,-0.34931268385825326,-0.3639031225021496,0.3527825533334231,0.1582340839222377,-0.15643214608071837,-0.888290854861973,0.19290245764923628,1.5557504019681063,-0.5665502428114827,-1.2459754768907343,-1.0956350096435696,0.366551069357966,0.3635203270749057,-0.7872003435164375,-0.6043638544078057,0.3990215156457562,-0.047634806841038366,-1.5374601432562236,-0.8606414689053292,0.17487829575764197,-0.19251392088386304,-0.9194923848726875
0.33891052524658155,-0.2388648032325135,-0.5976527894731367,0.10498893588085176,0.5439182156548221,0.5666729371278371,0.45092972056211916,-0.8172203193156767,-0.579925954663799,0.5262854466483775,-0.6612717442725948,-0.9179906561089407,0.5437622683965634,0.3514049452606753,1.050786488591578,-0.07541278059910805,-0.9131610435834984,-0.13493720686925773,-0.3957135372043031,-0.49381603594932777,0.3291601708671398,1.051500392433113,-0.05985175695007084,1.1092224484943642,-0.04285778147558097,-0.060076402625247445
-0.5675059860923872,-0.4974497540763907,0.39057856450713463,1.137508405779536,-0.7987616887934609,0.45274800071099197,-0.5684692015987929,0.45896497171643497,0.8491441262341359,-0.2009696051064088,0.6998078491157645,-0.46757904433626823,-0.08641788336575205,0.1423863328623322,0.5336966928706462,-0.7892890105742129,-0.4896390521082465,-0.3699144227940683,-1.3234622690555917,-0.28674375477609815,-0.11778275163463524,-0.5768034109577223,-0.7468152217425654,-0.3334389427204044,-1.0113284953248325,-0.1293924123673894
-0.7834276853463963,0.00845512985232565,0.44647485743271,-1.3080435705684816,0.7586841484181793,0.8189824455843859,0.579468328142508,0.08179605103080928,-0.626874361256765,-0.02113938899570513,1.5267891071306694,0.22282422623689635,1.3266305774756548,-0.09216243407784687,-0.599811221251884,-0.0005846396317313772,-0.3324697721224398,-0.4392909514472848,0.6707915682253804,-0.006057418810744386,-0.15949024305239254,-0.2157448511823636,0.3675018876782724,-0.677211906900399,0.646148113036024,-0.2703471763458078
0.30545750956479617,-0.1456555970702872,0.21086288973874898,0.45562554455182425,-0.20432230235613094,-0.35986850092496037,0.07417227473194343,1.0739252450664964,0.6549707276829312,-0.5136469566450973,-0.006055903090634631,0.6140446861670825,-0.43992843708051194,-0.74828352505476,-0.5932181417342867,-0.4742324370623218,0.6270989563934449,0.08801789332732207,-0.06572883500687791,-0.7048428353918399,0.7070500131770977,-0.6625455983700824,0.09267948032043141,-1.0062187074066598,-0.486090084243604,0.30553104808442577
-0.29299824776162975,1.2383299653633193,-0.5775977381743576,-1.6476798702837583,1.6325607586224322,-0.4557004931780096,0.3187202320267328,1.327387555802536,-0.286777107931723,0.14989217790504847,0.15778189552678298,0.4960533732708049,-0.28021495211898056,-0.5238558536813366,0.08313127003720693,0.4501614747725699,-0.3535810544491846,-0.5679110951347357,-0.9396348194365163,1.6746572861681341,-0.2997192889063887,1.547716602571823,1.0943334194390242,-0.35743565730124327,1.4967310011078758,0.5795109005289871
-1.232871238706784,-0.7962944406150417,0.24664448251285936,0.8938536381489665,-1.2208265804431193,-1.8310547261443824,0.22891402347629572,1.2499100745864393,1.4913498934829748,1.3095179666284866,-0.5563419975390875,1.0443526011425488,-1.3144795592162457,0.5929201176418438,-1.0233345636182734,0.19889653448933012,-0.5019712484217398,-0.27242846934413417,0.017777470624548517,0.8642303650695509,-0.09230348373562954,-0.6251716993914873,-0.3298766682054629,-0.17880503397571818,-0.2875476316614736,1.327648367499088
-1.110253672762695,1.2633064233159201,0.07240368291719258,0.8071291438416479,-0.2453596481862286,-0.6022069739579409,0.09204640275043469,-0.10570411944910232,0.6805118394075245,-0.03021318337288654,-0.3431610316783437,0.6985547597419656,-0.4249866872159447,0.8000085290076783,-0.26644619247030676,-0.14225877121182687,-0.7610304636067485,-0.5952437184129661,0.5218762713352484,0.3754311942160656,0.7455086488011126,-0.6526401101069589,-0.771171666859665,0.3618321675465234,0.1983932079843323,-0.49557064127042266
0.03849184927672957,0.066767924877405,0.2841207380029284,0.0851370703298638,0.8388398096260663,-0.39113545325589943,-0.16642703306770407,-0.08759649171959294,0.2864687223542981,-0.08139389705891538,0.2813325549288694,-0.19183841302756086,0.043436724342124,-0.09100316889715744,0.15922008519083825,-0.44536958992209297,-0.3766854087141311,0.2704097458359195,-0.6773440724031832,-0.022478820933826218,0.29876643437044975,-0.12083481824987787,0.06439665887370917,0.41830819427049704,0.27650315471773745,4.387111248472897e-05
-1.1893851218077771,-0.03187593813632027,0.16302612515018577,0.16158125718090297,-0.2795170741816133,-1.203519993895974,0.3211881211677427,0.5642527237750969,0.96877327371064,0.08084260014305394,0.16032645651274094,2.016544806917423,-0.45725036787968804,-0.19196159043627345,-0.9946360297391948,0.973050976413924,0.13001933988006764,-0.4068182220059996,-0.5549837057624641,0.3345600189103526,0.5810714110154996,-0.3556862172826678,-0.45437833923768717,0.27996035851212536,-0.1681888902724531,0.012043356447387714
-0.03655888968130952,1.8363318807694462,0.21086288973874898,1.23050568356134,-2.328004949063689,-1.4091390857660249,0.9991583996888552,-1.767604668952782,0.5570631327386568,0.051724744300369274,5.981207622190384,-1.5888512316848675,-0.3040627580794474,0.6761451646826832,0.4854724585781983,0.34494954405458766,-1.8118524276145724,-0.5240109320481912,-1.3234622690555917,0.3398312546039867,-0.608406726621089,-0.5644391135512702,-0.8448466826685453,0.986623537019285,-1.6021806307517676,-1.1410724355293276
-0.0047178765893768244,-0.44459201799258274,0.6491874012215969,0.1837282298572399,-0.7710353681910128,-0.6307774733438819,-0.09760261426598471,-0.3188071557655124,0.4864219386335985,0.947425978382513,0.24646449185550887,0.4052440906968278,-0.751979484356585,0.7801764734837326,-0.058898256816551225,-0.7529661830221773,0.6301973927403586,-0.14817127739883776,-0.31753246429548665,-0.3570675632515649,0.26291008699796375,-0.48428193547875625,-0.2868928170731893,-0.4090191046665971,-0.7246292215652066,0.4571439545109963
0.1106541059125615,0.44800613320166854,0.748516173370506,1.5126157255124233,-0.6483650375768022,-0.7869410545228844,0.9217425335308456,-0.8714845716744443,-0.3384553145252981,-0.8734289481558495,0.6598072549329946,0.2035738376639378,-0.2619226009561225,0.22476776170094784,-0.3666828652036636,-0.9589970742584343,0.9207663389878967,0.8944774544365148,0.07177543417011244,-0.20248990338261466,0.3458205575243587,-1.2821303766439955,-0.6774163948992935,-0.25813138621222564,-0.45863121381648403,-0.7638509830469475
-1.074306837494443,0.7638147491349908,2.072261663135586,0.6898176053440193,1.5753835776311893,-1.062631388884139,-0.40713897182231806,0.09568770678945382,-0.22560663529675848,0.003946854079625365,2.6556134525330677,-0.3233931338120933,-0.6892594055870217,0.5357085333001183,-1.2768952827774114,0.19027805917986979,-1.8819362454295103,0.033644801582152044,-0.48282609418564476,0.73769818533898,-0.32904802966781854,-1.4959413945788747,0.27799004088548784,0.5553619435716778,1.1415216216693609,-0.11832413126372204
2.870897773297644,-1.0924649017707966,-0.36814833878775877,0.8559802830400741,-0.8349916944086783,0.5919843120159664,0.7282028681358207,-1.5870912680621816,-1.2866513175106624,3.135570385821097,-0.5375078276999183,-1.526737491657929,0.3701797558937489,-1.0849666699017921,1.7339790957469727,-2.4259370198605845,-1.4887387221041455,-1.4673057090605206,0.4851791980888397,0.11652254249185685,-0.28193154311069196,-0.644701669158498,0.4926625877438807,0.2654164895979,-0.28631554825089195,1.3556220931887928
-1.0666854702354513,0.21244455579663804,-0.32515245548133515,-0.1785997837463932,-1.1084644192712299,-0.2681374512706436,0.9696483913018913,0.24261758502447323,-0.2340911670019916,0.13009309888686987,1.1332011390895058,-0.6485353059305172,-0.09294474318437446,0.8735907256363882,0.002002341654756412,0.003228385109312389,-0.27754219827991045,1.7740104762543834,-0.14157774597111195,0.07230299553895982,-0.3124558369460996,-0.004498019925528199,0.3447105760269959,0.18713768949049037,-0.6587097093876908,0.7059453409104482
0.6037474561720085,-0.46411755867515453,0.1691105901846923,-0.5863219447122623,0.020955117854802148,-0.2038070300733171,-0.16959972747495003,0.34525197597679946,-0.6288474038782055,0.4600861874147348,-0.12593968725732926,-0.21990586000652992,-0.36815196009299017,1.372230698404199,0.05260391453001237,0.42882602684014287,-0.4884341467849753,-0.14973457143072777,-0.4698007422508303,-0.184238893368342,0.41805682933537536,-0.4039842540266244,0.3643647171929936,0.4313872973289072,-0.22057457323123333,0.5745379850588797
1.7790965194326582,-0.7866740544058061,-0.18074215229252014,0.22250228540665695,0.5298510488258324,0.6307668318037434,0.30070922206606726,-1.0201074711813225,-1.858758905854848,0.27997225233867834,-1.3581270281866056,-0.9880341036748725,1.132809049540926,-1.458845400445828,2.000803535605934,-1.5758946731920533,-0.8585545437930893,-0.175559753581675,2.2770351295753173,1.6449696439553918,-0.13161878660155205,-0.5951391019979732,0.12148012843177529,-0.07002747947961607,1.8093497039841606,-0.11640047754851382
0.029906679224878625,-1.0924649017707966,-0.1218525176981252,0.16841872685924267,2.268024659482519,2.5140466449163172,-0.20194298644922454,0.6255450077796926,-0.4660607965190998,-1.484061070208212,0.07961576712978195,0.17536439922952785,-0.49778168933294076,-1.152225989308662,0.16661670049529415,-1.3877668344779683,-0.05064160295176675,1.6360081370727353,-0.1356977234682039,-1.0166858473308926,-0.4647827764297563,-0.7288280677052423,0.6204324349418262,-1.2580824005870943,0.7922355579283052,-0.11814671838162523
0.021274787159139934,-0.04646605086356715,-1.6088866856302764,-0.6421213190449897,-1.3504367466110034,1.9204611895351031,-0.5620615678310118,1.2817824246634317,0.6150084440322069,-1.1867085053897009,2.908098910099241,1.6321898582835297,-1.1649259678845107,0.2691655390434137,1.7934317927550094,-1.1918446846714743,-0.6948021885642388,-0.1339266257648972,-1.3234622690555917,-0.3619961263198504,-0.5637749025269105,2.17676178457745,-0.2915906940207365,-1.5112799569737592,-1.3724264099976486,-0.20167228086073943
-1.207593809329871,0.6766069803004909,-0.28071375729885684,0.10944307528963136,-0.8400018060014801,-0.4097624184962974,1.2592029702397551,0.6744751152433771,0.21678026440405107,0.8030240515970297,0.8799846593903217,-0.04351140430324233,-0.36628312430180615,0.5117144702968844,-0.6001045279533386,0.5645529699156103,-0.8290663112566826,-0.6816154638485555,0.5992814114523137,0.05957132732232048,0.31712694246160206,-0.32892032346529076,0.052209779090739046,0.35018959299892016,-0.2826358360515051,0.4926942290423782
-0.746884172102043,0.12038039161243272,1.0704991922136875,-0.2400234963994587,0.6946599223237564,-0.5591491041025806,0.4871688063248389,-0.6194619181961565,-0.2666134701273273,0.7176840484815329,-0.5169404520473281,-0.9517090640465752,0.017288256057317593,0.02947201719451884,0.5229191470822379,-0.31777332503050076,0.49513978387644075,0.9669247907401047,-0.22496223686357508,-0.3081750081508444,-0.27702124469504313,-0.4841063062542328,0.1898575897809675,-0.7163698809551861,0.18863370954338898,0.41135250430093334
0.09381194116241516,0.13614052819311867,0.13529701754122161,0.3418013433413871,0.17722068162861682,-0.7946365867462307,1.0496755326902687,0.007698735568758101,-0.4260429114112344,0.454192734803922,0.2864072969593403,-0.39605686811670404,-0.46119554735286195,0.6954594520011571,-1.0922073032678423,-0.39957082381693654,0.6700989509841663,0.49417522333532227,0.09279596453886128,0.006760633148606414,0.08803089401272424,-1.1285953085655756,0.4892621404462212,-0.5870318821254125,0.1355790474096977,0.5356286979607209
0.7610078630253525,-0.4356749256197455,-1.2597486857048237,-0.9469675752832293,0.12728262918956731,-0.5100609752518956,1.880439015603876,-0.48287100430863383,-1.1907291637202824,0.15315355443676515,0.23657029549066314,-0.8420418457795802,1.9997858320249795,-0.4690765725813077,-0.13301993975347173,1.7641015789149919,0.16719218195029045,0.011221023084700774,0.2628544994697571,-0.647623548788854,-0.3302055591017459,1.0177552997002761,0.593985956365608,2.026315850563004,-0.16354519033206874,-0.018955971707440275
0.7946718857355632,0.27228507825905013,-0.7690022662291875,-1.1185885445602095,3.138278786544523,-0.7502241068931517,-0.12955576725396414,-0.41348713061515663,-0.7701930803816516,-0.8314594512594131,0.5138623395351366,1.3665131680584155,0.8040488292344892,0.40643085656671785,-0.8057181661860897,-0.04758468202041244,-0.015799084676730323,0.08996791689474498,1.148704470058986,-0.15435488936013533,-0.26478882657320596,0.14106348135952665,0.6994972040537971,-0.5966421136014851,2.116371039767222,-0.6618752107907793
-1.0114694421345984,-0.4200370690447206,-0.6340208416825841,-1.3109166771186787,3.013707014338485,-0.3256977263426418,0.2996507519039799,0.6992583120955503,-0.04722368503693644,-0.571337946537492,1.5492413163174439,-1.3308890664709483,0.18312905845858296,-0.8645634180945514,0.2363373473064245,-0.32282413866566545,0.03055510952039381,0.7576946457397752,1.7216993848100326,2.395182870166653,-0.4511553439824906,1.7024579723172066,1.0357621939583388,0.3241811267881402,3.468823241607044,0.07785129457349804
0.888171164220191,0.4335923691317509,-0.19810188325207928,0.3237599770361697,-0.9017843926432445,0.8943212216499022,0.8422894077370986,-0.2888198874463634,-0.05349746310180178,-0.1268136875771462,-1.4373846371734966,-1.3658955964302768,-0.665137367536146,-0.01357820087439468,0.9031015793153553,1.029092588860269,-1.4826165676839478,-0.15035122813471988,0.9382914814366023,-1.1857198418251964,-0.09140416928267595,0.7194279627658183,-0.24868951971916295,0.5251351316771331,-0.8276670602622189,-0.1537213627490884
0.12629848370164984,-0.770488056784695,0.6206029203491198,-0.48352750123468163,-0.07115979112121072,0.30115233324270735,0.20306103988156773,-0.2266258566269156,-0.11213915127203236,-0.82671923404161,-0.1866984085376037,0.43196973049449633,0.423712854519471,-0.7946818537107029,0.2667691605725208,-0.7559190687597657,0.7259057701924048,0.14751856590203988,2.2732009742397676,1.123957611792509,0.9914030748320607,0.14036096446143329,-0.41660477529870427,-0.13197897251522905,1.1992118345181442,-0.6497973594329826
-0.5033880352217345,-0.32798778335832024,-0.18074215229252014,1.1609882078265343,-0.04172015075207165,0.5406384407476422,-1.1515118403179474,0.2238015790392881,1.275127883594459,-0.9793243437347511,-0.7164105917870631,1.0094054248016278,-0.6095055674837782,-0.8639563884905154,-0.44213675212569653,-0.5463138529028412,1.6648810310284834,-0.175559753581675,-0.2156169156306963,0.10616018926159525,-0.1385041843681223,-0.7145318488290314,-0.7870413401087724,-1.0935648069786779,-0.0377462934938632,-0.742022308410595
-1.0666854702354513,4.1271729284989425,-0.7035162285778654,-1.1798062999913617,-1.1084644192712299,0.757481995466778,-0.2107519441766764,-0.9369749356467768,3.8622407402846144,-1.9970479541752826,-0.38813980749026783,0.7720858768638263,-0.9190587145129199,-0.6495607445779076,-0.7534197160381215,0.003228385109312389,2.4673247257591644,-0.8214019378285238,-0.14157774597111195,0.8019255202617607,-0.5974081766776155,1.7084739215529305,-1.3412560061381018,-2.190585028040608,-0.3004296126671559,-2.4630566951225084
0.17354573377703184,0.15876157178278782,0.726842516172498,0.17330107196333613,0.010734168196533465,-0.9829877143843052,-0.6231449727742516,-0.05843980988735068,0.07443003361010081,1.1681549385724295,-0.11314298828572106,0.29657596558854044,-0.9436329908752247,0.2938934150316224,-0.2485300369725016,-0.5969043028756255,-0.15620144039152295,0.22949368996232358,-0.7190555002883386,0.6818610541681357,0.3764782785011793,-0.9831743106601379,0.38655382638579117,-0.9558805308508667,0.12315723586066692,0.933645553123759
0.1345572469497104,-0.7527848625586551,0.8674735612636553,0.26523403273333473,1.7989453489195555,-1.3023477825490353,-0.5986412296754322,1.6509841705939494,1.4812012417192952,-0.3679326007313171,2.0632580270501304,-1.3211858365172346,-1.7281394080821135,0.4705575187411967,0.029259838581819166,-0.505304307577357,-0.26557013794508466,-0.721063829036659,-0.7081512544600636,-0.21728944984070855,-0.45644499942333716,1.056042234902469,0.233205962715844,-0.5400951639889938,0.7356277804267628,0.3985618992268597
-0.2136745250051855,-1.0924649017707966,1.2060384387686849,2.0497799972016093,-1.0449466833445393,-1.4900668702351494,1.7442861114597015,0.9936862602956209,0.37960561690216,-0.8670042697360141,2.587983419256414,0.9306373481578372,-0.4199481901685904,-1.638551456140662,-0.6589919588265115,-0.6915861466747093,0.09855735621582798,1.3532697919401615,-1.3234622690555917,-1.3489408807439967,-0.601850879108836,-1.22761506535191,-0.2975965678812427,1.5740166959026332,-1.6775687344367123,0.3863947277269168
2.677339945757554,-0.5500951272263072,-1.5583380863144698,0.39822701573630437,-0.3004560847173782,0.8128781075590769,0.22643336525983057,-1.7124477964584317,-1.531114196469646,1.2662269167017428,-0.6961643942051846,-1.0068224825435523,1.962141247219352,-0.9065533794700313,0.4477946176759856,-0.966543061632931,-1.3906078930232006,-0.22061202716118464,0.6414815471013214,0.3095053801196237,-0.41173444632805634,-0.7682041398434056,0.6666987774333729,0.05946804711328673,0.16990516450918466,0.35798619908442125
0.20968140449503672,0.4021272707626261,-1.0826601331653158,-0.22126287928397956,0.08467368668036154,-0.06089888265153583,1.7058774665230594,-0.14531026455710278,-0.7768737756994589,0.43641064391274853,0.25741063953265464,0.26367505592269846,0.3362938563512816,-0.05809642796548363,0.1708430654772471,0.1185232466091242,0.06420570582328941,0.19100957988139328,-0.5850890515409578,-1.0529705065077521,-0.07185159074268448,0.31251273033934396,0.4539038450367548,0.8573804624006804,-0.6446739942584357,0.3450535338371686
-0.2781802194060327,-0.3110665506978069,-0.028293922043939237,0.06992104321085592,0.4470522960016023,-0.24736156326855155,0.8460096209849662,-0.0036748059022412606,-0.4353362104824984,0.22602906316893143,-0.4646277791918274,0.30426754044052773,0.05138030635207441,-0.5512281727195406,0.2924666016245714,0.6833378648396248,0.10435233028204784,0.24228116369409003,-0.3798232427193666,-0.8349667525946104,1.014232134753389,-0.4182453470579298,0.09426086681423639,0.16353354563517528,-0.2624774126983417,0.2046101947742474
0.7579942390271045,0.41142971167051073,-0.4762624685956134,-0.27692020235412856,1.5051981684375053,0.2779197904700012,-0.6827896302005225,0.14594973322672575,-0.767504169818053,-0.17348555981068842,-0.6835703315563811,-0.23085415200876577,0.6114802406663142,-0.15132378371251215,-0.00207254911288166,-0.28183081306242125,0.8811193105109215,-0.5013504329279999,-0.5804933676145182,-0.2819120890775041,-0.07981243710222198,-0.6299488142985261,0.5841311447725709,-0.2181208657721469,0.5699977592410318,-0.1011599870357238
-1.232871238706784,0.11072759667445735,0.6491874012215969,-0.38437209677614104,0.6994359026331813,-0.8490097011257911,-0.5999359031002628,0.6224231824456585,-0.38519924669494165,-0.48188450153580137,0.893889080076957,1.3552702548729,-0.5176044531650595,0.20400307089330613,0.4554677734777,-0.07306424194252946,0.09106946837745475,0.9563370954482422,0.5207423730046011,0.263931383352392,0.28372399364256645,-0.43608927626951527,0.08107499943790818,-0.21233301591075227,0.6984271176562438,0.13621657186321928
-0.044197299830048165,-0.5398617352537697,-0.45008388999434035,-0.6774539039998261,1.287152931704733,0.8792339895370216,0.6429967261380111,-0.4844268616785609,-0.5220316266336804,1.282030458307486,-0.860808000955933,-0.4672880391229727,-0.40901560223565203,0.5148890865991993,0.40869497145670824,-0.255511722986963,0.11951402343643391,-0.6785726383113829,0.1780514017812944,-0.10819062692915452,-0.07448557760907248,1.401979236318318,0.3806814136760202,-0.39850946682901567,0.7571351172752183,0.40418442266480054
0.3044438272908002,-0.27215874898462905,-0.5951880113842526,0.9818581147505413,0.4830106704371866,0.03614383686929671,-0.12626270854594868,1.072859831160825,-0.31307828456988057,-0.666133100053626,1.2291529332306363,-0.4860101795053195,-0.7733747154197116,0.3806205402558278,-1.2367644517071743,0.38772683845723205,1.0138506667164497,0.008510797276305987,-0.828149668094876,-0.8934629189281504,-0.40814505556215863,-1.2779152752554328,0.5520630551563083,0.5563172790020208,-0.40598101045619395,0.16410742300515926
2.4292587865160296,3.700111651476872,-2.452588761483188,0.8559802830400741,-0.6483650375768022,-1.6445653678580237,0.4572473365827857,-0.6393959133865299,-1.6185199185555397,-1.4901980764599947,0.30061273014312057,-1.1540550514962962,0.8758616413736457,3.8875843924543734,1.179087257005295,-0.5922620878578971,-1.4887387221041455,-1.020481867317838,-0.23827738876893279,-0.10678616962027333,-0.5827216487795273,-0.32632101094234367,-0.42381749988113226,2.389137973121279,-0.5056263953343724,-1.3968157931444996
1.0991865072593436,3.7793663221045097,-0.07413680056710034,-0.28508348586323823,-1.1298182417773235,-1.1924919429070449,1.149923539813696,-1.0471314356316404,-1.00385278198993,-1.0966177766861431,-0.42010572621217745,-1.075748235275564,1.4130256675838093,1.418843392016603,0.8179757393806043,1.6024398930138022,-0.4952583715425129,-1.1508779300832124,-0.8589862502558545,-1.2563481389757132,-0.388071702497814,-0.1910865080592677,-0.629689719698554,1.879501129729325,-1.541166134384187,-1.6154539739228018
1.940108515092874,-0.9313452743694385,-1.011572796893622,0.040082650119663485,-0.5210573670240061,-0.13962156705232365,-1.1068749372478135,-0.18855376421844094,-0.497144841186296,-1.1011358879453992,-0.18504637061189183,-0.016872446797719865,1.003827595278706,2.3408808949870794,-1.5590801110641195,0.3635801994354353,2.866897228901207,-0.6108023058178236,-1.3234622690555917,-0.8553344442064109,-0.19938779326041697,-1.24542386871859,-0.17344153628838624,0.6146016313854681,-1.127364603630936,-0.796561433891064
1.251221760689058,-0.7942842338651158,-0.6393142308804903,0.23064149212447604,-0.6559652181717652,0.8114314346899565,1.2554014136914997,-1.6575405025726535,-1.2911563211447556,1.878310239662646,-1.3794207862571788,-1.7156082305633717,1.4284506700767918,-0.5484767857703223,1.5764249650635322,-2.0625209021152555,-0.04920137167171724,0.7486170536090712,0.8370868138680727,-0.7827749859235087,-0.43401562803297267,-0.05395520955133853,0.3989778309700772,-1.1444658325372072,-0.5160461414627738,0.9479660239404452
0.585896059079733,-0.18083349218564201,0.42484530028115447,-0.6495230068023269,-0.5023093930996814,-1.3989031604576767,0.1391691038900929,0.6497052212343882,-0.04575133099503353,1.6875037367591903,0.7014529969376175,0.40148904656964934,-0.3443707344582799,0.5635421062054151,-0.8474742410077881,-0.32119709790967355,0.1802138089671048,-0.5348037784670965,-0.14391348613531055,-0.22329506289616727,-0.03127846481762346,-0.5684785857153101,0.8318708684536208,-0.3941457106185702,-0.44841487000824726,1.489053410205404
-0.566684889205495,0.5522421100550468,-0.30311795954393306,-0.10307893726313411,-0.4834752625722657,-0.6356795283772528,-0.047243911017623486,-0.47990736784092447,-0.7637235884099985,0.4976252205868108,0.24064736577165527,-0.22575952250800266,-0.006347105590866815,0.4723167664839808,1.3944425338547062,0.831963300259997,-0.04004955260597992,0.3437806112143115,-0.5289841537042941,-0.2773330895195539,0.10599093384353529,1.0624167506489317,-0.08151204297371295,0.4424024680601337,-0.5806153788213211,0.12690504641040692
1.6588305540503152,-0.910426427717881,-1.8652602445911057,-1.0249235239976646,-0.9669707666433751,0.3006280292059788,0.4886841662104861,-0.4127568506661486,0.9447524806750608,-0.716680992896232,-1.4497163906561539,0.44580271649038183,-0.19906159309259944,-0.4728415132270776,0.5950712609815958,-0.006701805704552624,1.7149068906528302,1.3617557419732584,0.6550516010803056,-0.8951522858614396,-0.250195729187129,2.372260214376781,0.03899429133545353,-0.8861259868862077,-0.8091477610493549,0.04714511467221538
-0.8408611912051182,0.1311040458421695,0.2193100031522658,-0.5477448918579333,-0.6944029131347981,-0.7462611058173326,0.8647587063190477,-0.13089397241619102,-0.6361184364173875,1.068494010191686,0.23169565509501944,1.153215015711266,-0.38767240669548686,-0.540475626021446,-0.01643236107939337,0.9524996055215557,1.008921650836138,0.6565890506288342,-0.056933496307236445,-0.7482804274914584,-0.21437332370842108,-0.38206572680609346,0.409267906681134,-0.1753507451170705,-0.7927083662513423,0.804366268302773
1.4325229444161172,-1.0924649017707966,-1.9186906777559845,0.4320542928795003,0.7891181995546132,0.572846899514623,0.8985890152780662,-0.6194619181961565,-0.8265144841600961,2.6427226621302076,-0.941142574881995,-1.6119057180138847,0.14525989885514437,-0.7570223513721677,0.10164390141179251,-1.4314777315842804,-1.3692064739920056,0.7407716193059253,0.8735377953284416,-0.08212631184101953,0.16153014929630602,-0.17865195896300548,1.6264883309149198,-0.11117712193911296,0.6881377094191045,2.106377900666463
0.7149712833038914,-0.5666835644796626,-0.6106862869072404,-0.9907486865514873,0.04701779811856679,0.292066255840255,0.04000464304766033,-0.0063987881890385815,-0.3404727528295224,0.3584689650261011,0.11560207508734362,0.7534645125756783,-1.1041653689927866,-0.19518089552905077,-0.009650445405399805,0.26507847875399776,0.679904222646158,0.7323510224972056,0.263909231363723,0.13730925771506053,0.29148376074991605,1.578792366835829,0.7449051375051668,-0.9015906622309138,0.17505381356567842,0.6550400316579494
-0.2044176102670038,-1.0924649017707966,-1.1095651558034096,-0.5964474897131279,-1.8272992843928013,-1.4407206601930003,-1.254398582252239,-0.811103782526369,5.434362383325026,1.0721517167385286,-0.7146715228537311,-0.2723429369675551,-1.140699048283993,0.3287235330394043,3.016320601131703,-1.480774493933996,-0.6328814436057941,-0.05781261478279093,-1.3234622690555917,0.2799191611104886,-0.5558632538525284,2.6189539737648895,-1.8687387798430501,-0.5901463765604205,-1.3374029007363482,0.2749504661929726
0.4652093488217437,-0.9377749308619808,1.3321874520260006,-0.6948713754564355,0.2742540687328962,-0.5155139727548457,-0.5120865368604655,0.6725042959029041,0.717024837154654,-0.31457241405866554,0.5996604409227967,0.7592231096151847,-0.10167129921953565,0.3551471500939634,-0.954510939846507,-0.6146449743518264,0.5209375082254974,-1.5239453509715646,0.6380221389742845,1.3431478625444024,-0.13627936983377237,-0.5556225264801914,-0.35908973305712294,-0.9331599718421941,1.014105108399033,-0.34565656305932113
-1.655901841213891,-0.7786652464986278,1.8031437681866467,2.621600028354613,0.018158736822755834,-1.7790946719105947,1.8507329274269648,-0.45565905890859676,1.9767232594306323,0.7786312169445406,0.42034423840641205,-0.3687599097271409,-0.668274116073897,1.001728865194099,-0.7134902644172118,-1.6400763347165757,-0.3393771125027687,-1.2651711139864494,-0.4708170059732169,-0.3619961263198504,-0.1115565727062364,-1.0996516123641067,-1.8432018166549604,0.1738782857341486,-0.30981313900983815,-0.4453134974459076
-0.20158747072921598,-1.0924649017707966,-0.23538143288359137,0.5983449756751263,0.6140394818846799,-0.3534696424999911,1.4357937467138098,1.5776420819465924,0.3917160024233038,-0.31558680663235444,1.3095604080560783,-1.0970844873951546,-0.962469162050885,1.2568039936202395,0.34940025608422015,0.033756869819453736,-0.7885904251955637,-0.7501107528875527,-1.3234622690555917,-0.9431270786771678,-0.2923077880495354,0.049490403692988544,-0.15609023592383497,0.34557566258352335,-0.5035310687698819,0.3268862924888446
-2.3678543457670087,-1.0924649017707966,-0.20642451288897576,-0.8875000297313363,0.6451507563268923,0.5108028354325188,1.101934635795179,-1.0315457153212821,0.738891523349452,-1.4689301754839894,0.32951343903426017,0.6965060306856046,0.7189258838109193,-0.050804649390218705,0.27499624388307914,-1.6798210130456976,3.8259246409466745,0.4740668447180303,3.6159999446629936,1.9491940418948557,-0.5239400071864393,1.7447688205843517,-1.3656013319215692,-0.9370680152388097,2.4323827112839584,-1.873225984067453
-1.0051249383368892,-0.19283449075160938,-0.6260355924488831,0.4763419077676648,-1.0668418755923064,0.47788693298161866,0.15484986621472355,0.6331311498883341,-0.2887801996931296,0.48009511156963064,1.247431517330991,-0.8029958245863618,-0.5919965279118575,-0.2475457945327235,0.8708666196155065,-0.03903047014787102,0.04169540932032893,0.9391380529529699,-0.5086476831748239,-0.3560078380867115,-0.3287037143783154,0.15953967577939704,0.35375530233819846,-0.3834414299624875,-0.9558498578624027,0.8753177378587974
0.6399606324290635,0.8779050266823566,-1.2597486857048237,-1.3949049313883979,1.5595337165039673,1.038590315585839,-1.6842915656254196,-0.1860134181264169,0.022079677307508906,0.26585223236609495,1.1554400100694096,-0.4334531240076904,-0.49502347009345093,0.04201412008196114,-0.7413731184403614,0.28985130135801374,0.16719218195029045,-0.15207008187109672,-0.5303038847929175,1.0661409860251676,-0.32936036733387486,1.5277165594172966,1.3343042622187835,-0.8669119818886214,1.279097591147295,0.14506813190587836
0.06293463912048075,2.2582771799489723,-0.05901522525242006,-1.514955938903872,1.847371102090154,0.4233951523822896,-0.8447169548627289,1.3328659688016617,-0.4260429114112344,0.6841744436630943,0.13014753193775683,0.5940782589228882,-1.4511321197753726,-0.21714062379673077,-2.1784786147028212,-0.9123782200549763,0.01949033717672985,1.5355019731593706,0.19395726693846507,0.38146508228590936,-0.41563854259634214,-1.062312839230416,2.602785680377975,-0.88583768604936,1.3315665906149408,1.818723465548302
-0.2775147262771927,-0.11800386506609475,0.8936894402006937,0.008625217905084304,0.34720710958917794,0.13222855040746898,-0.16329592329560624,-0.6536601423848163,0.5180758992620353,-0.20535739697982458,-0.08359040912688602,-0.8512936236755242,0.7335509813656715,0.19694734299651925,0.3529035673446275,0.8238365934558233,-0.27715191434360464,-1.1195925161332203,-0.22022440554789796,-0.9587439918003776,0.7601404075611726,0.06803684980266679,-0.817947775025778,0.36198893020907336,-0.33354237576517365,-0.9769487812372426
0.5893147585000514,0.2763347814638866,-1.783031860127757,-1.4145104981615473,0.4132471319979956,-0.16808629604366224,-1.9813524473945274,0.25486854592165226,-0.3324059928445311,1.4911577395858602,0.24838563306684816,-0.6298666935241479,-1.2916679834800975,-0.34673834545518384,-1.3438593896176585,0.19997254151774443,1.8921620149013991,2.2876056257029105,0.09339632835132179,1.8194999612698217,-0.27901116388641134,1.4217402351323511,2.5742717112892395,-2.1653770796453498,1.164585144842924,2.1826710685981547
-1.4726386043716488,-0.08124350626457473,-0.3348292783226785,0.0714884594418213,0.6647038446341741,-0.8163585877620019,-0.380566570444373,0.9353642156104982,0.05185708107698931,1.1709004387550783,-0.32744180552953994,0.40148904656964934,0.29581477273494067,0.8437250105341474,-0.5760597546667501,-0.21333386661539774,0.03890321141650863,-0.23768306528781927,-1.3234622690555917,0.710489449388571,-0.18163360447610696,-0.6347961808953745,0.38205023699295415,0.6305652936755279,0.338243603225971,1.024300359685045
1.0767393894973405,-0.5433155050445011,-2.018330340088307,-0.2675959185237236,-1.3015583364883692,-2.0565613615190217,-1.9813524473945274,-0.4024720747176165,4.410426333759732,0.33441059477310286,-1.44547176536321,-1.7596640167589492,-0.7676044864360201,2.527902461341359,1.6299368759829078,-0.7756295810581657,-0.03472704730722304,0.022107096748420752,-1.3234622690555917,0.3398312546039867,-0.5638586648928846,2.334969297259973,-1.2083681711444534,-0.13927377157919696,-0.999075801272199,0.21628543501319977
-0.6775488079962898,-0.32975740631760836,0.6089331093507234,-0.7981735692621839,0.23811158237461064,-1.085427947889526,0.9163664317143173,-0.09221466693689738,0.6753681432963212,0.11454382218319828,-0.9332869800146865,0.8594653543769699,-0.32337699676097137,0.5574427738712298,0.8245730266981123,0.2889205877989502,-1.6045211332453817,0.044862014614946016,0.05813885167973786,1.6362623888105199,-0.11138642105854642,1.6514618463455057,-0.6908748186192024,0.26538597407328846,0.9610148945363925,-0.06854872953069847
1.023430866760819,-0.5894272864489991,-0.4576519828920475,0.31563447618114854,-1.1526844003133228,-1.2584033650754411,0.32228666151533947,-0.7293081226087561,-0.8192485931382966,1.35294281937715,-1.334042250993493,-0.15976106037804666,-1.1630303501295083,5.509416558486451,0.14184192103683482,-0.829520027533054,1.405965436575529,-1.284824216440417,0.38508262834229645,-1.3430811578593749,0.7416309562122498,-0.8258456513320093,-0.8081329132983712,0.29110058071481065,-1.2200607769593712,0.27954165108592594
0.15260016688417774,-0.8047010257570173,-1.2214945817034641,-1.4107979052676753,0.22690583332902844,-0.24434442371259735,0.16617720225070487,-0.4106010897686398,-1.246073497295568,2.2885228275169323,-0.8046816299817603,0.4131641182663783,0.21008396245579034,-0.045399499114449536,-0.667321394178802,0.6424657484513364,0.8173618904995326,2.5404504959153282,-0.8021944226296857,-0.9902695459241591,-0.12463836897044007,1.242616342656749,2.0417261764818866,-0.637394855524838,-0.5961280331046279,2.4137881549020954
-0.10177558909713548,-0.49157194486664335,-0.01176604767341882,0.558864387793721,-0.6432597490920395,2.018853632658659,1.2799968077726998,-1.9924234106394796,-1.5055433735189856,-0.9690375364339994,-1.0928582277296521,-1.3375643381412337,2.406740540881177,-1.0816604524401192,0.49474876591278566,2.6024566690537756,-0.5111478939428103,0.3308546753386019,-0.5978067260067621,-1.4446021926385355,-0.3095657749950138,-1.0727100893222061,-0.8410533847010592,2.2627128972023187,-1.268548171890733,-1.7001806627532872
0.6643507460566735,-0.10891374345504343,2.159624561869011,2.0130960727102547,-0.48959310564520564,-2.1242024948066485,-1.3140738995400387,1.0700929353460964,0.9868962627818559,-0.30268736674007285,1.2262981223876712,0.9401977652328795,-1.846895674848338,1.6541111307710772,-1.1999079770028669,-0.6853142485863915,-0.8463693851789378,-0.6870312391516571,-1.3234622690555917,-1.0166858473308926,-0.5463624332557137,-1.4744092516522957,-0.6631500214289139,1.4742232787672254,-1.18810865827326,0.22982647323916777
-0.8080383147039074,-0.25392172467228474,0.09488279942617762,0.532070864686667,-0.8687302563282627,-0.47110119435031766,0.176542637154653,-0.6369008839314818,0.42482374527145467,-0.5570607555329679,-0.9596940499043098,-0.41032546051116847,1.7958077129838501,-0.3276426702090824,0.46672446753690405,2.3583534060606004,-0.17368437191045658,-0.7528581095386535,-0.7473000465251586,-0.8878277423476926,2.390642887027792,-0.014368382343747798,-1.2886138633088462,2.1932973096401844,-1.1729414761155847,-1.1788293681583732
0.6814516643001188,0.772570785224169,0.9919818112414912,-0.8187842438191718,-0.5849823994074856,-0.6273461490076885,0.5492699699404202,2.2317889347413216,0.01368917589159349,-0.9936795329195502,0.39549430272912495,0.6284920915409477,-0.8463191195531737,-0.7214075120408461,-0.26310804085632905,0.2519203336678686,-0.6181606627288809,1.073126699338126,-0.5727054336371485,-0.9578872988023539,-0.3032288695128796,-0.1844477233722807,0.912650907285838,-0.8964553949462841,-0.9876964648669253,1.0291874112516914
-0.7848916172834872,-0.2493264340698177,-0.23304571879824043,0.23177128217129778,0.906857102688834,-1.0298411868400263,0.5475658471004642,0.47377005877217276,-0.34021123304934503,0.13167629796942504,0.20748822371611647,0.7093571493118679,0.3139928797293158,0.3480949209855752,0.11554456608374673,-0.8639176333397766,0.7730572164688452,-0.20957933971074744,-0.11770129095930404,0.5135158084689772,1.3964737924448247,-0.5247117829640598,-0.07131181408631045,0.5787279948867339,0.7493190074210917,0.14297233916351673
1.5193760547129482,-0.6954894342578117,-0.5565013890313218,0.3280348389317836,1.0110382484704836,2.2101854437447055,-1.4427059087650005,-0.9183217406662826,-0.9627795502259024,0.746518882811666,-0.5476056657462199,-1.5312276415393944,0.8575839828623247,-1.5548877228578906,1.5701857216605732,-1.8206033676090947,-2.4627513620885897,0.5945440666918568,0.11473456023998037,0.9909241260634505,-0.5109919706319257,-0.11651433932659995,0.792638121032527,-1.0705252023781129,1.1154242635296563,0.5218371224578818
-1.78279065458025,-0.10891374345504343,3.656843895334943,6.415167011672897,-1.178997546927137,-0.09496849617785123,-1.9813524473945274,-0.7636672658653197,-0.37525098031278975,0.9630701726900768,-0.8377301170765289,1.6285477946358948,-1.2242276815335393,-1.216006378401383,-1.1999079770028669,-0.6853142485863915,-1.801242723851544,-1.787418312100054,-1.3234622690555917,-0.46674648168161764,-0.35481705422031967,-1.7026218659980994,-2.2040257160586885,2.8928146205625755,-1.3231321275597308,-0.698364460971047
-0.9400664636324351,0.6531755646439177,-0.6959990675229678,0.8336575770487404,0.7309419096044826,-0.6459525620307034,-1.6852752109292908,1.1385415400872811,0.8606044654088428,-1.5432974053868413,-0.687370444002978,1.3930196388798963,-0.6386723500719402,-0.6445171966632905,-0.29266228879630646,0.14606530198159567,2.2743590428669624,0.4886582604223473,-0.13766422106023607,-0.4084747608181179,-0.3131497649516846,-0.4182453470579298,-0.23097173440741292,-0.1304117583653018,0.1871634990948938,-0.4748059448416536
-0.5822070581325053,-0.13742247268158705,0.07240368291719258,-0.7235398843756998,0.9447233808866057,2.4566287056866543,-0.9014572129440261,-0.7531978400349516,-0.5187041682329023,-1.619808980234054,1.7946537245589724,1.8868176124312293,-0.5459106163524419,0.8000085290076783,-0.3549072102407191,1.2024361789234772,-0.9155631053726049,-0.28656831083227285,0.4065426125608209,-0.6925669941462956,-0.1798487665664544,-0.5914157624380751,-0.5502710704732466,-0.05020534643836095,0.338243603225971,-1.8030863552690368
1.0290120993288423,-1.0924649017707966,-0.8648586401825726,-0.2600803586470428,-0.26824586028378306,-0.23555088022045784,-1.3832566252373268,0.8738376629756437,0.0374933013740829,0.40342754154403776,-0.672055609561008,-0.009832710130480225,-0.7629535660846162,1.600356421569185,1.1081019298084083,-0.09428749093944139,-0.6659334532892983,-0.13131736619109563,-0.924230373297958,-0.14487561549893083,-0.32238450601276086,1.8673188858100989,0.16335991360587518,-0.7537948895089349,-0.5089270602570337,0.9061253439890825
0.5581041319939325,0.6942412693960976,0.5003685040020031,-0.47188250062623244,-0.7564120494268354,-0.7214465249183434,1.8690682641485987,0.6574503614327838,-0.5938028346274971,0.4466733966354798,-0.44928461108486134,1.7489450087101068,-1.1601733185848875,-0.2916484905456276,-0.01100971292751338,-0.9268273386092645,0.23566810625150258,0.2729555693057158,-0.7523123320626133,0.5866461469384464,0.13807242073235246,-0.4124847084935596,0.3846867215967215,-0.9069364789370202,-0.3844282956303452,0.887207943451529
1.483484729917671,-0.056333964551371234,-0.0895674646853826,-0.6067887340901534,-0.5849823994074856,-0.26088070990221823,0.26808970134764826,0.8268497296965547,0.24328380554528223,0.07305952546812258,-0.18433752974090176,-0.5317456938679094,-0.9775101747484303,-0.7214075120408461,0.1687653242020521,-0.6360857654780869,1.3936793904492502,-0.1633669507674096,1.3041866549089596,-0.2626809309060999,-0.2982902953199591,1.4086326371286901,0.6347846083393905,-0.5297487399925088,-0.07734955244493728,0.7067336400699197
2.1378681148250696,0.039801895603008605,-0.6099004496673838,-1.7039201349557953,2.116403064149036,1.8346467494500227,-0.7522758094219983,0.9601016955358522,-1.027770999857098,-0.7759327972899017,-0.6296722876689119,-0.5815840867119323,-0.007778354387617444,-1.2916223036144032,-0.8359709924457966,-0.9905035163890648,0.06420570582328941,0.9679610022930675,0.7275744462628357,1.1755123112710304,-0.35158650961118476,0.8725358628511716,2.0900603877784647,-1.2025100579136485,2.0413186483722168,0.6987307782421942
-0.9923051162301784,-0.7527848625586551,0.2765239568912399,-0.2560126587137876,-0.10580094245732626,0.49975545923765735,-0.13773749043573366,0.2692192204777554,1.2930283236010658,0.6812107618478994,-1.2633029499557453,-1.0042136580292478,-0.6529137495230534,-0.32242340131882313,3.804812555793233,-1.3370743798259987,-1.5846735130185814,0.292351069761177,-0.09284023986453517,-0.5971444755984555,-0.45572097461116995,2.380507244123767,-0.8331020968731566,1.3988926572588052,-0.38353582066934216,0.5812733908014109
-0.03798940465616153,-0.3939002981613746,-1.150734186531184,-1.323678143315138,1.5891764699516655,1.6884219084726977,-1.033486806979317,0.8933733528329498,-0.8633136320788573,1.0945658322633864,0.7181922306938932,0.11806946156425999,-0.389236503219171,-0.1795187125447559,-0.30176808295813945,-1.5097474955313264,0.8356248173945389,0.7399724914916694,0.7855542827382681,-0.5541926705657773,-0.3515414970549521,1.5550472956802577,1.9073005602370814,-0.795737137369865,0.8997454109761898,1.5599004889093233
-1.1041020586877097,0.17051679983195764,0.1929115833300916,0.25935751986470895,0.3104373019754642,-0.7770447331142823,1.143647651576776,-0.35000464386405655,0.14595846084428213,-0.2809968204048549,-0.44679804917350086,0.5702839952042011,-0.41798845907350923,-0.09147255086917436,0.2205381928430231,2.3465792687768503,-1.1418741557151613,-0.6502276128861902,0.9643570388768237,-0.12264687859779765,0.5236902418534749,-0.23927916726850976,-0.83391351146457,1.843854177556916,0.41451488698937694,-0.8325189395385183
-1.2244649870838038,0.395989315228608,-0.7373125820269395,-1.2688938065703115,2.09815087518307,-0.4705761973027475,-0.8797262616142216,1.405557747216021,-0.25833567279460473,1.1871118562606693,0.625879230004177,0.6320657192167448,-0.9589225303778497,-1.014449871597075,-1.7204219968712628,1.0177572158882,1.3643486627745796,1.085186955678991,-0.5881213850831124,0.4558417354343132,-0.06391528592931789,-0.12757898047157884,2.244448253625403,-0.7510917969772717,1.2783570147707641,1.833053455767508
0.6489016210526523,0.7796353143415743,-1.670923602972402,-1.1741176266036062,0.12146992185468765,-0.27615010319827965,-0.9652692040706468,1.0359940886293553,-0.8303319910739558,2.056224411288842,-0.11844754877839847,-0.5251534337235407,-0.7359993685935263,-0.7159101457425454,0.29472838901074655,-0.27136897475742666,-2.1430439757627604,1.2136373413955739,1.3894999316610557,2.0704737734729948,-0.4900453368585494,1.5283141702685274,2.351969613894541,-0.07097636563442486,1.5092920122450917,2.6347384802609293
2.0267974517876253,-0.738174968398993,-1.3300540894043773,-0.2796773830566679,0.43126013850437483,0.637550689195063,-0.5391697794509551,1.1788398746163724,-1.4971916127971974,2.313211548082237,1.0906690266044805,-1.0598826069393243,-0.7376985684775315,-0.7942328376269358,-0.6795020738337646,-1.2021726028752784,-0.023261722272981896,1.0614930225226173,-0.4677609297614521,-1.3241788259734983,0.0030448573753964554,-1.118022429249262,2.9015391119520966,-1.1606407890544261,-0.538640931454467,3.0832303472722544
-1.3362946797271973,0.2948598899587919,1.8534263222428955,-1.0954941723075748,0.26512333533711874,-1.4772887990031822,-0.09892454397344358,-0.38287687001567655,0.7918941311388331,0.9444169036879478,-0.272838177854748,-0.33023071008637095,-0.8407952856502156,1.605772309563962,-1.1207933904108682,0.17981156772218188,-0.5398047869735225,2.4365236451123873,-1.3234622690555917,0.9862512107180474,-0.6021599882468668,-0.4682294243573106,0.5366253642954266,-1.8747194790840964,0.23887621713322618,1.1535175397892234
-0.38618975421675317,-0.19385679803685857,-0.6287033916246877,-0.3697392095749782,0.004828261334765187,-0.17315110478302995,0.7282028681358207,0.3082994412891225,0.04082308666884736,0.25731445373508427,0.4402994897836273,0.42984531919064306,-0.2619226009561225,0.31356331638587953,-0.41622677937702757,-0.2866495991907825,0.740745845917802,-0.12683418383247366,0.12345090465995344,0.7864486788282468,0.18987959729287543,0.9540101422356486,0.17493908206808942,-0.33811292995145165,0.426444704770415,0.24313848756279363
-0.8196464051738478,0.0202580784625977,0.1451402268384605,-1.1866938995402638,-0.24815064966153993,0.5756413993754335,1.3738192378775735,-0.6714006345575647,-0.7069708905448444,0.923648830936717,-0.8299851705869822,0.15068309736225327,1.6770780621762222,-0.7295762064278141,0.0961112058776589,-0.1436481832928866,0.24734576164962815,-0.6725796265613407,1.8119687171385068,0.9251263218097012,0.006329246906591296,1.0054445161649208,-0.04466011686382896,0.39741254142618093,0.8577628951179871,-0.09239871690304167
-0.5643826998327522,0.5758370629673164,0.8961483310960721,0.329748391168422,1.3100336777855461,-0.7371311539717743,-1.226792739272152,-0.7559298810500817,0.952411522450346,-0.19159978522046442,0.5092587761884345,-0.4558651635985534,-0.5739731315528946,-0.009023065823935058,-0.4416885884332122,0.4414044560896098,-1.3439510616602321,-0.3511887710366048,2.202243882086718,0.9927972355900888,-0.39447678572298783,-0.8417576590738365,-0.3580257199293568,0.5244313266221732,1.9248374859515267,-0.7863094582805592
-1.3789089679254232,-0.32172890636546975,1.350600781680402,0.5997260616307868,-0.7072997713131842,-0.5231928136829761,1.2606067196084505,-0.12160747398980729,1.1548147650300147,-0.6029161725838553,-0.8119800571689832,0.10129632589025647,-0.5968259549362301,0.37626544052743205,0.5122435560613494,1.9727381679025875,-0.9139364459855959,-1.788705314524555,0.4915253084998729,0.12435793589930023,1.7127493322466818,-0.07682213458429525,-1.9671985637897806,1.1372936580390616,-0.20551681511487396,-1.4135064122730687
2.4292587865160296,3.700111651476872,-2.452588761483188,0.8559802830400741,-0.6483650375768022,-1.6445653678580237,0.4572473365827857,-0.6393959133865299,-1.6185199185555397,-1.4901980764599947,0.30061273014312057,-1.1540550514962962,0.8758616413736457,3.8875843924543734,1.179087257005295,-0.5922620878578971,-1.4887387221041455,-1.020481867317838,-0.23827738876893279,-0.10678616962027333,-0.5827216487795273,-0.32632101094234367,-0.42381749988113226,2.389137973121279,-0.5056263953343724,-1.3968157931444996
-0.8950057555540033,-0.10002623298833482,0.13412646186174193,-0.6872448612764676,-1.0294881500226218,0.33812103192881093,-0.09608956219118278,0.831081474290063,0.796523876999954,0.542167665602461,0.2854659730736682,0.5061778671755561,-0.7759817465870424,-0.31923873898926525,-1.049672583241774,0.1235339096949594,-0.5357479376589336,1.7788964182989664,0.833832974887766,-0.34085674737636085,-0.28013051273795403,1.0123768020392006,0.8104848500227823,-1.5759379222353362,-0.5194984669872446,1.362612668400714
0.18544780528686688,-0.6673169817246323,1.094321957780808,0.5297807406505847,0.4533342592049197,1.0552424800034486,0.9030128884926172,0.0418965996521879,-0.8691392065187197,-0.05770203652778549,-0.4293632395911388,-1.4786494348628796,-0.005003578494562006,-1.1802070632332105,1.273060874856708,-1.23109077384593,-1.5825459269297533,0.23350762402452832,0.2168001416738595,1.686887034119094,-0.5182541470853402,-0.8743193173004882,-0.022514354406816886,-0.7915393132997272,1.1604285881546386,0.10058219015665897
-1.5209565952528423,-0.6043321046807562,-0.4260494616404097,0.23177128217129778,-0.9594094656299291,-0.40203776792802925,-0.6566809598019129,1.376337063225175,1.2330917644967405,-0.8277423460592457,0.517903245139464,0.4609021892041128,0.004965060824934209,-0.2734739618089454,1.8418747310578543,-1.2985665061107838,1.031548180877187,1.1143431543416442,-1.3234622690555917,0.06689838424471674,-0.5434243755984643,1.8809444132181639,-0.6635630007514264,-0.4391064127098646,-0.9320641535522489,0.3100579994720981
-0.027945363343370166,-1.0924649017707966,-1.1442697727700994,-0.8413369576201313,0.9478884953256294,0.05100477018754322,-0.39597433724379194,0.4292818269923969,0.5656932854845047,-1.1752521386025585,3.344000855076708,0.5626629973333529,3.0196300601368278,1.2822850326560635,-0.45607273588241404,-1.0760401550245635,-0.5111478939428103,-0.8144992452378783,-1.3234622690555917,-0.8099710503137892,-0.3475049090713935,1.870306940066251,-0.30324899511347075,1.0541331526966338,-0.24198676001061575,-0.9270914240779095
-0.97445887970923,0.10025776985192648,2.084134511442158,-0.07440182051727884,-0.09861864120779053,-0.682619970893883,1.0531042973736227,-0.2424297919710012,-0.630422454811063,0.42011173496166876,-0.5450926291283621,-1.1591140891455491,0.29581477273494067,0.26364092874061823,-0.9092896066752035,1.13189017852291,0.24028511561816784,0.30381503920459135,0.026880907771698666,0.21756720860594278,-0.12143644267145054,-1.339034245389602,0.0067289878983976285,0.7632703673119429,0.05703989559925895,0.11594666949094941
-0.8401334416842998,0.7931685689158806,0.306783424585008,-0.23036899618275455,0.54728224881296,-0.6856641932830067,0.7792110630817989,0.1582340839222377,0.0818068596894497,-0.27523720323435896,0.4243112462103163,1.7100993041434809,-0.36759031422470073,-0.28062470824337044,-0.15340526840676036,0.1235339096949594,1.0540298874955327,-0.9969294057801967,0.2046218620709534,-0.06340239874306719,1.1455750906792004,-0.18311294126590238,-0.42675903584513414,-0.24851696307173518,0.35246032262176935,-0.6311311573809566
-1.339517609086727,0.5688273908465679,-1.5286036161287018,-0.8152212940758269,1.2947478012021458,-0.25574814072707186,1.0242047093282118,1.490358833255512,-0.901795292769544,0.9354149659462248,1.6599175004263687,-0.4634964123732705,-0.405340782762396,-0.449033800320003,-1.0276569672341913,-0.2501815543246226,0.26096272185315955,0.46267290149190554,2.6889860278026427,1.2893624170303548,-0.39509947810115764,-0.06530085745555488,1.8442453788448838,-0.2559947432496254,2.2090364429342375,1.4442726268159014
-0.13556230257767185,-0.2946691680279944,1.328929366130735,-0.06627718022899955,1.847371102090154,-1.3871925679438892,1.0496755326902687,-0.5331858494242635,0.5462597696161305,-0.3835977760402079,0.01853341406519723,0.8546401344596228,-0.03693701631464304,0.06222674634548018,-0.6820844611954523,-0.15537682560834634,-0.13541647563456444,0.19665329481416555,0.12169919379589098,-0.6891190581063847,-0.14923761137675248,-0.7119325363060843,-0.3552490584303992,-0.601834214909113,0.783953246656497,-0.5238593727909423
-0.6803140794299178,0.3479269584948966,0.15865695929783433,0.8007224370615268,0.3643140347404287,0.2677907432335416,-1.9813524473945274,0.665627197970106,-0.08793467657807233,-1.1160922117509227,0.8089809373593903,-0.2559514661887547,-0.7904016206174906,0.3492271047429422,-0.3150272432130742,0.293513125196953,-1.1359621190386624,1.5798863920043296,-0.6711653464789115,1.1049381534799738,-0.48171622406545606,-1.2833949070605655,0.3059214835097346,-0.44311169609093043,0.5531776123063603,0.027433639213602715
-0.3408020690648668,0.11151672320768324,0.8663938725833156,0.2770853582392379,-0.30261699245952595,-1.2372291514004297,-0.3476985117215403,-0.03288407860367809,-0.05902045103892944,1.0805497396871264,0.8181853523433892,0.19958567513219208,-0.6337928060212723,0.762894780379239,-0.11301319697083394,-0.8272226272570231,0.03930180531946571,0.2775386717275911,-0.7418771931406953,0.48643709605153634,0.4318844952900238,-1.0329476328900908,0.17192013492650124,-0.0976909302361629,-0.16383805325969222,0.8126035614242264
-0.050109876723423104,0.9754616967801067,1.703209821840544,0.44697974104823157,-0.9107355676835404,0.7092049294592633,0.07632240519441887,0.07265014807628851,1.0780860363781504,-1.2824578470521129,-0.47789255789518315,-0.08512696475655024,-0.15084185205363468,-0.8853624366194512,-0.1721556306418023,-0.9359802341077732,0.5140254759843349,-0.37548510831689513,-0.3245473164904665,0.1959419589334093,-0.07831386450190853,-0.7637431575405093,-0.9296280425644621,-0.819935315323793,-0.537284237277385,-1.0420521386451678
-0.9975708282076544,-1.0924649017707966,2.6513681613785165,-0.6246201321047437,0.8376715196265497,0.01882032617516519,-0.727866577125815,-0.3850744630663614,1.1294761611244735,-0.8042585786264121,-1.7829393108498541,2.9001726153087555,0.5710347104067923,-0.9745946252934192,-0.855083992961275,0.2234661996498406,-1.1408630316854425,0.8795634410272126,-0.2078516444618303,0.29391731379588554,-0.43967597877683945,-0.9222660955953973,-0.9452170281510406,0.3570010412063779,0.5735059503614376,-0.6428509131472462
0.40876042199015045,-0.26874080668135336,0.8955436674713448,0.4346392074536499,-0.9423020220870072,0.3065299449794178,-0.19304593914449766,1.5335341498340724,-0.09192435374910349,-1.0507500725432908,-0.8308500229449817,-0.42732429318111215,-0.38518256054184763,-0.3779320657230248,0.18028194727027558,-0.674777459798018,1.0848619422864072,0.18594250538740412,-1.0250364269767605,0.46265104626565845,-0.1885313508641405,-0.9854926164238487,-0.09096895016979085,0.11258058313722348,-0.6372129035844587,0.22314255378925754
-0.6331589244564709,0.35266508961419163,0.6466450248929104,0.4124633613701539,0.8593819005123038,-1.204689946054552,0.7638549117612202,-0.22611523240015508,-0.36091258828021455,0.6766092558716749,0.13151823163092863,-0.27628983058929263,-0.25526889193665037,0.21133159224204373,0.12406264255565828,0.49829195064896414,-0.5959245358253334,-0.36592413423864556,0.2472000576750988,-0.24194670589866776,0.8925189885853488,-0.9157678142880282,-0.03893777151982255,0.6780703610768708,0.461072733257278,0.12078548120900866
-1.1002770835524083,-0.8256716725920294,0.2753277026313766,0.3510533260620114,-0.5826301422554528,-0.03041796412199037,-1.6193470813520112,2.2579537944304153,0.6736575445317514,-0.0444113344029087,0.3990155486752995,1.960182019328036,-0.13140753942031935,-1.9651031749924142,-0.3423722482084746,-0.016176360232761294,-0.6434104771614811,0.3272256715416694,-1.3234622690555917,1.1652598139496342,-0.3928513962429264,-0.8149215135666499,0.3543141635334336,-0.5894434302869682,-0.17133273571117358,1.146342230201073
-0.5670333048385344,-0.7137411798905928,-0.9970743283941386,-0.5775479741275301,-0.9122165179253169,-0.4714930312272014,2.1296969968584145,0.046866239999287414,0.2353667493503272,1.533388512295386,-1.6839026137151092,1.2619552502411853,-1.438940782676573,0.774381626043886,-0.9878610442876352,0.22129943369731836,0.810939512976964,-0.147377808740183,0.0486105680884596,2.542117174054649,-0.4903582213316277,1.0777155884404437,0.06726357391735016,-1.4124524347992782,0.7270518141348369,0.9882114850287201
-0.5044859113903999,4.898255789788791,-2.229255859051535,0.11179344823807813,0.8713091680541908,2.340865264699388,3.824837514456218,-2.264016521401933,2.4587228942815265,-2.0188573292921195,0.18088122187982947,-0.6748919141456253,1.0925824494364593,-2.1727122147922033,-0.7828517442599218,-1.2209506359731042,0.08990252481822741,-1.9779615281950145,0.22680184563963518,0.7545474342407998,-0.6308285137108586,1.3870389650375459,-1.2575489594923024,-1.7577756460687588,0.9512242317201649,-3.5464300508134574
0.31616927797925265,-0.22252526339250686,0.14780226088932763,0.04389055319693309,-0.09218064444418056,0.6292795646246,-1.2436022377204228,0.5375157151922857,-0.2943313421091474,-0.4856582585784901,0.6767988551155742,-0.5470623643023496,-0.29947323601651094,-0.6495607445779076,-0.30016648142239427,0.06979744204670386,0.35588863034449136,0.5574109071530203,-0.14157774597111195,0.8019255202617607,0.0906884446496247,-1.0606970503648003,0.5623643556711032,-0.5149612080193252,0.2967038818670694,0.20667606825924395
-1.2401980298305268,0.4554729950415799,0.03987970816045159,-0.3656260569151959,0.2208893237743536,-0.44452334605350546,1.4192303982710774,0.03480346644984046,0.0861116429635624,-0.039341838402257016,0.15811348540918146,0.47924450169528926,0.9683437311677887,0.2363886564415933,-0.21093541957410825,0.14038744873199097,-0.013258418551832485,-0.395728173606034,0.011776397963787185,-0.05582981920542469,0.5248400960598975,0.3544529891555488,-0.37829894345563514,0.03881667444678034,0.10594177220378515,-0.372640883822531
-1.548924521876894,0.6147352953057695,2.9664163270527264,0.454287236885141,2.139431084942884,-1.4963565944166874,-1.5180606058789756,1.6712691482726838,0.5549614893238649,-1.0555835611783166,1.6077333928931448,1.8698864059809943,-0.6451141851604489,-0.5785329558114378,-0.6688750712393331,0.5516470407075098,-0.9131610435834984,-1.2172695696397449,-1.3234622690555917,-0.20744864606460134,-0.4590234972098734,-1.4005044739728174,-0.40789714599206767,-0.6110270927325866,0.7539905683549343,-0.5684160169522972
0.1160840934549582,20.513413002214595,-1.0942853712841174,-1.4095914020803706,-2.328004949063689,0.48006034184108154,-1.9813524473945274,-2.264016521401933,2.5053554845922816,-3.340505461372431,-0.7023840030133027,-1.2640269190849744,-0.7904016206174906,-1.3320657749471547,-2.566432654501028,3.159256461550879,-1.1359621190386624,-0.83735734201346,-1.3234622690555917,-2.116564578629444,-0.6613015621373187,0.8824960437050197,1.1435177877946106,2.3265364792274115,-2.808390289710901,-3.9744258432064368
-0.5721405681423588,-0.8707729670116529,1.2206019833886352,0.6036717499723414,-0.46330799097900377,0.3670522207993888,-0.6277142157502661,0.817160493799694,-0.25587693260003797,-0.4304341327044272,0.03486718741240107,0.3137934491571323,-0.19334295080167863,-0.7063533281322952,0.7447175522880399,-0.9944676574679061,-0.05894019378407662,0.9618526702705972,-0.7210888283582032,0.3625565314463483,0.9252195195658379,-1.070181028489068,-0.18699178528334298,-0.33517657959021685,-0.3127840987609677,0.39810089462238235
-0.634312740923932,0.3349270319582023,0.13038659985329562,-0.14185273351116884,1.562857661781386,0.9421490348387233,-0.20595789949287294,-0.40919245178145836,0.41941686981029624,-0.8912417749660775,-0.05036916411605793,0.16984213665910705,0.25151794161146274,-0.6917177648124788,-0.9137764560826748,-0.17124502765800195,-8.272581386684453e-05,0.028021732439358578,-0.030642736584121078,1.474916693787666,0.032959199809936716,-0.5784543256682436,-0.08323821553930032,-1.3870745167833003,1.6332481656620854,-0.9743891632352869
-0.8199423305201233,-0.42682926937528687,0.41765261421250177,0.11179344823807813,-0.6394780539181416,-1.5268522268120241,1.2443086425225536,0.7015607789436448,0.5623308883107977,1.064988312228609,-0.617328833208779,0.9223185436899437,-1.1348258556535646,0.7871396080388477,-0.3204418786418571,0.4089826369181737,-0.0024156767561805403,-0.7722463996830148,-0.2899528592587738,0.7545474342407998,0.2596638618566925,-0.23063820942195448,-0.3887998864089637,0.19914902617160318,-0.0931131353440191,0.7317909744346411
-1.868753620925648,-0.8660115422960356,1.5569147663648066,-0.5455941539621892,-0.42325865768680654,-0.16769018586852502,1.3986083070299273,5.258925984786233,-0.4005279394629997,-1.0090757667519497,-0.3128569565254951,3.0107672694852496,-0.8679588812348653,-1.6440582680855234,-0.5213415993448455,0.2571515919838977,-1.9144493567869554,-1.5655762447015225,-0.9132549259919063,3.961115833494508,-0.3170549697809055,-0.9051246832819063,0.170794407546874,-0.018256459977342356,1.419561092207712,1.2620912105970592
-0.9923051162301784,-0.7527848625586551,0.2765239568912399,-0.2560126587137876,-0.10580094245732626,0.49975545923765735,-0.13773749043573366,0.2692192204777554,1.2930283236010658,0.6812107618478994,-1.2633029499557453,-1.0042136580292478,-0.6529137495230534,-0.32242340131882313,3.804812555793233,-1.3370743798259987,-1.5846735130185814,0.292351069761177,-0.09284023986453517,-0.5971444755984555,-0.45572097461116995,2.380507244123767,-0.8331020968731566,1.3988926572588052,-0.38353582066934216,0.5812733908014109
-1.3214860483759419,0.26969974845511563,0.759839604461035,0.4957698159240671,-0.8627964459335523,-0.8859491655787349,0.07617649150468776,-0.7480630094374818,0.6791912381327067,-0.9590645993556445,-0.7395197250271404,0.10222198840892707,0.9657957052499462,0.36725969218111604,-0.06682238247826063,2.1633994753218047,0.6339822221625627,-0.7433953195912916,-0.5320052775828724,0.010268007087489445,2.8450784059782914,-0.6190598023780707,-1.6158277691915175,1.6670391025222377,-0.6631812238553452,-1.6184567116143413
1.2998867992341343,0.4954369682811426,-1.2471292399243856,0.5310907789734334,-0.101976150707574,0.5721290834057979,1.7891733230121618,-1.9948775652548028,0.3566980201934899,0.13346523118405101,-0.5476056657462199,0.32095918456510597,0.8575839828623247,-0.9370632309235775,1.2944111632498003,-1.8206033676090947,0.23505343211292876,-1.4780725486205852,2.2720298041833384,-1.2287106630029025,-0.5044734380280689,1.5406249538038828,-1.0525584676121362,0.2521336458250302,0.025475776518391426,-1.3313008155385646
-0.5698919778140539,-0.8675572990159998,-0.23475837999752247,-1.3643290026440178,-0.3311634160673332,0.5441759031952366,0.6126075048452769,-0.8154426857567995,0.022700569205646066,-1.488093062370219,-0.6404850976055475,1.400663996505886,1.828545603096865,1.240082802940511,-1.1602647696351729,2.0262006819370666,-0.3950043428371087,0.016515444576442075,1.1209814885867113,0.5242705321846541,0.05880234598500303,1.342895443493293,-0.991023136729573,0.7477620626732527,0.4026797921598326,-1.6262974501718002
-0.8950057555540033,-0.10002623298833482,0.13412646186174193,-0.6872448612764676,-1.0294881500226218,0.33812103192881093,-0.09608956219118278,0.831081474290063,0.796523876999954,0.542167665602461,0.2854659730736682,0.5061778671755561,-0.7759817465870424,-0.31923873898926525,-1.049672583241774,0.1235339096949594,-0.5357479376589336,1.7788964182989664,0.833832974887766,-0.34085674737636085,-0.28013051273795403,1.0123768020392006,0.8104848500227823,-1.5759379222353362,-0.5194984669872446,1.362612668400714
-0.38618975421675317,0.7047513056970793,1.1951819782338122,-0.0633093364212154,0.19145491816664134,0.2977014594009676,0.4572473365827857,-0.03016318538075332,0.5386259882361634,-0.7192366660798128,-0.5375078276999183,0.24350409910982682,-0.07229189390116118,-1.2403588906004224,0.3467494988927787,-0.22552710145735963,-0.03472704730722304,-0.797069946446497,0.8469074915177256,0.5631399667161165,-0.4273876705002975,-0.12663058265915142,-0.6744053262249403,-0.6691746358468421,0.645755551853892,-0.9048295089323117
-0.6565287580976198,4.9476129118613725,-0.3171643428670418,-0.6401927639444682,-0.742351067639405,-0.4636758653563954,0.3207929030818242,-0.05546945386297049,-0.28967839346544344,-0.440864811827195,-0.314814620775609,0.5777092842496226,0.5055837623044321,0.2565915032358153,-0.7748920628891238,0.9879842387124942,-0.5980629814561438,-0.26810598549571096,-0.33997854644770314,-0.21924544894347753,0.5888842445611084,-0.2823434531216644,0.3786751989688527,0.5382391814558938,-0.6469023323587981,-0.5656531731629237
0.033346332609708054,-0.5922908781870739,0.9420431033713698,-0.9157309569969581,1.4116107931462047,-0.19783289242170757,1.7513556343417778,-0.22938729694241466,-0.20414254104739038,-1.409444623228522,-0.46435119456750845,1.5784780581518045,0.7707911167815232,0.35720287741699386,-0.047307940669029096,-0.8789695155562298,-0.3200113113945131,0.19620164862286213,0.03559279923510047,0.8199237988602363,0.007187736423379774,0.05714783788221192,-0.6817511148884396,-1.1313755535645313,1.2428262119165514,-1.073345334301306
0.5668755120690395,0.4617315040583416,0.27094896062357515,-0.12979883719986143,-0.5849823994074856,-0.047109203757360704,-0.08338563439331652,-0.3673485945914974,-0.9046893427231618,0.41974971944411726,-1.7788750690334754,-0.8218051402201233,-0.1903638435768918,0.7298971907105111,0.024807535849258235,0.9179249080273353,0.5386473678485445,-0.2406478038990059,0.3657406106359054,0.14285611703338155,-0.1579468982916427,-0.9985945565733003,0.10619055567887319,0.6750785736407283,-0.16269457548449767,0.11108986830359166
0.585302192221667,0.4021272707626261,0.45380883820296436,-1.1942567033186087,-0.04230939941143041,-0.22108583747701943,0.41534699665190405,-1.0664868979678988,-1.2284887791832095,-0.12313248279616622,-0.12276775783944531,0.010097313132309523,-0.09379640707234231,-0.16382721730681948,1.869841788222383,1.1998243405323585,-0.7272563192208088,1.001741498919662,0.15328416597367578,-0.44520246529535695,-0.06869281735782104,1.5609038820223187,0.10386797391887329,0.4087770328253587,-0.1970085538199926,-0.20308094088648426
2.015539505795324,-0.9662236611440619,-1.1068868027698555,1.1013589937264208,-0.794234148663786,1.1656667465389987,-0.953590086331292,-1.4081340171792587,-1.1633131784250181,1.1434769944019605,-0.2709790679260781,-1.0940831645737346,0.159478970277125,-0.8956382170965647,0.9415042570842894,-1.8652961785816018,0.32069802875424674,1.6416295269728556,-0.637425850483566,-0.281326312420559,-0.038321952092458145,-1.047770739439872,0.8124678199105886,-0.7299143715465718,-0.7980408581123454,1.017313315378032
-0.7764311002953339,-0.5874999392638581,0.10105041536303201,0.45562554455182425,-0.9122165179253169,-1.215656566575474,-0.6110026326435467,1.844219498866903,-0.4639732145373453,-0.741095342082929,-0.8008253975969647,0.08393604283372542,-0.8794938691427788,4.114421312324787,0.5907105659257575,0.6077060285637851,0.19813765769856756,-0.24153608956718492,-0.40874704429289077,-0.9871871840393607,-0.36574028803568,-0.8623765300328925,-0.7978642692787731,0.22429279453905113,-1.1446528290776146,0.2546028449731289
0.2203433974908662,-0.5549614139473426,-0.26188608232897914,-0.20527684698511167,-0.3186477955720351,1.0348007936669865,-0.5227011356082062,0.2868763582307356,0.15938625735209078,-0.4629202950594518,-0.4089868938708061,-0.16550423958305793,0.01958464768990498,-0.33234105284757837,0.34607059370671645,0.0371101889665164,-0.41566387434211016,0.8346024348601824,0.2343887825794161,-0.5537678821187781,0.09617610526581835,1.3822580782276987,0.13588760806081612,0.3697026462469809,-0.38810010941769396,0.17160961535541824
-0.05101730889142181,-1.0924649017707966,-0.24407450410350728,0.09355357483606845,-0.1284764935451462,1.6892389481947476,1.2120520316233834,-1.7321466794921283,-1.413077451242044,-1.9270762090087643,-0.018671291892322632,-1.5400475788065584,1.5666592170738631,1.1848696967317704,1.7934317927550094,3.6906786461769516,-1.329489824388292,-2.376911386893838,2.22922632712097,-1.2392803524746472,-0.5080284397390925,-0.12922989518209907,-2.141910981257496,3.048849936059357,-0.008260724270055536,-3.2559786660933687
-0.781766075975762,-1.0924649017707966,0.312282053971099,2.208565646706047,-0.36664199509810963,0.5125091976791774,-1.9813524473945274,0.5816565181154936,1.4380533114501466,-1.1798492794152333,0.13512395757538687,-0.3137392310044615,-0.8296068832225678,-0.5396092584053256,-1.1085161992084038,0.033756869819453736,0.43389072813688034,1.754379570256144,-1.3234622690555917,-0.7084395786867128,-0.5219834905552712,-1.3162726978913597,-0.3644783503367746,-0.8158747700578582,-0.9645029129580857,-0.01781747351969466
0.3994180588082317,0.09031841425507064,-0.4750427194388068,-0.3540248571055542,-0.3540691556496124,1.3797568713238093,0.08207813904781443,0.1989499772880856,-0.5505837792957418,-0.3396864332772614,0.8593597687051464,0.09299772904455217,-1.0885179906828777,-0.6606263749170711,0.1920200438590418,-0.3618772887088414,0.7034634952819839,0.7782705212360365,0.2069266646820042,0.05640096615397584,0.32184544488871053,0.27945931028402515,0.6190373973629905,-1.0624442305564161,-0.11761489664821796,0.22277738178343195
0.5197797930538103,-1.0924649017707966,-0.687847790121414,1.1385976098137895,-0.1869506651642489,0.552987320503795,0.030035240821252505,-1.1219647136201438,-0.6025540785469885,2.2091554068039296,-1.6481461129397732,-1.957723012949142,0.8704325413761628,-1.2289189725121794,1.8335532447236234,-1.5139743542919677,-1.0748360122233036,0.4643621875530387,-0.3470177959960214,0.4453206462152386,0.6294266758040292,-0.19305355537393093,0.2975917249338451,-0.47847336292702375,0.0036322281079392677,1.2514223647371523
0.8178183730904823,-1.0924649017707966,-0.5120130918879036,-0.188325204916462,-0.9111307906008241,1.585685429066858,-0.19853154193054048,-0.893554352063786,-1.0504748897732035,1.9143296731820605,-0.6583411596588837,-1.9891609488523474,0.7211322914453646,-0.3637751670888244,1.9271699659837231,-1.3696052645535148,-1.0748360122233036,0.8161560097839845,-0.591128914260914,0.25694673262371753,0.1497610909614388,1.7123783124476384,0.648583742271759,-0.07366267427800603,-0.5883725124855013,1.346237645595321
0.06397079019571349,0.013205024523758086,0.681066639079068,-0.1394026606271831,-0.4680010202359281,-0.4879745055000153,0.7191104006340413,-0.16509392379814006,0.4127831965647838,-1.405340578941639,-1.2856288625531003,-0.6212942477753042,-0.3382839595017443,1.4409390920584917,0.5059550432297363,1.5392311888056298,-0.6573172812135559,0.2090334019069923,-0.5223190688439644,0.10902896154849703,-0.32233665354761715,0.8499461726746447,-1.0646923685596976,0.8006347159198254,-0.3797802381153293,-1.0247220808022233
-0.40079828616113095,0.13126634441593416,0.006838041803921,0.7088825630581848,-0.3837606689767323,-1.1891237162900756,-0.07183296319068876,-0.27283806032455826,-0.24852196103880322,-0.03331723857165072,0.18310464821712363,0.46851501527983785,-0.1439536374214671,0.7316939158145057,-0.22862233111164865,1.0279097462124445,-0.38223178741189123,-0.28822181098001626,0.2282412737869845,0.6203667118813425,0.7885891577059819,-1.0567278298905693,-0.5009950450923406,1.031420958589259,0.1483353367070305,-0.3522662430632825
-0.13416750632507174,2.8145268535941517,-1.3877115890192189,-0.6495230068023269,0.10625579222165427,0.3667939552323152,0.1391691038900929,0.7379998194960952,-0.5507687673676731,0.8159821424163758,-0.39174773068373747,-0.32767224939876255,-1.828437137497109,0.05682834305770778,-0.7570027455607754,-1.0387220713020298,1.3181359892429567,0.6308236347746833,0.5638157836168584,1.6699744528371092,-0.3846774346488344,0.39656887719627876,1.6759883330575038,-0.8530185336582014,1.053387669802534,1.2138513188586428
0.28643280010993666,0.5728256875797023,0.13038659985329562,-0.08100925689219095,-0.3269898920576501,0.3812055468216859,-0.6901564125569607,1.1230535187745851,-0.17363351833849194,-1.3810945122473477,1.7801829568046588,-0.05215281867182986,-0.6521374133074878,-0.5065934585650131,-0.748510836240839,-0.3168798598026197,0.46184156076421706,1.8911319750848388,-0.030642736584121078,-0.5203506797773951,-0.36109032083137427,-1.0166843666992178,0.9383812721712812,-0.48010457242170473,-0.45693463686638025,0.37151796004073484
1.8746423845112141,-0.7859629129003061,-1.2407047947997991,-0.006299127462375421,-0.3228534268235294,1.3612260011770332,-0.1098688922491473,-1.744515745583054,-1.3483943130538951,1.7872843844120347,-0.4985254761723351,-1.414066056260226,1.0434422662129146,-0.6224037803802883,1.6920395963071948,-1.4792490317103597,-1.4481616521098126,0.9746385423239058,0.06456490340408853,-0.4028000438154222,-0.15741496093235252,1.5499078423596695,0.8357662123234371,-0.13174065037278213,-0.3679195843749801,1.026382257858982
0.9091777096058726,-0.8190295175087406,1.0697695876567017,-0.27692020235412856,0.7385575449372664,0.03614383686929671,0.24475523922376652,0.3313317528135454,0.595773485926464,-0.3846202199148045,0.8466082802732333,0.7897699579774484,-0.946481584930465,-0.6832681076808519,-0.0970488493124423,-0.9513884645820748,0.21746252948328074,0.2124552893580279,0.16247553382655527,-1.505013748778797,-0.40400243061128877,-0.11904340015973754,0.13731576278597857,-1.144672285362471,-0.2558304305027747,0.140469733001515
-1.0959666972586315,-0.8785105913579542,0.5624054213441289,-0.6542812346463294,0.07148063877472088,-0.18155918628631615,-1.69104294930199,2.522812055786309,0.7993798890571389,-0.0363851311716517,-0.717105090094855,2.7191803087549586,-0.8037246211131555,-1.3402538896209701,-0.6342200017398295,1.3985849811735922,-1.5718251035211124,0.4157376239979263,-1.3234622690555917,0.9938067686466537,-0.3108511215046778,1.1464009956085768,0.5382189415763006,-0.4396664037247885,0.12880855515711925,1.3323311802631244
2.5407616990202997,-0.7662375373789378,-0.2305615122072024,-0.06735461527473006,-1.006836041788525,-0.13993502042846592,-1.2436022377204228,-0.7895258705628705,0.9104721600339717,-0.7655452392445629,-0.38813980749026783,-0.7500082475586843,-0.23063040507246568,-0.0572240617167923,0.07754454742404439,1.268040466919746,0.9893194589688932,-0.9836152137087059,0.055403007876301515,-0.6573195291838415,0.07193333495206658,1.5718202402381354,-0.5509857398131035,-0.17222127732435466,-0.897563107201381,-0.9192910361717146
-0.7460234996349406,0.5749194051209258,-0.009849311234226962,-0.3640083978658317,0.17882836217636608,-0.39633988211282123,0.8712816966786775,0.1443182083018692,-0.8364929180735514,0.46595747568615614,0.6260874902295812,1.1103290156243835,-0.09294474318437446,0.5351126211443225,-0.4008894224481116,0.09198712769250066,-0.0663985887384426,-0.06440665038767647,-0.14157774597111195,0.2344413343662491,0.5376191181758597,-0.7558047165920485,0.27556015645256743,0.08286465539223403,0.17727718296022393,0.2651678658920212
1.8563217225831272,-0.7362598876780643,-0.4949048509786971,-0.14612822105736714,1.001011091721132,0.8655878290418033,-0.0480481141512519,-1.7810212055054617,-1.6902752917544324,0.8768618213559151,-1.2170650367618414,-0.9425325854586125,0.7733585564790725,-1.3411538445671014,1.6402473662297974,-1.4843201628862313,-2.196095753086432,1.7933007036563504,0.6122729228070969,1.8667800158031465,-0.481141120090724,-0.23218374659776128,0.8894424700560505,-0.6456228906230925,1.6904457355961413,0.6462453150254098
1.2267237140745295,0.2307866566058191,-0.21118746358478968,-0.21344766784595046,-0.34931268385825326,1.1961505540110966,-0.5449616777157886,0.42737304006936794,0.649915258064466,-1.2969932892803826,-1.1029867582928117,-0.2964364241363941,-0.48277764130125844,0.09264425563361002,-1.0956350096435696,-0.8485347289570676,0.3635203270749057,1.6802003889983743,1.0735324464370284,-0.9327593577940555,-0.40492612219463126,-0.22203237742030424,0.5226093519625766,-1.6283178149797168,-0.33784038581869785,0.13290693794010938
-0.49419928902747395,0.34009874186301764,2.633899009115984,-0.49963882971624707,0.6843927182769234,-0.1705921234559433,-0.5234938808863511,-0.07872521442469202,1.2889376079897996,-0.20637972787038708,1.293603391065852,-0.2669088080680616,0.5625587340654489,-0.50055679640477,-1.3224495921046042,-0.6002345875622564,0.2434317078713187,-1.6518633828238023,0.6227932227628724,0.28643134518586877,-0.47831139623939595,-1.0415534648917415,-0.501890728588615,-0.03053595663452951,0.73157283984308,-0.896448354332206
-1.0177709323472381,-0.25477938134085437,2.1269975061760493,0.9131112763399281,0.020644079710347294,-0.2350003822817756,-1.2235954523733283,-0.5602300786739149,-0.1166738765388909,-0.6094726686697526,-1.0418007057241194,-0.18760736768731623,1.3772580871460869,-1.0862835531280517,-0.6266624555099942,-0.2286350250709234,0.29057725959649544,0.2859098733705129,0.699763778936484,1.9427336203580057,-0.4040883154355012,-1.480169890216666,-0.7505581449863193,0.6445561330500479,1.178234854306577,-0.8231000003249539
-0.7764311002953339,-0.5874999392638581,0.10105041536303201,0.45562554455182425,-0.9122165179253169,-1.215656566575474,-0.6110026326435467,1.844219498866903,-0.4639732145373453,-0.741095342082929,-0.8008253975969647,0.08393604283372542,-0.8794938691427788,4.114421312324787,0.5907105659257575,0.6077060285637851,0.19813765769856756,-0.24153608956718492,-0.40874704429289077,-0.9871871840393607,-0.36574028803568,-0.8623765300328925,-0.7978642692787731,0.22429279453905113,-1.1446528290776146,0.2546028449731289
-0.9776705400849851,-0.5219200740032168,-0.24407450410350728,-0.3259635134101551,-0.46173838074492574,0.659248964042252,1.8894408605059698,1.2173133529167885,-0.06979978034611169,0.18388955750840044,0.9790912769684379,-0.14248842820043567,0.18957908250807132,-1.5067455546552169,-0.981027400953378,0.0014993186953541735,1.1977209437111205,1.2136373413955739,-0.8067075641571827,-0.8405147951315577,-0.42372535012623075,-0.3778857512624351,0.9472224365099505,-1.4749303622685055,-0.9285830289953682,1.0898316750958819
-0.9021200531505554,-0.8551374313968874,0.673446290200203,-0.3296421433399719,-0.47966170913214085,0.5136973010441975,-0.9079391771364063,1.973064235997183,0.6977874601658498,-0.48989184315999373,0.11045092290142279,2.4524193184231766,-0.10484554469210905,-1.618672724426139,-1.1375695163246795,-0.5649660864691414,-0.238253771534499,0.40366855264233165,-0.46365191972882713,1.6874577801594224,0.4168274128387863,-0.7807791923192863,0.26238002905252306,-1.3251457561483146,0.4062380931093591,0.7277230278699347
-1.2980559657636106,-0.013778586772716057,1.0354369160778385,-0.30772364000814484,-0.6783586074247823,-0.85420570654917,0.14758387195074607,1.4590723719667,-0.16363167647487156,-0.6650858051126333,-0.7046330579840953,1.0221441973046665,0.32502958754732963,0.42178289865813967,-1.0677292507567648,1.7096548357097627,1.3361982460727324,-0.47525039376277917,-0.9681934094379355,0.18630651502689752,0.19063831881671575,-1.1369903854977972,-0.3282648599348911,0.056198415905224494,-0.6005958246517729,-0.0807935844879427
1.6216039271277378,-0.49065734371458236,0.4289835580192831,-0.3599446474193783,-0.6406954489398757,1.9077914776808378,0.060093338279022614,-0.22396781270679167,-1.6154891550756778,-0.5523710457509511,1.1540414260289547,-1.1489498125899724,-0.44376026525540063,-1.0019489081586883,0.15101710372020097,-0.21380497860437422,-0.020120537332094176,1.0096081899148963,-0.7783922378613796,1.2483612203204615,-0.4473394891645832,-1.1601734431348958,0.8867719101556366,-0.17640970554202748,0.0005911078651659255,0.13304622710996067
-1.9084231430617935,0.42992946539121063,-0.13597056893306964,0.2663808901402597,1.3306166403136883,0.6292795646246,-1.6862523635248856,0.5375157151922857,1.4526337359983759,-0.6535904469781338,-0.6924079968062223,0.5691399936074911,0.5954835662560793,-0.1418435878398092,-0.30016648142239427,-1.0618765258889482,-0.6998294173628452,-0.6591886619483425,0.2523837617237146,2.2611705697073634,-0.30040113733451157,1.1942497044304636,-0.6619381548270008,-0.9386413414525384,1.9686776665628993,-0.7563495999089787
0.11914716335066924,-0.07865063089148194,-0.32806294604361635,0.42383559013092087,-0.7488563143324276,0.08491231981781502,-0.6057320564329662,0.7144545932929733,-1.159009547878017,0.13870500598428692,-0.3226051205606775,-1.326062331570896,0.6230206986336977,0.19403083892539452,0.25071052680287326,-0.3101582521651757,1.3596328664723898,1.2823794708944471,-0.7113066955605535,-0.9828434248293989,-0.4727733396957791,-1.1335831785420416,0.7924312024355383,-0.3230324930236077,-1.1382538388444088,0.9953190474409566
-0.16673575239285082,-0.04461799635666388,-0.7456309241698814,0.10560607068827986,-0.4782248345286604,0.3844265120797341,-0.875509200243449,-1.158930065419724,-0.2828367503925878,1.154499228123329,-1.3993208394749155,-1.0770164552084676,1.4534647137460022,0.8170780385789672,0.5879215701479956,1.4124694455754296,-0.5207676990237915,-0.6494444015597801,-0.6907573035174337,-1.2051809655923051,0.02824760782784482,1.0197473358710458,-0.29652507410851947,1.105786775852119,-1.082189187666911,-0.07171728128913714
0.5221557383666037,0.25239076368135566,0.09712854127818478,-0.4940309183286727,-0.36414025663641886,1.2102785911325813,-0.49870036785049765,0.6992583120955503,-0.32660286448798126,-0.6146061889567878,0.6084937513915838,0.08093089179442069,-0.9343376081152973,-0.07967414007596009,0.2363373473064245,-0.5800999582068588,0.35696589365847864,0.3815419218237412,0.1991185578772204,-0.23666980829773662,0.3290402831160176,0.42747962071240975,0.45054546380605015,-0.9555089811026819,-0.26981128807496674,0.17231160424366848
-0.10685970643946059,0.35439578421465245,0.0011013368893256995,-0.3617879354212876,0.3764052876617042,1.017725253284132,-0.5535628200491943,0.857135844296322,0.4866266166153594,-0.8352655889194649,-0.5575825716003502,0.18269214405351242,-0.15972641152530528,-0.3303373825569474,-1.0130677765864515,-0.4575729910561027,0.34198096744056256,0.47339025826897385,0.3443867485506502,0.23686855500737608,-0.05377354646876865,-0.3139215876909854,0.4077075789582311,-1.1772778740234582,0.44187525838257474,0.023995526636259326
-1.7173958773480396,0.15876157178278782,-1.1597079929758967,-1.0213875474209553,0.7903138739499409,0.0004385272658171589,-0.283593104119183,1.1291784193897323,2.5697458439981657,-1.4082224328246333,0.12025767339208723,0.06305975308220103,-0.5739731315528946,0.4237147639697188,1.4898969261738926,-1.5160628763858333,1.6254229915115412,0.4783576018190074,-1.3234622690555917,1.1482653263010651,-0.5075447123247073,2.168674117724125,-0.7368373577261883,-0.16286430058657764,0.6270169668182803,-0.5205710675434011
-0.6803140794299178,0.3479269584948966,0.15865695929783433,0.8007224370615268,0.3643140347404287,0.2677907432335416,-1.9813524473945274,0.665627197970106,-0.08793467657807233,-1.1160922117509227,0.8089809373593903,-0.2559514661887547,-0.7904016206174906,0.3492271047429422,-0.3150272432130742,0.293513125196953,-1.1359621190386624,1.5798863920043296,-0.6711653464789115,1.1049381534799738,-0.48171622406545606,-1.2833949070605655,0.3059214835097346,-0.44311169609093043,0.5531776123063603,0.027433639213602715
0.7569908089126431,-0.07192177511130943,-1.198235232781514,-1.470717337897348,2.168376229916694,1.3352438353462377,-0.5966018325991505,0.8001185855297736,-0.9900253997625859,0.3369122394675514,2.27353368931346,-0.5035098185592868,0.05692549055221976,-1.0382114884526468,-0.8446720265470397,-1.0076787096213378,-1.1104383394578667,0.1163487034876588,2.6379427142917242,1.4702080982158312,-0.11046441224579188,1.1607834967615343,2.0977497044668914,-0.6455754244111511,2.795681134656759,0.8622269572941679
-0.45481459677605085,-0.6373687166385075,0.27244281321463465,0.23211614902260647,-0.2864536754332187,-0.7187937862061989,0.4886841662104861,1.3150855086872502,-0.06368801973755038,-0.4824109510679997,-0.4310063203496975,0.6156717845198554,-0.6024197268835397,-0.26035767553143696,0.46861110436229086,0.1604564063288415,0.9196187370346243,-0.0638838635869575,0.3252992893909894,-0.08087742401610336,0.2869933366388322,-0.3432516681864056,-0.24245929943976233,0.4073691994760449,-0.10941287601781044,0.27270439782852474
-0.006505581628849032,-0.8047010257570173,2.783543785047579,1.753859955032105,-0.17650113231192688,-1.3469413125495795,-0.8099726384971279,-1.09343835405459,1.3842387773614302,-1.1185206104950511,-1.0059769604680793,0.1446374692416207,-0.15427198123059827,0.2904919823083541,2.2313221084182793,-0.5025801697861497,0.39830175715194793,-1.7521802981191736,-0.8021944226296857,-1.151168836310628,-0.4054884054753207,-0.7755805672733911,-2.863057789338203,0.503069467259043,-0.9121654983340965,-2.0736283044576225
-1.2895422271791437,0.13290978513911897,-0.13128010893600547,2.2906292346236,-1.1827959185044479,-1.259322360798389,1.1592684865156488,0.2282991840762428,0.8855795256921721,-1.7284952396684143,-0.8803753286357067,-0.112238230135368,2.0653633492638592,2.0652574406249826,-1.5260104568603825,0.041189252288486015,0.33538501536835735,-1.3251344866878487,-0.8301964143798377,0.7762982828231503,-0.04780372786153485,-1.2259290247964842,-2.171970976609254,2.3806428315225903,-0.5654384445389589,-1.8506149441855126
1.6608742041840616,-0.9252112784023817,1.2454413285272306,0.5651052257824412,0.016670054280950444,0.7467442284165448,-0.39275529539577003,0.0038548857261686493,0.6826603303140163,-0.15490856772030925,-0.10781150109003526,-0.08708603499294129,-0.5699521758677351,-1.9124105252970358,-0.24264703540517002,-1.6664046622391666,-1.1226525339319253,1.6105620739081072,-0.7175214729564422,-0.6202828528019734,-0.2047955552814434,-0.9784674474429097,0.5351662647899724,-1.6691128555049115,-0.5123059135196579,0.7794206247751166
-1.0041115903496418,-0.32531789819506357,0.29613055028427115,0.19282180318810005,0.25304823273222554,-0.8951204686955425,0.3086791696893292,0.07645845231059505,0.7775791078476381,0.4110878976370689,0.04010261495791598,-0.12451438734780404,0.12440305369601055,0.1554576110417552,-0.7011821488356103,0.40078282293098555,0.266908436335165,-0.10758798808802733,-0.3507121435367007,0.285498867140151,0.4785284957388715,-0.42488413174491735,-0.20787351618581212,0.3099916500355361,0.18256031981524098,0.126781214291607
-0.2778142404655474,-0.08766803863754946,0.8866212295120623,-0.0734328138062186,0.019649310956101895,-0.43348112001881417,0.6318019166302942,-0.560951716303194,-0.148514908082296,0.3663788802776431,0.01200959014888517,-0.006174193870123307,-0.7799734525039845,0.30329597778825734,-0.2978627801028739,-0.1784620015508102,0.9936120863547427,0.8048531405636403,0.04163688149560547,-0.2438358620601195,0.36247329760228403,-0.8387017105671274,0.062122136811990504,-0.9893096192066447,-0.09556805799848915,0.20899333724333388
-1.0132742378751116,-0.2927327706159974,0.08719058850007762,-0.8784722999564684,0.21319782964220002,0.5016994756797148,-0.24513253647216843,-0.7458637687661799,-0.8645660093856239,1.18795719183155,0.023951575126971835,-0.33180180366395606,0.9808029064428967,0.06765135547445496,-0.010832499131287723,-0.7364637087241278,0.1826688730022199,0.4436253811108538,1.5738760035544195,1.6395746809265304,-0.15596062614119233,-0.3340135709764704,0.45411527852255845,-0.0541048323447904,1.4074881299520927,0.4420223996499335
0.058466862297692664,0.6026586379631058,0.15966414766646916,-0.45546074965336186,0.8404476170852081,-0.5806051122943436,2.3312838265203353,0.609106740361642,0.18274760094205875,-0.1773326007772153,-1.3244248787937036,-1.4812007304806232,-0.011927135063729668,-1.183398398125683,0.08313127003720693,0.7095881532552648,0.05784347089528205,0.5383730146461823,0.5956749790397856,-0.9318077458802007,-0.3045647340162264,0.9650858633451281,0.565024337679666,-0.007016909860275646,0.21683007681039984,0.41872562722446394
1.8278162189910707,-1.0924649017707966,-2.2194605563133045,-0.11975694463375021,0.5892643708872196,1.793897436380382,-1.746048959466892,-1.088304239285523,-1.6097865343175166,3.2654165180956536,-1.0006797149289657,-1.4629891795250178,-0.07229189390116118,-1.228091083703162,0.9271955670501916,-1.0941099639849483,-0.03472704730722304,2.0484924141253216,-1.3234622690555917,-1.340860631292571,-0.2414894391234844,1.6987129443161573,2.536520830320152,-1.10512971772366,-0.7133945662555641,2.8575254364465805
0.7251715118619778,-1.0924649017707966,-0.7109839346258228,-1.4059560174765189,0.5082291119996948,0.36275345840007267,-0.21657628793726108,0.6752641838890927,-0.6010806548258495,0.8997822957185694,0.8189241277565787,1.3689069940715999,0.860890796079833,-0.14852407674425747,-1.964082961130128,-0.13866881520460078,-1.5499602663061212,1.5957893113070787,0.2472000576750988,-0.1773047102872618,-0.5335226881576024,-0.6036746823098139,1.8301170758802319,0.38422422894953046,0.2864897563026689,1.749837018775865
0.6867250436915068,0.010429284123018703,0.30413457299511126,-1.0103785120261508,-0.18062709848770617,1.1426256998378392,0.512798889076923,-0.20774985226109824,-0.4493426713597791,-0.07601614210571929,0.4864721007108238,0.04351864743313471,0.0528061876009264,-0.8138430044987428,-0.26792671159617154,0.0767607325213261,0.33556937084886923,0.37856907370353116,-0.9904906182005498,0.041774856429219104,0.21988870051254858,0.14654311316465937,0.572399680468043,-0.39672867011294277,-0.3858771671151521,0.09057526910261285
0.03849184927672957,0.066767924877405,0.2841207380029284,0.0851370703298638,0.8388398096260663,-0.39113545325589943,-0.16642703306770407,-0.08759649171959294,0.2864687223542981,-0.08139389705891538,0.2813325549288694,-0.19183841302756086,0.043436724342124,-0.09100316889715744,0.15922008519083825,-0.44536958992209297,-0.3766854087141311,0.2704097458359195,-0.6773440724031832,-0.022478820933826218,0.29876643437044975,-0.12083481824987787,0.06439665887370917,0.41830819427049704,0.27650315471773745,4.387111248472897e-05
-1.1527488527019818,0.3196335469539632,0.30185036850720043,-0.7812307535243169,-0.1284764935451462,-0.2622767687178583,-0.06530975998378132,-0.3492850905266362,0.6903373487138217,-0.7721025913630252,-0.10647439795206966,0.0997551579046257,1.4772618837479523,0.17149042888998892,-0.6044936532358112,1.7600808963398367,0.23945801136876818,-0.09491819513656749,-0.129758900740267,-0.3269047572736587,0.22516940650360434,1.2267597347374246,-0.6029760860054417,0.5627530654399754,-0.27535000589671793,-0.9905674695727976
0.8928527339095735,0.7638147491349908,-0.5516378126165822,-1.8817476447139687,2.00909341393062,-0.33314150071174764,0.9571793736735962,0.2530013220022129,-1.4253194184167377,2.2335817310476633,1.6817409733492548,-0.25121871758360853,-0.39546535240327874,-1.6912151929091237,-0.41720370162833337,0.6164137828142968,-0.5303197589985685,-0.7163060126103783,-0.2026140358956624,0.6512053743096331,-0.4439202500463755,0.8821374771942798,2.4051168608599824,-0.5826759216721212,1.4388268193001352,1.652788670699381
1.5971242923484952,-0.5537897442191171,0.7748860891889577,-0.8615299324293827,-1.488947772571602,1.212303698345566,0.45503244122949155,1.5097956538927029,-1.1880854387262163,0.264316828034632,-0.7065021636137734,-0.09389028983759141,-0.9078037557754738,-0.35627453959568167,0.6767362667548253,-0.37441950738019364,0.07858285432545241,0.09353397789893146,-0.6729427222897472,-0.7109974805939657,-0.25063830283379207,-0.4522471649256749,0.8443283035172752,-1.2256743090352151,-1.427986865289005,1.3389499955567967
-0.24583838129886756,0.024449125469126375,-0.05901522525242006,-1.2293009724046018,1.847371102090154,-0.5641981496138079,-1.602473949883928,0.9542467593065463,-1.3541500160282645,0.8279130117000785,1.3020957695996325,-0.44816924322405083,0.6701605354157217,-0.8689978207952214,-0.044731395812684115,0.4551081699131299,0.01949033717672985,1.118971273229751,1.2055702909345032,-0.8675497481717672,-0.41007768083682894,-0.8310091505329995,2.0187886274580884,0.07262775733830214,1.0249031179982133,1.5049231147796005
-1.0858270266437475,-0.2855515024995052,-0.6340208416825841,0.5120283846021766,-0.3170075040181642,-0.48425012040460014,0.20841062393203968,0.28895871976512955,0.3997830020847354,-1.4020882009879738,0.0440452124360681,0.4887899908488605,1.7582249313436706,-0.707585562490833,0.049486013852594525,1.653054155410701,-0.36113783144530787,-0.8472236429686347,-0.3490105398185919,1.1920502171543605,-0.3930105145953843,0.13389780899896922,-1.1258266536743486,2.0951689959150057,0.2932916904697306,-1.3656960019244904
-0.3853591894221539,-0.629791387979334,-0.6164204553324755,-0.6214604393773171,0.08110746159453333,-0.36625024438256104,0.5298101519535584,-0.2474989663176182,-0.5247182906383207,0.7764439356828233,-0.6417474958769861,-0.6684838481161948,-0.10785953905590318,0.8618780931339044,-0.4083653478602513,0.48476904572362123,0.6807575340923459,1.2808625934130282,1.0711282390995231,0.24867112839572528,0.6529983208369431,0.11995284857180577,0.6596021231834015,0.0447915374813637,0.4944706621029754,0.839684879207573
-0.9894322994980436,-0.4624655938630006,0.4239788772939168,-0.3879023569320845,-0.2083828810305238,-0.4757616557129467,0.24120822251468751,0.12787232787504735,-0.18824873929138353,0.9403204195913316,-0.4509714794713826,1.0200446137678374,-0.5628661704697328,0.866795276119817,-0.11557195183702205,-0.01586407863946132,0.5585541982026491,0.03463752953151689,0.9589533491381457,-0.2848353722029848,0.003047694793159177,-0.40489752599414575,-0.0657555679981514,-0.34630238787648504,0.028393420651879706,0.5959836372208596
1.501816914274643,-1.0924649017707966,0.08348041946291714,2.8784174458549106,0.1354669211170785,-0.6322323548624282,0.4030562302721788,0.11876037035399187,1.1249271834154473,-1.983613379103311,0.24473802628691801,-0.6322996352700102,-1.0457295234499635,-0.8052606726442578,-1.3456706092693376,-0.6411600860446355,0.1785279983296587,0.022107096748420752,3.4513512042057073,-1.1340062453360715,-0.6309328043833043,-1.300009431700487,-0.845991632238548,-0.136553112029439,0.5689967553746748,-1.1087209007910086
-0.8890377697554857,-1.0924649017707966,3.6070873615943846,1.3549703181756578,0.6490003321215283,-0.47419090507136424,0.9901538351961564,-0.7792801651340795,0.6955366712075328,-0.2659765740556936,-0.8211014907767167,0.3287932073945512,-0.6457672345719055,-0.6234846368300293,0.6145560585271687,-1.4520395786337794,-0.33431495129861305,-0.8787401652544495,0.8403504831776251,0.3324101191561517,-0.2527128027333069,-1.2020083244163873,-1.8380817869906567,-0.6210418827708067,0.799306273339078,-1.1067576262541499
-0.3174224379358793,-0.06637260338948316,0.3981900519090902,0.022045697450334915,-0.2502496952347545,-0.6205832343298479,-0.04763001200305922,0.3253982452662166,-0.48224316861122757,0.8264209158381024,-0.5389578632671205,0.17483510278246756,-0.38987411609701333,0.3114125590059674,-0.6655920996419945,1.4996501096552035,-0.4664024857071397,-0.5759771804630934,0.328722323768387,0.30583269635854166,0.8693997410418915,-1.130983866019094,0.21929282209509654,0.27018326856182623,0.10279046158320175,0.5109389498406194
2.299452732968732,0.4659320348849068,0.3184494355798231,-0.2372289941571345,-0.03930642102412486,1.364277960365058,-0.16887963497895658,-1.660272376531344,-1.9122684775885053,1.3581917829716503,-0.9678940601058031,-1.4411212554045811,0.23777993790492438,-1.1332642520108256,2.2279453103024864,-0.8846589013394066,-0.6399102849254013,-0.09966246372649938,-0.5169059391128048,-0.8717693928692593,-0.34229094093973655,-0.42562177448791627,0.676214953007377,-0.0855380393689218,-0.6078726686368043,0.4332612100060991
-0.47466879780142585,-0.009211297269611039,-0.30390188740331087,0.16336481632266442,-0.6406954489398757,-0.6818976253311511,0.7133559896945586,-0.18316683853288893,1.0182443089243087,-0.27355760418880315,0.31209383367521704,-0.25042776507699477,0.01343157641135581,0.4966281243322111,0.9453485715079444,-0.5822145539839098,1.3236783803797647,-0.8307347564408085,-0.015294194189482503,-0.09760909925950083,-0.21570613780083753,1.6359239642135006,-1.047094966301239,-0.1418457322619688,-0.4290178117641165,-0.692987301318716
-0.5648611285371155,0.0696354813429407,0.8319185020794229,-0.032157751805998586,0.802444263562286,-1.172735931134225,-0.033508221603520474,0.6094047821937755,-0.04799651817511365,0.5654857505537187,0.7509721170338823,0.5984029373550334,-0.9897583023081533,0.11464837827165794,0.28285635148580146,-0.365525519502378,0.21746252948328074,-0.24641981782584718,-0.08518076665380248,-0.129024381614842,0.645519500437593,-0.599424455076346,0.19931406937742058,-0.2805103105897605,0.3823095342992559,0.5580689230658756
-0.46544427535949323,-0.005040353797934256,0.053211317615194875,0.15513572166859624,0.31433286548663913,0.1164698412558894,-0.5058520280463181,-0.49462774039505825,-0.9569732682878632,0.13009309888686987,0.22039657114164135,-0.039697656161512905,0.18242658059180686,1.212068830128454,-0.14908206988381914,-1.461290867513296,0.9893194589688932,-0.33476211018797913,1.0403067771133678,2.2611705697073634,-0.30397475913251076,-1.1806518107143333,-0.18241967154857802,-0.7397215703009179,1.6103975698423645,-0.38450888638632424
-1.135398749649847,0.6037494510517377,-0.0965272412357486,-0.5192075775611764,-0.4257100686152198,-0.10429573463450158,-0.7154984196757163,-0.30903548086859695,0.11385980581772019,0.1957962974370518,0.5152665152277601,0.8935399768820956,0.25791447243778753,0.59914901929147,-0.975671302123825,1.6204195289319616,0.8010021855940713,-0.5978106656693549,-0.24805382913187587,-0.030050743450468008,0.3298280800756907,-0.5004046982900114,-0.1857712718896795,0.6513078330141869,-0.34008480998757545,-0.4487756601781005
1.6893197823468367,0.6802278876614555,-0.023789029190414878,-0.34644337126504293,-1.031440806863285,-1.0229573774221312,0.9468687357049363,-0.9054156620674143,-1.257540036717252,2.094997909120828,-1.0276368088946777,-1.5528906453534823,0.3790513679197119,0.28630152328085684,0.5925568485108026,-0.19764666389474558,-0.09084679615903396,0.48199596310346215,0.07268202137168832,-1.1684819763288214,0.42775130307168907,-0.5105560674674674,1.0184080912518905,0.6051836276442277,-1.157787598503664,1.4977615593159637
-1.1376288400164454,-0.16074613097553947,1.8891023760205943,0.12811086711699685,0.6800905222367339,2.5386389041725597,-0.8320552055885957,-0.2541227743391748,-1.1561220219840138,-1.6400301654696134,-0.1992432323750926,1.4427463728176004,-0.8176526936107655,2.1115591656520345,-0.8600332660826947,-0.4593324398309669,-0.437663958729095,-0.7275767782577249,0.5177254455695877,1.482781500915686,0.33773962038512634,-1.5886033734374598,-1.1205543654348449,-0.4061586759448669,1.2846604810501714,-1.8032357080178398
0.46023399641906027,1.5544047666606555,-1.3858287390649593,-1.5810284865567505,1.08400595146369,1.1697895362085182,-0.12369333217635234,-0.4076287075339165,-1.3721465526828882,0.9350201441154472,-0.5537594728658498,-0.9093854162655287,0.4997519841676837,-0.25506029453625484,-0.8544914207100494,1.0067430883040043,0.6652929778443148,-0.2592722754293348,0.6605322489200172,0.3330268340133121,0.22437931519646848,0.8307031032650097,1.6609912148818875,0.6085403459782519,1.0006928438442595,0.43831990533273685
1.434616515133234,0.04698053235869253,-0.1654109777907253,-1.3490784871759098,-0.9081364359912004,0.9902414520390314,1.1108201893490397,-0.5902359238068126,-0.9146141826217361,0.76536395183384,-1.1510024147089435,-0.6771933701367427,-0.11437133033698846,0.19175731053565645,-0.19175144259500165,0.46249732547851896,-0.83673809790126,1.844598962300226,-0.29144206590113236,-0.842353483580402,-0.2815346982253601,0.865404373359815,1.1727392353995987,-1.0668740463692334,-1.0355749408084298,1.1689552375692465
0.37968067180417797,0.45443480731735975,-0.28251991766764145,0.0172543860980842,0.8525338504654708,0.3963483874606434,-1.1417719270893492,-0.1665016518984778,-0.5683817161881809,0.003946854079625365,-0.9152523044742455,0.3261766122442734,-0.983053458770765,0.2347728946231939,0.44248787952074425,0.04823281796839401,0.9714763370358114,-0.2547978192611289,-0.2026140358956624,-0.04073711392513627,-0.44332367735673894,-0.6201487035701161,0.2087488124883083,-0.15857047785170703,0.4194947131374875,-0.11832413126372204
-1.0974058232583108,-0.21061915520302285,-0.46324142376474026,0.8477789968972729,-0.829542740924536,-0.9554709217347274,0.08542514729832981,0.5079182751206989,1.4482366429248608,0.45615121650953516,0.9266541200648065,0.12177023635630119,-0.9401638159702185,1.2583933882249956,-0.8399899810438013,0.2009919338211245,-0.35383131267627993,-0.5638735618873599,-0.01648777819939677,0.3936209443828211,0.44166132887589593,-0.0542010904656715,-0.5553081581959207,-0.12555757084415273,-0.2991220210732871,0.21135724184455773
-1.348544978791552,0.5266487986507133,-0.016046916035152577,0.05263710206939793,0.5470543588868383,-0.31790645390716443,-0.6631904020013851,0.5900467088953973,-0.03990170817990634,0.16007607765109771,-0.4015963858875334,1.3539970458076651,-0.41567722829798326,-0.1568131354586226,-0.20439307066821152,0.9737954216362896,-0.5613150592607029,-0.7185738661403499,0.14300378538583908,1.14253554408813,-0.15956059183105956,-0.6831644693291384,-0.13404961177758343,-0.08286077925747341,0.9258214308996847,-0.060124750690333365
0.1532603567120328,-0.8190295175087406,1.3076206732339812,0.002808312558020195,-0.7947237020632115,0.35851177500356907,0.9867911347631985,1.6290058899212845,-1.2219300550662255,0.4599184205016604,-0.3010256785989775,-0.23085415200876577,-0.7733747154197116,-0.896045837268188,1.612524554279655,-0.7839990517021613,-0.5789256077498883,0.6203442735214721,-1.3234622690555917,-0.2819120890775041,-0.40329251441676617,-0.7201871098586871,0.5060987933729986,0.703582568521942,-1.006583330269872,1.493070883209977
-1.5652669745236347,4.612131816460571,-0.7492587145790877,-0.2005167423109596,-1.408799027354447,0.8906594460132776,2.022318839732405,-1.1971014952425638,-1.1925393261695776,0.5073974584952228,-0.012118821290849156,0.6648577534716726,-0.1656920928983812,-0.029691141276766458,0.16661670049529415,0.3382595194270486,1.731788629237097,-1.3472634829206955,0.4581845493254901,-0.5767343548114724,-0.2765266596113713,-0.37718323436434176,-0.2521216701976627,0.2032945539624827,-0.9720711074149055,-1.0672790256622329
-0.713664506694933,-0.3455110623949791,0.7803940855563848,-0.5194807596803434,-0.0010478928475989642,-0.1599565587463879,-0.17953228794865358,0.2680590483953741,2.315418712470136,-0.990723832757771,-0.007612966192102718,0.1287423149542612,-0.10907165320401278,-0.6227041695363457,-0.2025514900882774,0.20494771885158392,0.07002039324489753,-0.09757116145134068,-0.12073847226433253,0.48214134066033165,0.38069406224584945,1.6995495995078835,-0.8425178494751457,-0.5452606089568915,0.1995380789781243,-0.7332680714530425
-0.7036825704183238,-0.6799583126806216,-1.089873602514463,-0.9322466293079421,-1.556965240086923,1.0650474516186692,-0.022331233349111333,-0.8656732750662961,-0.7397692566338925,-1.4293898525426847,2.69168280361395,0.4224091672155873,6.525016789258226,0.8767689238006329,-0.3455627365325771,-0.33055449192887487,0.6711171178289356,-1.6393223993088772,-0.015805997035674126,-1.07865084627729,0.11398007840067485,1.401979236318318,-1.3212102079908667,2.3683277459476004,-1.4492808148273724,-2.2529707130481094
0.3114334740470109,-0.5282703160930957,1.1487817633450446,0.6020212785770239,-0.9570659802130908,0.5552997372379322,-1.06270184384143,-1.4224964290651874,1.593331679228103,-1.5398353179502255,-0.9508275548553894,0.1496953342061282,1.1992729157345055,0.6371197211282326,-1.6257769689629105,1.2137821259913253,1.2579490854916848,-0.2247681765431985,-0.9146597456599325,-1.9903798611688224,0.03151093594685959,-1.124028948727965,-1.564527869148847,0.4318850087759988,-1.816985090566407,-1.9363729693733593
-0.544756943619726,-0.49157194486664335,2.0790100601973758,-0.7730344529657969,-0.2688719268761173,-0.3425650023066797,-0.35067781981091384,1.1308973631287351,1.0465160813246015,-0.04107182667548256,2.269813919239379,1.6529573701466402,-0.25615874967785623,-1.860983139834465,-0.47926350421888225,0.027508892198938317,-1.483435336056254,-0.2667212832230395,0.12784881704206746,0.12331004134025003,-0.27558226658676016,-0.11532006059984065,0.09152370047072007,-1.083679459318717,-0.058672222174881807,0.4007238133151816
0.12515833537120688,-0.5035647444235628,-1.0271034768829406,-1.2797181805222118,-0.7319217445229773,0.5591634898476453,0.49574772042276155,-1.3057952512587996,-0.7815823026943743,-0.8850037039149079,-0.8955253671538703,0.5854627188023707,1.4954236297498207,1.5392038346040298,-1.3391249682761381,3.840675737033675,1.7976655030043225,-1.058415973632007,-0.5767309394570865,-0.3384764419725373,0.7216327461412274,0.054583651204168755,-0.7207439719038944,1.1681721442768975,-0.7710924743107557,-1.739061084687619
-0.9566401121430035,0.9044419954157323,0.037159521180796705,0.8900280467238253,-0.9594094656299291,-1.9192293636320226,0.3669288260651076,0.17291439062117192,1.2576746238333976,-0.4622495292864188,-0.16500980199190074,0.7093571493118679,-0.1355021295861483,0.002778874988619031,0.11554456608374673,2.1786244760572755,-0.1316611589603511,-0.9708347737908735,-0.8411578778170767,-0.9255847806980836,-0.03682314407864141,0.43770124157967627,-1.1992606177467027,2.18585645186322,-1.2732143601265486,-0.76960520859329
0.9961853396124292,0.25239076368135566,1.4716893812444307,-0.5886176903990945,1.1912405797659789,0.30851184990519215,1.6682526714830845,0.6536694685032813,-0.04722368503693644,-0.4328795707957452,-0.7085528395046199,-0.7661610831648007,-0.4554233224407772,-1.3354969849057061,-0.3242166530550658,0.3358019593597896,-0.6222664587557752,-0.4459940707915322,-0.8362364044370918,-0.3118655991110048,-0.40345700493024683,-0.5488081125686809,0.48189283946945777,-1.974574672857849,0.2932916904697306,0.05266187866145205
1.7611862514268948,-0.5340078881508351,-2.002137653188837,0.9131112763399281,-1.8060829426694585,-1.0579948006118567,-0.4658384573521294,-1.5067781024117026,-0.1166738765388909,-1.3281655088546682,1.6927451821535922,-0.7087311187607858,-1.4511321197753726,6.518717078521011,3.2528779424720717,-0.05769922632491025,-2.691378887020922,0.077644523405703,-1.3234622690555917,-0.8675497481717672,-0.5676598991621986,2.132419059416118,-2.111762490764078,1.8180082204602412,-1.8883998718607147,-1.4641109732627293
-1.082177574643298,-0.6881831373097201,2.3013420798482582,2.655080826648364,-1.9501718401402584,-1.0357790003624558,0.7614489456269907,-1.1676467859314155,0.6292281523251027,-0.4269335055798418,1.745470869737562,-0.7630814486273438,-1.3903998147187768,1.2878630069012171,-0.6004815080389497,-0.8127530612766246,2.2613625544886533,-0.23922545690885363,-1.3234622690555917,0.5960197770884552,-0.5025623051342107,-1.4059138540881413,-1.9563960366875768,-0.8373087941413985,-1.254377845653121,-1.2331910360445466
-1.0658346572238349,0.30631186347542777,0.5413362796052936,0.26769274354204786,-0.14922676199343446,-1.1465055210737713,-0.29427083583789554,1.2132080110838654,0.21458447683857118,0.3397442900650404,0.39549430272912495,1.6437001537736973,-0.6823303005591032,-0.600465453478233,-0.19112914667993194,1.203355439895678,-0.6684566640583347,-0.3565690835963997,0.08420679735398941,-0.8999534348109993,-0.13895574483179735,-0.8201903903023536,0.05090083292932467,-0.14934888904795873,-0.5040746676427453,0.5992490496759951
-1.221078270894957,0.5346444218626717,0.8005965484231555,-0.43405165208873087,0.20643113136919933,0.1734486994079684,0.5943976673688901,0.6776833449634067,-0.4795141026237382,0.8474330641495452,0.06262788038522112,0.25845740689408986,-0.0980442121431931,-0.2734739618089454,-1.0593190184125212,-1.1325547838718577,2.5585596187709094,-0.42287796375252207,0.6414815471013214,0.006246635275990335,-0.3975049880678156,-1.0996867382090112,0.5755268672294416,-0.6430919416519413,0.31881993722018726,0.62107033826077
-0.009986659781643573,-0.3291684430006562,-0.0965272412357486,-0.04201305180049003,-0.7427592153566314,0.7955962316631009,-0.02503258637454642,-1.286526001135265,-1.3895861088257402,0.6760348078926603,-1.2645261751725154,-1.3224096673222074,1.4928325904533664,-0.5227948135519218,1.2042609215041935,1.7242569768188571,0.05996148646977092,0.09801539418733188,-0.09442405199991631,-1.073307661039956,0.3035418956548292,-0.6100675860824685,-0.12045609854299343,1.615447126465711,-0.9920900310465703,-0.1840220394809274
-1.058022646844443,0.2639246887709966,-0.22066434661591247,-0.02861916210192102,-0.6378012645485824,-0.5718210824765564,-0.7543840026260678,0.9545714756097154,0.5981118695555284,-0.5475886539574326,-0.4742534459759151,0.9976586596255836,0.13165056462964672,-0.5015128601088222,-1.074506484299348,0.6670920163854579,1.5948633957670635,0.2862671038164216,-0.09495108382541195,1.0434643663535286,0.07377727036968594,-0.5491593710177278,-0.01720329109684145,-0.061463941279172984,0.10885777055046969,0.05205477130692858
-0.09333463340882374,-0.28883163826890074,0.696314377070425,-0.8704904657042982,-0.6381233307994428,0.49365077345924774,-0.3457062508243782,0.5964054332593336,-0.7240935669589796,0.17583072743473982,0.8780982364617999,0.1651044394416782,-0.8863163924785568,0.3287235330394043,0.36451280470615566,-0.45585456242842864,0.2773535072833362,1.5405816158414383,-0.5955943615462473,-0.09453142322387564,-0.28731891383839714,-0.2963235393937334,0.7623762762229636,-0.6203988509707851,-0.6019092062490716,1.016625695910938
-0.21847874657816607,-0.8839271561785325,0.6542828812052521,1.0053163604631101,1.9596834325800516,-0.8600594341780395,-0.5665529946650735,0.4222628067248021,-1.3580660797608257,1.2755039957139744,0.7037593275866078,0.25765659683748365,-0.7059945098822983,0.09916139162447818,0.7655523581962284,-0.3671146594980733,-1.4114368355959546,-0.7659619574644113,0.18755465286254122,-0.2509474900977241,-0.28136397735031426,-1.3406500342552181,0.42568501422133104,0.33567562770460585,1.0850712676888352,0.837498999691219
-0.33462476262824065,-0.8510805515614359,-0.24407450410350728,-0.045350076456159405,-0.29767099012349607,0.28411917389566027,-0.998766453850555,1.1726809186306513,-0.27645788356087014,-0.10981002739833554,1.500997851449451,-0.01962608529000734,-0.4772541730698152,-0.6700182124318237,0.2842479456279196,0.01493283468072193,-0.655744487898143,1.4264105993682792,-1.3234622690555917,1.1226387179421136,-0.3589560645151987,-0.27612617857353383,0.8050759751591966,-0.36180496481318714,-0.024829538266744878,1.0426175167669272
-0.4732244644496158,2.6314966091986767,0.703804881592398,-0.0025754876880368645,0.04265798907095627,0.22293770765553578,-0.02851978755283495,-0.23933918708844212,-0.06979978034611169,-1.26608677158071,-0.9301408818245848,1.1357595808481502,-0.2448387534736938,-0.1008159388104675,-0.5668224248012891,0.16984184784532205,0.9931238483300009,-0.23552106425636898,-0.4435826363907332,-0.0041848694606458955,4.286599181864468,-0.9949414687032108,-0.4297813649632259,-0.2660996096938654,-0.11145960260325471,-1.2237570278393677
-0.7271610307760867,-1.0924649017707966,1.5221530249311344,-0.862430378175146,0.6909556761578399,2.62772922187031,-1.9813524473945274,-0.9499851472718273,1.6546154995929576,-0.014789573457920698,-0.40603793627355933,-2.2721023719811946,-0.5222000420119524,-0.16175406457463665,-0.7711943526897187,-0.8151794325327334,-0.7246698420147827,3.4915628091033653,-1.3234622690555917,0.050843509517701134,-0.6009498096419997,1.288831581818604,0.7207034793735949,-1.661782963959893,0.029750084310592347,0.6419852974905733
1.352215363454248,-1.0924649017707966,0.6326591489302449,-1.1753859621712959,1.750590862493873,-0.388698677625539,-1.0931207379988173,0.25091769795965996,0.25620800655227804,-0.757018880893146,-0.9926461438795815,0.3749301914184823,-0.5005307753961409,0.20448003563054953,-0.5958316708902692,0.279644270538083,1.6388307611676454,-0.1623433633087133,0.257601794938216,0.07955090141368974,-0.32277902790242663,1.2674371133445388,0.32434776316268193,-1.8322228571128465,1.1457407115127507,-0.23796811854687477
-0.05394447351678207,-0.6073267844175049,-0.09000981612747919,1.0834527655652604,-0.9678057569393387,-0.6068120937285681,-0.2259595558607557,-0.016458563687371728,0.6740202334477239,-0.3853110490685193,-0.06445818769035028,0.8968415670618914,-0.8273245864083392,0.8474261605038726,0.35440904881405944,-0.11978143053205116,0.0633964399490107,0.18292712976828152,-0.8840622561787852,-0.39859448667477454,0.40748166372423106,-0.475570725942392,-0.9313149600104755,-0.3786051365281741,-1.0323760679305836,-0.230543711092474
-0.8039340943254805,0.28450671987125764,0.9618490950962649,0.10133955064647833,1.1649775534314293,-0.7327277528897588,-0.37988393254375447,-0.26355084735311557,0.3330655860964262,0.4061368553408114,0.8134924744948312,0.48129774563086847,-0.041158494235421055,0.4295276601908276,-0.9266030415032347,-0.1434222537557465,-0.36893271584263526,0.7067923865829782,-0.9671329053793755,-1.0166858473308926,-0.2686155814099197,-1.0845826248999928,0.2692576041424421,-0.6880363063342945,-0.10792090398149473,0.274228482305713
-1.1893851218077771,-0.03187593813632027,0.16302612515018577,0.16158125718090297,-0.2795170741816133,-1.203519993895974,0.3211881211677427,0.5642527237750969,0.96877327371064,0.08084260014305394,0.16032645651274094,2.016544806917423,-0.45725036787968804,-0.19196159043627345,-0.9946360297391948,0.973050976413924,0.13001933988006764,-0.4068182220059996,-0.5549837057624641,0.3345600189103526,0.5810714110154996,-0.3556862172826678,-0.45437833923768717,0.27996035851212536,-0.1681888902724531,0.012043356447387714
-0.7961269325412704,0.049330873600709,0.28968867580052604,-0.2620336601001407,0.11107611052122901,-0.7809471746393538,-0.4320770070789074,-0.27345414276919844,0.609271284498192,-1.3253192005767083,-0.15993866550330138,0.924295289306077,0.5266407353120341,0.4928028580828144,0.15308675319333195,1.101617824576269,-0.0663985887384426,0.5168575881829747,-0.14157774597111195,0.07230299553895982,-0.16971444449957113,1.21253659647813,-0.8821425647013112,0.9132845537800099,0.05785048405337898,-1.0608202965153088
-0.11016538747824488,-0.09401145317753208,-1.2366651815775211,2.0816997756551263,-0.46173838074492574,-2.1154179320420217,-1.9813524473945274,-1.5870912680621816,2.695771895027867,-1.7985826406120673,1.9768538458291989,-1.3403962715771125,0.3701797558937489,5.596898820139306,0.9016413376344565,-0.9589970742584343,-1.294870498797889,-0.2757754644133676,-1.3234622690555917,-1.0000210180687934,-0.6398579816718087,1.483254312085717,-2.725166135586872,1.3445905194034928,-1.1635589365848102,-2.3079015046485516
-0.14301281691737652,-0.7130142629580012,0.9871380204983765,0.6554186961966325,-0.7912902507743427,-0.3926488332402058,1.1078526532293245,0.9088269884937924,0.029994360723045316,0.5660936238553614,-0.4442045794179679,-0.26562589471942866,-1.1172626423748548,0.2879131609538599,-0.6333641567733032,-0.31492315380451547,0.6959068422548388,-0.7074478898973409,-0.4069913528825977,0.7122981851710523,-0.004890924296854909,-1.1007405135561514,-0.16016244460695317,-0.6075609712072939,-0.23853861707243745,0.6250600219053757
-0.11314943468622922,-0.2910036200621491,0.3571805920826097,0.7193291233904237,-0.49704612663203757,-1.3916411864213492,0.07278340667645278,-0.7546561592254603,0.28299747121510943,-0.3150028455020955,-0.3449666184657063,0.553233424379292,0.09683819617488548,1.0842247352561132,0.09367382919640552,0.7507809028792067,-0.12118179553839137,-0.39855138489221287,-0.03297214114713248,0.17385856316929552,0.31260273464464816,-0.7782501314861487,-1.1373503532213012,1.081325929798041,-0.21666953600140978,-0.8147058953078563
0.06333564304310317,0.2768426848713946,0.5996275717494046,0.11179344823807813,-0.2484507729370672,-1.0896319886411687,0.5733711358198009,-0.5233515842425722,-0.10140631377895722,-0.2566598198517032,-0.5375078276999183,-0.19572877679495473,-0.9662652271602653,1.023927753865332,0.2872968018847421,0.24598930962904597,0.25607528765216114,1.5966292057464442,-0.3933038002384555,-0.39389737090729765,-0.19704605917798623,-0.5380596040278439,-0.12404888518947643,0.7516800839205139,-0.45863121381648403,0.1313421055195896
-0.8203457274755321,1.0142463388671656,0.6180958509786205,-0.14403127231594048,-0.7528950576437609,0.07777959358484851,-0.037541025383625616,-1.0642487450222713,0.42531535335255466,-0.7811501911077863,-0.6811243938776256,0.24421896312548233,0.18911718820273712,0.12240306534741115,0.8289093510986227,0.3025337613137468,-0.04290818716541551,0.26513660316941906,0.6609550951514698,0.5220191808540368,0.362764958738552,1.12918980309313,-1.0839098102773235,0.3068295185647163,0.01432540836482075,-1.1999800727293695
-0.17737132024936006,-0.9492085374074152,0.3908598586067724,0.343043321456601,-0.45362417827397444,1.0961036334520948,-0.620684451986896,0.35833304697075635,-0.6950594634741417,-0.24325179532335262,0.7925530575727303,-0.8016270917782303,-0.3443707344582799,0.05682834305770778,0.021052115283533866,-0.6002345875622564,0.10435233028204784,1.767310362685419,-1.0639615368131299,0.28643134518586877,-0.11027739427943399,-1.1760503250318175,0.5232436024446496,-0.4060491215464828,-0.44841487000824726,0.6501873990365944
-0.13776782415209582,0.005833891681794425,-1.6998741643987274,-1.0166467195662556,1.43563263037915,0.8568388793694651,0.005654783994394619,1.4590723719667,-0.6597884044258937,1.182468146191303,0.09108259068236105,0.6317149742781945,-0.9993753506143063,-1.3180550009497372,-1.1676428110063826,0.5690653690771387,-0.03472704730722304,0.8412841399433384,0.3344590758268037,-0.06956805093491825,-0.24903767412093797,1.0207035132330164,2.260829025964202,-1.1253839607899754,0.9107561587464283,1.9569386627814687
0.34987522375260227,-0.09401145317753208,1.0793797325285113,-0.7272407282543684,0.3158726893878925,0.3369391730829675,-0.6265747896293534,0.2180427408438221,-0.4385426703959756,0.42863921159734697,0.11436371728911196,-1.0298275714424183,-0.7886745649976823,0.5466516474338247,0.9016413376344565,-0.14403043781279556,-0.9717567932874618,-0.027539996778544046,0.1837389535647674,0.302613135918632,-0.1846185218759544,0.4921814270268584,0.3687998615344806,-0.5798753996174858,0.38989289692316875,0.4828978853270174
1.4769747212681772,-0.3436248153258481,-1.0195359708800804,-0.7910802851614024,-0.5783800412648484,0.3859863151854673,1.5749389042390542,0.27445317862213475,0.4141752628443347,0.32156123793343216,-0.11844754877839847,0.872405716882582,0.21215416668128098,-0.4245497319326138,-1.00579935804006,-0.5005783412577627,-1.7795410570635297,2.0514320446631014,-0.6452217188764299,-1.6978607434191997,-0.5035818112583602,1.4621785693989764,1.144405614282155,0.24776264829932657,-1.3691628557255724,1.4083691606969226
0.43153243224607735,0.349052264635729,-1.5406460765539378,-1.1453898259954407,2.0985460676673773,0.8163749871349031,0.8128764717461441,-0.7282423528873719,-0.11474032007093882,0.15773193822764428,-0.19702135107618354,-0.7347873063144592,-0.3330341161017332,0.551507654330657,0.008612284659569116,-0.019238671607057146,-0.43458025787637666,0.2780999227468323,-0.5773976638585138,0.8771678431237999,-0.29479797587911843,1.7350476840709967,0.7519107215596562,-0.34481390375079224,1.4887316203310161,-0.10876836850564647
-0.607937660742773,1.0387746715524717,-0.22994966910711132,-0.24724654359242598,-0.8142285734674864,-0.8446337638287413,0.10076379765725361,-0.3567161310086877,-0.20432176610815758,1.574498200145727,0.17158770248035007,0.4326175365657136,0.27041715882300604,-0.11622784513245331,-0.3159980950506284,0.5995080102509649,0.3252960245635805,-0.45689422734485574,0.06636054010843444,-0.30525070418823363,0.33819023919479885,-0.33657775765451414,0.3538770065308874,0.28529113539287093,-0.6081889712990284,0.672434978193463
-0.461469126963619,-0.547853929810834,-0.13128010893600547,1.3852682457602106,-0.2920777836250381,-2.703983637272019,-0.5034131843779739,-0.4178567395662475,2.5449225309165584,0.30403938769752054,1.595889955900544,-0.7474923895017874,-0.43431415282426966,1.217663509541546,-1.0530912761146347,-0.12550846880266736,0.996299413003322,-0.8173801210711641,-1.3234622690555917,0.9285542228996022,-0.5603857004277292,-0.03621665787446705,-1.0276128061776792,-1.340047712489914,-0.11684807550456733,-0.39505743666779575
-0.8092536186167886,-0.3546566374596865,-0.6767609823954354,0.6037218665428394,-0.2593853762837284,-0.6667208485147976,-0.7167868552318665,-0.3947933409952887,0.9445147810874558,0.43752346539338655,0.230975135177966,0.4456025172351906,0.005147163252102439,1.513846892648487,-0.32740975185893206,0.55916042689877,0.008627690904164246,-1.2561373407177794,0.6461131176756453,-0.3795728285527693,1.6725671970087488,0.9358029316348149,-0.9129094479142125,0.3404785111730549,-0.14292993549949778,-0.509454535425108
-0.014675876822761133,-0.5581573806316982,-0.8047541030009905,-0.2372289941571345,0.5016586856034089,0.5506256408376426,0.4352779691595664,0.8754530319251305,0.18433383306663242,-0.6817304353045606,0.5271317998304283,2.3813918808478416,-0.35417537736123894,-0.3710024126378156,-1.2054479419116433,-0.28499763979258197,-0.46700078846306464,0.06638693692111898,-0.03297214114713248,0.6717766374733698,-0.226409259992015,-0.2633052451833202,0.2140769466692305,-1.2216285832046503,0.6146371208488057,0.009859073521926644
-0.9923051162301784,0.4927086145525302,0.1780323561625038,0.26523403273333473,1.2698491568704213,-0.8351358309747077,1.7058774665230594,-0.5751926934821409,0.4776123450887376,-0.7759327972899017,-0.3128569565254951,0.4749898415813566,0.27894848789479826,-1.1154043213788432,-0.20671220624389416,1.227550009607313,-0.8151965442257085,-0.04545389650476852,1.1377817893265214,0.16256557591703874,-0.3212583451165547,-0.2105813519813739,-0.6126697956380694,0.36835084241466387,1.170858069741914,-1.0718305805873851
-0.8462303654476003,0.22549365037231256,0.5930103005662445,0.7810752029358218,0.2723264694604545,-0.7185553249628279,0.4030562302721788,0.4166074818234826,0.15144595368380673,-0.5513384033747956,-0.16500980199190074,1.4174537856189702,-0.21135441240813282,-0.8052606726442578,0.7906629698861207,-0.6411600860446355,-1.2431723059162207,-0.3055637205295464,-0.527660023512042,1.9774284767596073,-0.08428313505654525,-0.5933476839078344,-0.800193649438434,0.45634075090806586,0.971066641694386,-0.4321518482200696
0.8707069157532393,-1.0924649017707966,0.6089331093507234,2.451057212045823,-0.6783586074247823,-0.10273342219301265,-1.18300132764005,-0.26950461424016536,1.9549937676955513,-0.00885079508664511,1.490444593509578,0.19858255498320174,-0.48202967164491706,0.5744002582728657,-1.3402207787102676,-1.1718343431516034,-0.37745837065221177,-1.9380665423251322,-0.7905589796291075,-1.4586014090133463,-0.4263412363100348,-1.2617925124441782,-1.2640311212218236,0.3383755965462066,-1.354476861501231,-0.7278870733823142
-0.8068215768041083,-0.567614150917346,-0.23441211697765385,-0.6056630942154859,-0.4204492973750416,-0.6413993959350368,0.31337714283781165,-0.20808070771872336,-0.21468636723296083,-1.3592028633688487,0.6417945501500214,1.265082734862621,2.2720806526101764,1.3215500223336312,0.06684830589918912,1.1343132463464034,-0.11965162300332646,-0.7753218833528264,0.1554622580607397,0.16592712481754932,0.8431268444053485,1.2551263298091835,-1.2685540157977044,1.2211143005276743,-0.11843600601442368,-1.5337969145574046
0.5221557383666037,0.25239076368135566,0.09712854127818478,-0.4940309183286727,-0.36414025663641886,1.2102785911325813,-0.49870036785049765,0.6992583120955503,-0.32660286448798126,-0.6146061889567878,0.6084937513915838,0.08093089179442069,-0.9343376081152973,-0.07967414007596009,0.2363373473064245,-0.5800999582068588,0.35696589365847864,0.3815419218237412,0.1991185578772204,-0.23666980829773662,0.3290402831160176,0.42747962071240975,0.45054546380605015,-0.9555089811026819,-0.26981128807496674,0.17231160424366848
0.8289519982067942,0.043706263869814826,0.4304878384901834,-0.5775479741275301,-0.20432230235613094,1.1656667465389987,-0.26841517895580164,0.9883369946442291,0.16543275296156,-0.4161690771717409,0.43548270496843716,-0.15166779864776664,-0.8794938691427788,-0.8956382170965647,-0.9001626214980022,-0.24238848014244166,0.810939512976964,-0.147377808740183,1.649362211423186,-0.9871871840393607,-0.03415676232148901,-0.5701295004258308,0.7448565737509372,-1.5271411166420692,-0.1048169161818068,0.33220772590463105
-1.3362946797271973,-0.5375349850789611,-0.07742375351708089,-0.1020162677669535,0.26512333533711874,-1.0683905195802368,1.2187749884213153,0.7458069208160774,1.2530168189064523,-0.19822906032815274,0.11534397525150152,0.7054341762575348,-0.7529663265931809,0.5262053026050578,0.03571802086125957,1.1989487930878864,-0.0010551979961365978,-0.46077621292437293,0.184373564605871,-1.0305790523578218,-0.057726613727725175,1.616083283952637,-0.6885309361113127,-0.04168081333397085,-0.2943954215644946,-0.13639811531483895
1.434616515133234,0.04698053235869253,-0.1654109777907253,-1.3490784871759098,-0.9081364359912004,0.9902414520390314,1.1108201893490397,-0.5902359238068126,-0.9146141826217361,0.76536395183384,-1.1510024147089435,-0.6771933701367427,-0.11437133033698846,0.19175731053565645,-0.19175144259500165,0.46249732547851896,-0.83673809790126,1.844598962300226,-0.29144206590113236,-0.842353483580402,-0.2815346982253601,0.865404373359815,1.1727392353995987,-1.0668740463692334,-1.0355749408084298,1.1689552375692465
-0.13181435741852018,-0.3387304356758814,0.8665079573349421,-1.192893966870381,1.09348375952071,-0.16507275196614785,0.21019964604913666,0.6560531988871907,-0.6120687363017938,0.42863921159734697,-0.10475276842148638,1.6465438738359734,0.22764687150603286,0.0896157042025597,-1.2948055240513505,-0.41968091778705563,0.42523481583114986,-0.28307650757909775,0.8220830007922142,0.050843509517701134,0.11121188715465219,-1.0199159444304498,0.6798725572080513,-1.1387052273930367,0.916668951192308,0.5457994685051613
-0.6937597628682339,-0.5789745567799748,0.37629466931775163,-0.19463642491568495,-0.568382184648855,-0.7869410545228844,0.2249997381087566,-0.6974180779585083,-0.7177337157194439,0.888768561284567,0.6598072549329946,-0.19572877679495473,2.0136458837034152,1.4901044159612225,0.8223710749570738,0.19359859728611195,-0.7409612893514425,-0.7651539577505913,-0.703356623177501,-0.5853048384319806,0.3446594682397033,-0.3630626447126543,-0.6680486256901778,1.4649290810932123,-0.8345926659595914,-0.14486072070479722
-1.3653398744371756,1.2893879033071112,0.676762630420578,0.5600987704079553,0.004025220642717769,-1.2999353284100976,1.5583248064566508,0.11978566161550493,0.3566980201934899,-0.888290854861973,-1.1029867582928117,1.7497890218457204,0.06772802576592746,0.6516283197646549,-0.8329925730618803,1.1650360225364171,0.1799961914149387,-0.6321065831869351,-0.9125488892568568,-0.34085674737636085,0.08314502255042991,-0.8912499745445518,-1.1321482279537693,0.8286785262547643,-0.4416450036292966,-1.0534935408830126
-1.2555518178779272,-0.7273794302630101,0.9959764530731691,0.006295233104016353,0.913405406437321,0.09374143246392426,-0.24753727319089736,1.9437958566989053,0.44807458324192406,-1.4611535468722645,1.1062299976542964,2.838086211952552,-0.6558922139511951,-1.1783741820668965,-0.15703388101742818,-0.22247944229059619,-1.6385703960721383,-0.3954235845476036,-0.662130763063722,2.1702203934953803,-0.21914261441878846,-0.6415403431170754,-0.46342941040111385,0.14746435677020023,1.4016489631658557,-0.3550778136953554
0.36963535738936326,-0.7054804275677025,0.5367995796223789,1.500716962460911,-0.3130006928336148,-1.595979071386017,-1.1562110216080204,-0.2400554451411326,0.29028136396432574,-0.23854998806424926,-0.8989121622060606,-0.3117677244866997,1.6216575765025552,-0.796083145515748,-1.606311498960164,1.8776611259202203,0.14775629711359894,0.1677996581220137,-0.8227477689233248,-0.6328355518441499,0.8812615311217094,-1.4705102828678753,-0.24041512569228943,1.3047765545754748,-0.7440717458546643,-0.17935297201421777
2.399147037417284,1.3582844720490344,-0.36814833878775877,-1.2611715678404705,-0.8010595749847007,2.91414354901432,0.6050412628844414,-0.9717046741169529,-1.3771609359774468,-1.5182330368374557,-0.6898933836713796,-1.0015940532483558,1.6343844695934926,-0.6894228353961879,-0.10725291462313896,2.5416550686557864,-1.9117239365905232,-1.020481867317838,-0.8301964143798377,-0.8985170580178252,-0.4367464022335251,-0.10144535186248561,0.14868094110314767,1.723818753662044,-1.1635589365848102,-1.6060603584660038
-0.4192026352884686,0.9873700227075318,-0.30755414045358936,0.11688364546654607,0.7411045237528819,-1.155332346434285,-0.050456715895325716,-0.33444221121752515,-0.43272363807791286,1.2519656642477217,1.3851574387140964,0.12835636842865802,-0.3217728241130042,0.12719590219250568,-0.20906408708933344,-0.24623970866270545,0.27346546050687526,-0.02960175315424849,0.06456490340408853,-0.4640059200587806,0.9689723532393906,-0.7644456744386032,0.7112386822637409,0.1344076854074904,0.2271705629852575,0.6423976255539559
-0.44139462756445474,1.8363318807694462,-0.0014412273876372474,-1.266330319913766,2.46207924295447,0.02957708257396907,-0.6566809598019129,1.045395828259074,-0.6597884044258937,0.30300105583168774,-0.8479228491232659,0.23315180910533728,-1.2311462147925925,-0.46339778710727153,-0.7013795298415006,-0.2526926560055473,-1.5749023769069257,1.4784218402060518,2.2134366000268515,1.1586298656817973,-0.35483769089173633,-0.24121108873826744,1.9392890217217305,-0.9060532265795277,2.686564823325155,1.2735710992872595
1.0314014505262632,-0.3967100099908747,0.22527267144415974,0.38316314844535365,-0.5630741220111029,-0.8290955988922988,0.4462129484199927,-0.3772022405997299,-1.015850543505717,0.445694164868704,0.5673449137100602,-0.23162385344917769,0.3587389892539322,0.76638046629501,-0.21881333674777687,-0.784756469859989,-0.3386878589616023,1.2675527370809645,-0.06314197068345397,-0.7827749859235087,0.17711587207223348,-1.1909788091163134,0.4945629873798173,-0.620967116653898,-0.7343646317721183,0.7684827897046383
1.9618477633705034,-0.5680782099366682,-0.6929782455075374,-0.45833564504914304,-0.6944029131347981,0.18108114592436103,0.1532309178906541,-0.9604416303550908,-0.44245506180234,0.2586777807207252,-0.012848804753081984,-0.9672195576221614,0.054966909507075605,0.41166238409482914,0.7121391513267881,-0.5455690391915156,-1.1971650281660888,0.265470037962826,1.5262274696282074,1.2064112169913785,-0.21468410565244597,1.4908240495346425,0.1912871231613593,0.1991140524367007,0.6470644362197749,0.09752758116465854
-0.3805309403200639,0.5587360177706842,0.682381145315575,0.940440453089289,-0.644538978552914,-0.22637675056351056,-0.7592751069047577,1.297936406194481,0.3787394070949527,-0.40417863186066794,-0.11367465266311945,-0.17098838701526917,-0.2576029948728662,-0.18694830108077867,0.24910623114153815,-0.31157198437138095,-0.3189051832925897,0.10421140176112319,-0.5077196483389689,-1.2772493736521895,-0.1274207771990546,-0.9985594307283959,-0.10626292702137317,0.35906515627961166,-1.1598121681266647,0.39584173953289864
-1.10862389926075,0.06007086913624326,1.8621171340550866,0.051444237475873116,0.33315293539084356,-0.3460876947148071,0.31842444078709536,0.5857552241394894,-0.06638549432713144,-0.1646520795182664,-0.12707018826238042,-0.5639745212403775,0.3311610918906705,-0.5900136706394884,-0.6354433082626292,-0.8005313393940048,1.2421704481728724,0.8412841399433384,-0.34099036097713514,0.23369069390871477,0.6259771978837912,-1.2122650711285587,0.19467211442988266,-0.4612372399053383,0.20713385768693457,0.3254262808695265
-0.561134775389047,0.609124778226175,-0.4170788651421118,-0.5366212062220979,0.9971037958986146,-1.062631388884139,-1.1417719270893492,0.8822557828532498,0.11716844559466429,1.5169133777365085,-0.04958787853307845,0.470525444701244,-0.4933967034645264,-0.005975616318346093,-1.2768952827774114,0.8058074377629314,-0.9808585878088822,0.09133332575080806,0.07759802239432001,0.8241909963683253,-0.13861756648580414,-0.6491977773062989,1.3510778993203818,-0.1549136250930438,1.014105108399033,1.5279787081449336
-0.6755165000751895,-0.4573041537500211,-0.07306189340617725,0.1655900868984635,0.491631528854057,-1.1127288872285077,0.6041509380272023,-0.3262160371425965,-0.698884036142024,-1.133512315513019,-0.6586818842555383,0.839571495874366,0.05336700836417482,1.410669838426811,0.4119325763353253,2.748119234055433,-0.30450752672737486,-0.6490259024956081,-1.0358229031964774,0.7245679513754881,-0.15241005244603412,-0.6242935532688705,-1.1546727952259457,1.4344769444963492,0.33066135288154486,-1.3648555765557842
1.0420974052153935,-0.8713309165118857,0.10399840125231317,-0.47873775505920263,-0.4680010202359281,-0.4879745055000153,-1.081198164718338,1.7839056311196677,0.9027905269666164,-0.3808415235371018,0.8799846593903217,-0.002241201198095819,-1.3182547275038945,-0.45192587819663443,-0.2621418812029547,0.8623713145764498,0.4161141565559837,-0.9455114240724216,-0.5223190688439644,0.6036053038102609,-0.3261250160543512,1.497517291068429,0.36342090382305864,-0.9471570940433442,-0.13691923295577385,0.5364495145726099
0.25837684179588527,0.0027915127525627538,-1.3858287390649593,-1.114168569009466,0.06040268130547633,1.8154183984552752,0.4955263728963727,-1.2739430206723243,-0.765406174041284,0.418198367627902,-0.4260679751335305,0.45333153945013693,1.4242673426627872,0.10006043143706922,-1.4251384986403755,0.33625807161603993,1.3741740159724538,0.14918165192547134,-0.3314650100677873,-0.27937101914737633,-0.26512929802108864,-0.01022353264499336,0.5727340924241872,0.11472554566328046,-0.20217551412052867,-0.298970129697789
0.7731125860849812,-0.40518590218696665,-0.47684615224120175,1.0214148157856642,-1.3834221767551125,0.7039201209860888,-0.39052763944204705,-1.0306005689976006,-1.2520392548250001,1.0506637005721144,-1.4784652638059066,-0.7630814486273438,1.962457226584284,0.06093179193718612,0.9722794091307126,0.22670438484023595,-0.8785890377108355,-0.4503017502474214,-0.5178955787814462,-1.5740477074858639,1.441184942170096,-1.1082574443657562,-0.3255277619063603,1.7885602012544617,-1.7427817566427122,0.16127315601699246
-1.0206873245117658,0.3079633118405354,-0.26663338313700713,-0.3657596008327215,1.3075792749339015,-1.3281157549161808,0.6578248079921751,0.6898391295351642,0.08823288681811534,1.585637576381459,0.6162685246554341,0.41411521619680813,-0.38505942371908475,0.37006957845810884,-0.3504684932923804,0.30314281400315546,-0.8164943633668669,-0.5852638396463941,-0.33693055970408364,-0.2894932977120158,0.47619771648050857,0.6139297271618609,0.712115761229258,0.24813825760751665,0.5239953088302733,1.1391536083502365
1.5153114388707476,0.5346444218626717,-2.089098379130436,-0.5380864855668601,0.14307022935837718,0.7729137695496323,0.22643336525983057,-0.47141816533555425,-1.7188999275135581,3.778990032014927,-0.5064663255575831,-1.8925184051499018,0.41700215269744306,0.20133560143686888,-0.8709298139014576,-0.30249617267722545,-1.0615106003736916,0.5378852350563315,-0.21818137246732794,-1.4342324027312685,-0.31051056037546243,-0.7441780619285941,2.7620625043876754,0.5081117461953072,-0.6863547785790927,2.9536628791758215
-1.0387473603648565,-0.5552535354081162,0.06374998249084547,-0.49963882971624707,0.014971014423454287,-0.9094979816522984,0.4484118301191,0.5283001486245417,0.2969390722578289,-0.2985598965028003,-0.7105979429066327,1.236986364866788,0.5625587340654489,-0.50055679640477,0.23252923589092525,0.8796606700594775,0.5911301518444959,0.6854624197703922,0.13622934980825618,-0.7148169564038446,0.2942452483162227,1.4868798179165195,-0.2355266115726645,0.9227862119183549,-0.3009164062768327,0.15017959932094727
-0.0677001002877052,0.5204214382644768,-1.1698561936706164,-1.6897448170065728,2.4094409551300946,-0.25917224631664526,2.0829805259009953,-1.0143083613900843,-1.1334811939514882,1.878310239662646,0.6874376029937539,0.09299772904455217,-0.8454016995867735,-0.37972505288493197,-0.9657831196692659,-0.25373748502663174,0.7929411368079479,0.18250539891246056,4.93721973259821,-0.31291728849300865,-0.3287247683170501,1.031779234342496,1.7329312111095616,-0.4359218528016011,2.7587312131774113,0.8628243156303275
-0.5932080292706344,-0.13278634438503747,-0.6084661059674502,0.6146295698400837,-0.3847322359356567,-1.0068572833563953,0.4059499301237167,0.31142118396229124,0.752487914394938,-0.211749446431498,0.13583660105262038,0.9741697327034167,-0.8671759499300895,0.5032776052485274,-0.09416728680638776,1.2463085781865446,0.37677237327850766,-0.6598776746492897,-0.5266942440878385,-0.4620746666821696,1.5857538770337354,0.7772368524415516,-0.7032703335331211,0.5257115156208276,-0.612620279469759,-0.33151590589404123
-0.9527660859431647,-0.4618627237118927,-0.5052825771229846,2.8074547383877224,-1.443983943017959,-1.0312179487236053,-0.2700543533753602,-0.12635782664482323,1.2110965745639417,-0.5812751505380958,-0.00816852800957731,1.8470193350684312,-0.5613395068323777,-0.209863111230559,-0.5951063852871739,1.646751513324332,-0.4785832427715468,-0.6677262027841413,-0.7523123320626133,-1.0587864686246171,-0.4435924099652754,-1.160208568979801,-1.671702966632091,1.7120146896234492,-1.5964092926706248,-0.9077066217054824
0.844554186887889,-0.8340416562525399,-0.9505655157173643,0.9220730007791208,-0.15435329890418834,1.409051996923493,0.12253756231139001,-0.16156632279376382,-0.850667076922294,-0.28084684449108116,-0.04449573485107163,-1.3075125268569685,0.7866236615830761,-1.3683289547051767,0.664996288759329,-1.5270767590749534,0.027995024938918485,1.5640874133506186,0.5490136028115841,-0.38263810811172794,-0.39058418859464183,-0.8017493217273888,0.5853300302144335,-0.8346342209407511,-0.11215693439048334,0.4372025648119537
0.14432516341541535,0.30961866433889396,-0.8054866071428873,-0.5225919358999047,0.43830507064284646,0.5101695047641375,2.457706261027532,-0.8909624614361961,-0.9014326813096343,1.3909740217172906,-0.25219019098739426,-0.5276313754799346,-0.08708577884871153,0.4943032042906694,-0.40196094309732117,-0.5991979741255193,-0.5111478939428103,-0.5821085946861283,1.498531509467635,0.8450474188860407,-0.14365562841750337,-0.19670664324401888,0.4814677713485918,-0.5704356734376206,1.126761789162869,0.3276154157963146
-0.8080383147039074,2.1047391330777168,0.8889771182960744,-0.33422307872427237,0.16202726473088777,0.22773987557174177,1.3928107757187365,-0.09639603361857757,0.37448073677596155,-1.4203751562746199,-0.7227528027487838,0.3798697089533357,0.5405577496538221,-0.6522977642907812,0.024807535849258235,-0.9441695141613775,0.21531593073063032,0.4548798742853582,0.2853023782696437,0.26700011130056983,-0.21718249932409195,0.059676898715349515,-0.5154499377783711,0.12872703328588625,0.3127991243073453,-1.0573785260779733
0.6146986016959243,-1.0924649017707966,-0.48143314436903245,0.41632003025424,-1.7924675859809134,1.236847606441877,-1.2038278785901668,1.3619483138788226,-0.589246286329398,0.9858171197754876,-0.07593418714867922,-1.0244263766574673,-0.3443707344582799,-0.9836239172722506,0.6181639852338167,-0.9217920756380901,-0.45196518007503567,2.301556260421234,-1.3234622690555917,-0.8349667525946104,-0.27818354218656266,-0.790052415374126,1.430865038752347,-0.4675572834619242,-1.86440012182984,2.4362489718770766
-0.5486697126817551,-0.2609453105133145,0.31734981283999686,0.6964820840799133,-0.38520378961513446,-0.9148924273047462,-0.8530833570159598,0.10372707766152556,0.3894421533816051,-0.45122421363850007,-0.2942677919852192,-0.33227263612411556,1.5530287088380512,0.5772889149217252,-0.1403125015169113,0.5923960385589809,0.5606379854645138,-0.4327041322809339,-0.4197120848420967,-1.1402053515398152,1.463198446267724,-0.9513502951764846,-0.7518962814571193,1.2380346284234574,-0.9134615510306232,-0.5279640399090737
-0.9846019555443785,-0.1271632278378553,0.4969758600848556,0.18446794382421056,0.31830272398205733,-1.2624574764157364,1.249474740361874,-0.08251912294374972,-0.14326027797323296,0.5353825665935615,0.3071605470012695,-0.05020169113474114,-0.610072727189841,0.5815541970048062,-0.3311505892574541,0.5165382225874781,-0.10969952428893935,0.1533034200726066,1.0079896221852769,0.2582712367036582,0.7366456244138069,-0.7595983078417554,-0.09247840516930196,-0.21415313914254072,0.6194125497139837,0.23021395752706578
-1.4554491943008772,0.1871065080768822,3.1480800441571994,-0.5512170956174979,-0.5342147523301204,0.3131298808002008,-1.9813524473945274,1.2060469131940743,1.2619706575038816,0.2822646611907534,0.4714916788295656,-1.0780712530167398,-0.13304736315178006,1.3122977834003762,-0.3441716498316887,-1.2260371128996026,-0.1278967274398416,-0.39145801243736295,-1.3234622690555917,0.02980071254539863,-0.5925958389269197,-1.0518804632937222,-0.2987168537924259,-0.845667125719113,-0.7004510798794042,0.4727488467420458
-0.9837959074467274,-0.0794708689747175,-0.46933476707394495,0.8123462557948783,-0.683697268724584,-1.085427947889526,-0.3536462809048158,0.28431131337951,0.6860336435546405,0.07642544968148256,-0.050638442156793174,1.3348666332239287,-0.13304736315178006,-0.05681328731813689,-0.9923311095269124,1.8419562199333732,0.9849633408108776,-0.39145801243736295,-0.550838729692922,-1.1626244492184028,2.681523103150424,-0.8774455174970063,-0.45659900778705587,0.9430854085855137,-1.1396050819276335,-0.10439625113816492
-1.0953016969996916,0.018868043509151836,0.5350874783546234,0.032772984829996,-0.4430873719422396,-0.7386667976970245,0.8669808418231966,0.1916873333121682,0.11192298058414596,-0.28940521392156765,0.20481256644213616,0.2244742493389255,0.08275282535864166,0.19748018337178716,-0.16455854926690883,1.616852346150087,0.28295770212685756,-0.21530586267846372,-0.3541840811668208,-0.5976189978042743,1.4977084974539152,-0.5101696831735165,-0.5345017011579618,0.6342604420211788,-0.6611713465294335,-0.3753778611379488
0.03151083615744945,0.07387010012576024,-0.9445975707278664,-1.9181591880776214,-0.14794134713380613,0.38989272473345415,-1.190066381797169,-1.0778997058154658,-1.3130833299832632,0.26186289863408213,1.0497293349408812,2.081356221057348,-0.31226703645744,1.457690109494378,-0.5408319157316301,-0.6506800502933807,4.692740999775869,0.6600502808294183,-0.26708760682964056,0.4919973681671199,-0.5838811026254137,1.176879149021352,0.6033625389288721,-1.4911895575664404,0.07370358567818033,-0.1530373951853127
-0.1148044524654469,0.015063293307446417,-1.5286036161287018,-1.0276621725227633,1.553515854792562,0.7235460578909074,-1.2299631582138426,2.147374520320564,-0.8251029689986689,0.6503536041249814,1.0788675338545146,-0.7218686923172598,-0.4929852271995631,-0.23357399851097807,-0.9314834867800137,0.17356685433146057,0.12655828132571287,0.3594152910051512,-0.06957217628739343,0.670102963274028,-0.08612195116468291,0.9256037064404735,2.2766682968013217,-1.5213869273169613,1.2207554198374673,1.7740526119087432
-0.11900827336918116,-0.4892802097144537,-0.48143314436903245,0.18491989720906457,0.7724745214155376,0.40719892355474097,1.08782348209637,-0.832714612738477,-0.6115227446756597,0.23026317617788475,0.31787379426345796,-1.4278103450704016,0.4193593442985445,0.6435495424918951,0.5762613978688846,-0.023277372115186597,-0.30556583524422387,-0.10536209990433554,0.042331058536312846,-0.0929890638376015,-0.12594004121961797,-0.2210839796078779,-0.12291274842040494,0.41717899162126065,0.4210497583032569,-0.35256211590742137
-0.288691536237195,-0.636059436191137,-0.011394750193775699,-0.23407419913769675,-1.1139871121339022,-0.07566305057098635,-0.075858032636904,-0.83587373864998,0.36279044015990863,0.07521914636416571,-0.15082034603125988,-0.4047191275911272,1.1534882705622633,-0.4788790578961066,-0.29823466156255146,3.0102204263952252,0.6179901808141869,-1.0026279578182635,-0.24232442881262325,-0.978011368766319,1.7847957038329094,0.8596274684645832,-0.6966681267041974,1.080967556764562,-1.208250678198784,-0.8317091516501798
0.38031657274854663,-0.11257006746365229,-0.523125321887791,0.17932844418009183,-0.6109009503317414,0.32855192945205686,-0.48555704086569207,-0.6862018974464529,-1.1287361467532484,-0.18787515870254254,-0.8428454286984973,-1.1291171930468187,1.796522248859816,0.01953119617917767,-0.6944462468502014,0.5065795442567249,2.2365581041785267,0.30836227169385627,0.22968337745133632,-0.1989321437631968,-0.017899230444551432,-1.2753862144222952,0.2138698825452474,0.5475630029353761,-0.38700287023903335,-0.334637096105164
0.6514484188125425,-0.16595625351553525,-0.7573782068218351,2.461371235362337,-2.003294245612797,-0.928977046455366,-0.7241949723505697,-1.1647565317957287,-1.0632670043293122,1.0711823280790138,-0.7555075510053132,-1.6236742247755416,-0.32524392668625046,3.324731375125943,1.2953804938593283,0.7522180204576059,-0.75994411814618,-0.6631798497555876,-1.1136725733938473,-1.5985197631847834,0.05435344806829178,-1.2662534947470745,-1.0675182457907153,2.4248107810572685,-2.299619959042725,0.0014407888676101128
0.05701871598512848,-0.8480968142288109,0.07308827726488877,0.11017012205149623,1.0977130409899125,0.9932857248773589,-0.21294057273442402,0.00021059298294617268,0.4251999459754609,-0.4472559658047769,-0.39039643188568895,0.16023790496988266,-0.250202532534926,-0.4612849138962888,-0.07662131379362468,-0.5986085523938767,-0.0703134887917458,0.3906861371970611,-0.88080341801159,0.06959734958819529,0.3758308166367803,-0.0030227344395314516,-0.02726211271186955,-1.2110912861883547,0.41214477005637834,-0.16954404173105872
-0.5266232039609066,1.2197430844451842,0.21086288973874898,-1.2334772146048831,0.1930919941037631,-0.318743673971503,0.8945790717210175,0.2180427408438221,-0.5743953140985569,-0.860805018629156,1.5602442118136528,1.6835621244712236,0.159478970277125,0.6761451646826832,-1.4955887551749838,-0.6694694534159047,0.6948296877663207,-0.6677262027841413,1.4688263117989688,2.839321751578355,-0.2504017458949828,-0.6625807242149868,0.053938729783696064,-0.839203357813535,1.9529636272330495,-0.8467993220629217
-1.0568175654226895,-0.6196546588495018,-0.6602504159592031,3.0779403946527863,-1.3613960313918632,-2.0768840338520755,-0.056717640309293604,-0.400802528128662,2.3668796939923604,0.9187970390239104,-0.10529319024722994,-0.06608972169708996,-1.7653624667550996,3.001221590980572,-0.7393952885993388,0.029378382363641813,0.2091296192282252,-1.2709436620166505,-1.0558157739176266,-1.125194062974696,2.515545805182921,-0.9127469916262246,-1.8813982804889708,0.9991371713236544,-1.6724977857583556,-0.21108407877015437
-2.0029039022565867,-0.3079657635903745,0.43833158665987737,-0.10708503258603819,-0.8616526453846607,0.533127741492967,0.14758387195074607,-0.6684069956725187,-0.9784876165404187,0.6978638310951879,3.2739451853481873,-0.8079927856319228,0.32502958754732963,0.2691655390434137,1.248448736848005,-0.8716792203535446,-0.18705207990499587,0.8412841399433384,0.09761316941503294,1.392572325989743,-0.6163132547404135,-0.44669728143073323,-0.0902022428684488,-0.5342133137621271,0.20713385768693457,0.10476306371029799
-1.655901841213891,1.8363318807694462,-1.0629618130195688,1.23050568356134,2.46207924295447,-0.11429453426003025,0.005654783994394619,-2.264016521401933,2.990766207067758,0.42863921159734697,2.908098910099241,1.1441533295004394,0.159478970277125,-1.0331692630022487,-0.5318292457815438,0.34494954405458766,-1.1010022754916329,-3.2546010760312494,-1.3234622690555917,-1.2977659675516335,-0.6076461828223647,1.322815718891936,-1.5203669289702317,-0.5751547351472109,0.40816880084678814,-2.4421667673965173
-0.7103794466948666,0.9714522939790389,0.03987970816045159,0.16222853442350096,-0.12355584823078751,-0.4010721866069953,-0.1810438820421483,-0.46494000917011025,0.12694558716371507,-0.3428971140776746,-0.5637576885719596,0.1353261424857288,1.0150090058345578,-0.2798472445370777,-0.0061095730587240995,0.005015473886155096,0.4161141565559837,0.09907675181371486,0.6793957314734766,0.10902896154849703,0.515456870112317,-0.41143093314641876,-0.39443581658990406,0.5461821883362894,0.18689544059030447,-0.5928333401316345
-0.15474075105092341,-0.6831610035897067,-0.3034141641698884,0.5210010428222959,0.15841852239205476,3.207263228298825,-0.5929157173867401,-1.0152786317006524,-0.014831896115076,-0.6014375934378716,-0.7821765619770782,-0.5533650314842232,-0.6034934397507739,1.8086102099397812,0.41912669525038876,-0.28702924203384705,-0.849334830330095,-0.9649758000206103,-0.9527469372806462,0.17200296786133026,-0.3022763005399827,-0.4566027696938562,-1.1109230066539908,1.2260290536316054,-0.11127552433643928,-1.3859149310846606
-0.17634782717003364,0.2321165576695137,0.19486006683977547,-0.022393359101329814,-0.11742358673349558,-0.7798427746608142,0.3294528037541113,-0.33966332454233805,0.07632087673035982,1.1402580550941537,-0.4268013074966738,-0.24147802106461672,-0.15165636067290736,0.5145803886751339,-0.9889942615239691,0.4218536103580903,-0.06457969188668601,0.06209563869906968,1.0759414863520955,-0.5295177373443843,1.2057725676140996,-0.8659593662131715,0.356861317023148,0.10169640328303368,-0.0028488001002795202,0.6346571503641113
1.9518989993329632,0.3611658542693974,-2.1307266373905116,-2.0190529386084672,2.6532800825518335,1.0091735324878175,-1.9813524473945274,1.021061913923331,-1.4769877210511067,0.15149622093780482,0.49781756728265947,-0.4634964123732705,-0.31769633832522887,0.0896157042025597,-0.21018238337368406,1.656686284627752,-0.41105948078407334,-0.0019863456984889373,-1.3234622690555917,-0.4910085125190851,-0.559285133587793,1.8577172714669907,2.478537819201508,0.07646583825391616,0.916668951192308,1.012766154385953
-0.2127815049951493,0.9232364132716054,-0.27618773190413703,-0.05609922175877359,-0.009443188893554914,0.12944091072933323,-0.9294074425415687,0.5742912467190951,0.7240819711730065,-0.14781820897450185,-0.6952716974115489,0.04291325631694803,-0.194994116113195,0.11978007645582309,-0.8430038847621708,0.05491729990775734,0.07817268273583226,0.09920611257853036,1.4852515387451724,-0.9028160492670427,-0.15071046785453676,0.08493238120182428,0.3073093346278569,-0.5656306124084436,0.0013686805703771092,0.20983167616514678
-0.13776782415209582,0.005833891681794425,-1.6998741643987274,-1.0166467195662556,1.43563263037915,0.8568388793694651,0.005654783994394619,1.4590723719667,-0.6597884044258937,1.182468146191303,0.09108259068236105,0.6317149742781945,-0.9993753506143063,-1.3180550009497372,-1.1676428110063826,0.5690653690771387,-0.03472704730722304,0.8412841399433384,0.3344590758268037,-0.06956805093491825,-0.24903767412093797,1.0207035132330164,2.260829025964202,-1.1253839607899754,0.9107561587464283,1.9569386627814687
-0.5932080292706344,-1.0924649017707966,1.2060384387686849,0.2941921822581754,-1.0449466833445393,0.533127741492967,-0.11853316796741335,1.924458483637779,-1.9019910152813724,-0.16028964355418077,-0.293055998329032,1.5711852921856437,-1.7236593011714507,-0.5702299388375797,-0.18213178490788265,0.5690653690771387,0.7649793738310843,2.3772410959338086,-1.3234622690555917,-0.5813171828585498,-0.6075392826722138,-1.5256227335233408,0.995838649481358,-1.3611364763521485,-1.300628216011985,1.731444949184214
-1.6267960038497433,1.9224729626088648,0.3981900519090902,-0.36061529904534545,0.08716355111353366,-0.7856954128186941,-0.16317589579682126,-0.6742007848000768,0.4218574063870401,-0.8770122110653866,0.19653239943058656,1.255795672686114,0.44729899768806897,0.6575251818102986,-0.9374201213759509,1.0744245823632825,1.4125266937796772,-0.3276939935918927,-0.36988659356767806,0.34518287951299226,1.1923987240856586,-0.5266085785889136,-0.7548222164781248,0.6131316780607399,0.10858731692229805,-1.4157249221184973
-0.5698919778140539,-0.19283449075160938,0.6456153480180385,1.626761226774966,-1.0668418755923064,-0.7816035010771126,0.7651933843887947,-0.5867205011812519,2.265362105276831,-1.488093062370219,0.30347320986272175,0.24636599498137504,-0.09364961858653212,0.18999202825352154,0.01154180108637291,-0.38323566216202765,-0.7225291569551868,-1.3254810766985086,0.5098705491761356,1.2787948495601105,0.11468643100774496,-0.0697267139135462,-2.3749271989019656,0.5513802268057878,0.155674401246699,-2.0011076704855375
0.8438605791131031,-0.7725720493088768,0.08719058850007762,-0.2239618912785278,-0.8331797851190486,1.0674082603182555,-0.6791875142027581,-0.7458637687661799,0.5531251018740466,-0.5410921848463335,0.023951575126971835,1.3099909849121694,0.06947086768361597,1.063368497815192,0.5447327520360471,-0.8343783895592228,1.735496875212525,-0.8686485230363443,-1.3234622690555917,-2.116564578629444,-0.46099516874091667,1.6076768913119883,-1.0853138824072546,-0.39929446261259055,-1.9300822856144464,-0.9836847454241651
-0.22743998889046094,0.9561753347210828,1.4813875285002838,0.2796380863829962,-0.0942869320604024,-0.28872955156135605,-1.054768764363424,0.05085740193607693,0.9332573039864192,-0.704057114994607,0.6523628088233598,-0.36041524369095373,0.21952323560828724,-0.8442294989748987,0.2799037203915145,-1.3295324232123453,-0.581676516686791,1.0747283750506977,-0.0864639599205403,-0.20744864606460134,-0.4659751022212833,-0.6040259407588608,-0.12091820584238798,0.6564720981552729,-0.18347807850449563,-0.12238900051049932
0.9628390052204402,-0.11204940070790988,0.19394173268829334,0.637473965413959,-1.0190400871185417,-0.6399381247757473,-0.08092045137961817,-0.2699285275041742,0.47214646507255115,-0.240273817505684,0.13762010305993666,0.21112706458993996,-0.07450861842571448,-0.15641145524887215,1.1308806599626464,-0.9063836596313648,-0.37806540452281917,-0.6952169028186487,1.4673426303001091,-0.5503185638153542,0.5947036974649695,1.0435720884734485,-0.8284085650375771,0.1040221886717192,-0.42417141015299725,-0.4163654711756952
0.7016709852820735,-0.3171951652160265,1.9717382141399529,1.3186293072134028,-1.1204206989750776,-1.1806371060884966,-0.9294074425415687,0.013637860423583384,0.2946049580561066,0.25126769757524037,1.4016730708388772,0.380519702110427,-1.340214856758845,-0.3628498795963931,-0.05309903196519463,-0.5778803236853268,-0.7246698420147827,-0.7488830615526785,-0.3872243331220037,1.351288362405988,-0.37373188761934006,-1.342652207414786,-0.5643340380178468,-0.20019168667551954,-0.11215693439048334,0.03260152933783159
0.2705578769886632,-0.524379318950491,1.4737063450594952,0.6816322517629335,0.326598359320759,-0.35986850092496037,0.3311128649977525,-1.493722267601526,-0.39403921814857806,0.46113183808846675,2.554868023651984,-1.2118850853144805,-0.7196518938474091,0.4796722419602773,0.19606766337240944,0.6849873475370788,-2.1305093923593383,-0.2886152299806861,0.7346469866604856,-0.21074022525867853,-0.5727472148298864,-1.1931566115004046,-0.35246901629274824,0.205180395344774,0.311117448976515,-0.55054779469119
-1.5153803454197414,0.9952104907423927,0.3424563507675011,0.6888367158652945,-0.6313989778648134,-1.312828334001116,-0.25708997387521504,-0.7870886959333844,1.0364288898034801,0.07041471788534341,-0.6898933836713796,1.5394225842173228,-0.43431415282426966,0.016905440506676347,-0.800867713050236,3.4307095811419392,-0.0611636232126214,-1.0881824494000627,-0.33693055970408364,-1.1015249781197618,0.27324416676293295,-0.7896660310801741,-1.1943874852793332,1.0125118618536246,-1.0140288135733466,-1.0533059650750296
0.1345572469497104,1.2852953727141945,0.128786555798136,-1.0378826958844716,0.6878433456163745,-0.10094562135790665,-1.0595449689151306,0.7298075371831533,-0.11826856228565552,-0.6302184413761215,-0.07524545816793216,0.8976194128986722,-0.6529137495230534,-0.7189138613488333,-0.32469822865675085,-0.7132468256395175,0.8886453152442246,0.9257353815098245,0.522470774730993,1.3021306531902797,-0.19692179946183377,0.917595721033981,0.9044621571395546,-1.1567817919556804,1.2019459475501384,0.31373156385296175
-1.105041907162935,1.1248274134094007,0.03513337152511822,0.5701715319020423,0.07578657971296847,-1.0309677968335875,0.1848330942273123,0.5621236345333414,-0.31695181163121566,0.31196313154579247,0.5160649866007528,0.29353784528226695,-0.08071425370306373,0.10483998360360115,-0.9028773775197537,0.6821790088933655,-0.8225939386574799,0.11912941142022783,-0.3595026176569446,0.8588812489749812,0.3143742959801421,-1.187501350470748,0.3385966158116604,0.6373837210259857,0.3573012782168398,0.39013068254201133
-0.2540504297142758,0.6601395558663166,-0.07710280104438118,0.08501576175427654,0.4565044786672315,-0.4311182011178799,0.6345214343541865,0.23124518372810798,-0.3404727528295224,0.990001184167314,-0.4973850350372194,-1.1272932805272426,-0.7158258891195942,0.5549171910880072,0.35560415589397576,-0.3250137201085691,1.190355129755716,-0.11732729358262924,-0.6885136688878658,-0.9406304031453546,-0.21161312406571717,-0.32245716800282664,0.5027071948878742,-0.0671244308461551,-0.40238698061688444,0.7602535971661836
-0.255973678915686,0.1148253750015171,-1.1358907082156553,-0.9709031591972461,1.6210720947375412,0.14269751413047224,-0.6162329754479398,0.8054002761844209,-0.0529107930155834,0.6473071468230746,0.4605594014872121,0.9198800544413397,-0.6296035138718495,-0.6069280062258533,-1.0288316051634026,0.6563165681317192,0.47806180288833267,-0.027918982225314897,-0.4122383237767178,0.35858236783477637,0.16360581131644064,1.2995487364173457,1.327848077690308,-1.2057500707638045,1.0036005408927735,0.8611686664713673
-0.5031492316483246,1.1413631527090493,-0.05901522525242006,-1.3721284556542368,-0.24031692348676748,0.039331090494918286,-0.971009787366262,0.2601115418988352,-0.7354119462835776,-0.4657341006327696,-0.39071835146752143,1.0283480514841126,0.31661175955053955,0.43471657320176055,-1.014616495308201,0.626043968659143,1.8267364866418312,0.7718623566217353,1.0369681202684966,0.38146508228590936,-0.2548400091001695,-0.5954201087572106,0.6463045878233095,-1.2469038280686697,0.36046559399529826,0.005654772218026567
-0.561134775389047,-1.0924649017707966,-0.14796097019317161,0.09637947071525316,0.707963905032327,-0.7890726808194923,-1.9813524473945274,1.511510243704286,2.6022877820574792,1.6761730118056544,0.38324433443750466,2.4914090990988305,-0.10167129921953565,-1.0893439155552747,-2.566432654501028,-0.804038629300461,-0.5303197589985685,-1.5239453509715646,-0.48282609418564476,0.47821975225094093,-0.5373123946387727,0.6074755299685661,0.4802711841069431,-0.6213121271749545,0.5044390553177049,1.388310416714958
0.475682248048385,-1.0924649017707966,-0.6340208416825841,0.23686686585185904,2.071051961973396,1.2598262142769425,5.317857790360697,-1.3522396495565536,1.815304177970029,-1.263629825246227,0.6084937513915838,-1.017151297967533,-0.8811249097070174,-1.1261931774340816,-0.6979193199627262,-1.1461067611974842,-1.9279095953081136,-0.7469162499243591,3.548796377129407,0.8912670539012878,-0.5950922334521613,1.4728558832743008,-1.023832676673075,-1.9951719793839235,2.730327532040227,-1.863025495572567
0.5128610403029595,0.3196335469539632,-0.9264805948668914,-0.34785136149256635,-0.568382184648855,-0.20678343079617273,-0.7039906557873633,-0.9875289008184017,0.5860357883854317,0.7786312169445406,4.371484011095024,2.1202263870666207,-0.668274116073897,0.024977763659851958,-1.5854631538684196,0.08881717260024423,1.3361982460727324,-0.4459940707915322,-1.3234622690555917,-1.5901940429365657,-0.5482129963730343,-0.05205841392648533,0.4882017452633512,-2.622916327129777,-1.5160227979689715,-0.056492256957410926
0.0026187623718980594,-0.14769174611265382,1.135413077224625,-1.0045652550333115,0.43126013850437483,0.21985889838667802,-0.859654816771749,0.13797631302944285,0.007517277244988942,0.18546858753478104,0.09934363560733696,-0.28847002918540715,0.08471417538090356,-0.886131462771287,-0.10521885363068444,0.3883268005105652,-0.25256822295780135,0.3568245982689247,-0.039910260114382416,0.6567855556663652,0.03057557707107605,0.14373304557228378,0.5456207023857292,-0.3757154362492497,0.5638087568415152,0.3449202190007676
-1.048648234389173,-0.6217654188625433,1.325459504652277,0.3744476252270178,-1.0082878757525635,-0.34551677560038657,-0.7039906557873633,-0.8279679482454603,0.5860357883854317,1.0209333744925981,0.42034423840641205,0.5829113213998856,-1.1152607827034493,0.2081185951975235,0.5399707641688986,-0.19933174528589243,0.4222480504860955,0.4316956183458794,0.8081508886503453,-0.8006382393972487,-0.33967317144791775,-0.6494436582206319,-0.6406980852314299,-0.6801404954863776,-0.7406023029238146,0.2645113253063473
-0.23970750905227461,-0.6959671424016302,0.19936627689796999,1.0141733222494174,0.8587968083903724,-0.46020968520386984,0.06304127443161965,1.015527485753108,-0.04184454319431687,-0.3197469148045947,-0.21678299329066883,0.3918370919900437,-0.8027466391273123,0.3573199705898262,-0.858687916135396,-0.025610195513384268,0.15389203637882798,-0.7704540858372758,-0.17428935130317327,0.8098275692659791,0.4393000691741312,-1.2320409218099013,-0.15252419809226536,0.3435519351163432,0.8494296147139105,-0.000948697164684475
2.9174768851847666,-1.0924649017707966,-1.182382878903161,-0.14470477147768332,-1.0449466833445393,1.5447250473570249,-1.2827952176093596,-1.9149769376486236,-1.6167914362584308,2.4898902046276947,-1.2534024708575138,-1.9518283999672912,0.9924055134178412,-0.036069180186038254,1.606093867286977,-1.4269661975299537,-1.734103192226126,0.8412841399433384,-0.39088151255924425,0.18630651502689752,-0.2298170248817639,1.3956844020186843,1.1380628538801496,-1.0965367983769383,-0.6409823087687071,1.5748520925194565
0.7610078630253525,-0.4356749256197455,-1.2597486857048237,-0.9469675752832293,0.12728262918956731,-0.5100609752518956,1.880439015603876,-0.48287100430863383,-1.1907291637202824,0.15315355443676515,0.23657029549066314,-0.8420418457795802,1.9997858320249795,-0.4690765725813077,-0.13301993975347173,1.7641015789149919,0.16719218195029045,0.011221023084700774,0.2628544994697571,-0.647623548788854,-0.3302055591017459,1.0177552997002761,0.593985956365608,2.026315850563004,-0.16354519033206874,-0.018955971707440275
-1.116608024322625,0.09702837633670272,0.33732563098731877,-0.04044693914620509,-0.03054321694564469,0.24096967481742668,7.595018144317425,0.3166082711135094,-0.04184454319431687,0.25174794535688844,-0.3277255460737424,1.2798169133137898,-0.7023404885807625,-0.4448853564825247,-1.1341306158717879,-0.4139697478990317,-0.4620070123919502,-0.8296004427466559,-0.4615825807412778,-0.60902922971362,0.43535857703513264,-0.34107386580231497,-0.6007905550121599,-0.44544382146436157,-0.45693463686638025,-0.14566989321586835
0.6643507460566735,-0.10891374345504343,2.159624561869011,2.0130960727102547,-0.48959310564520564,-2.1242024948066485,-1.3140738995400387,1.0700929353460964,0.9868962627818559,-0.30268736674007285,1.2262981223876712,0.9401977652328795,-1.846895674848338,1.6541111307710772,-1.1999079770028669,-0.6853142485863915,-0.8463693851789378,-0.6870312391516571,-1.3234622690555917,-1.0166858473308926,-0.5463624332557137,-1.4744092516522957,-0.6631500214289139,1.4742232787672254,-1.18810865827326,0.22982647323916777
-0.16314839285839222,0.13164520857884018,-0.13421346162766806,-1.1581083259550928,-0.42129297523956566,-0.659492240157291,1.0637515140219318,0.08740804283088789,-0.47393285488992515,-0.7149402867030811,-0.7866086746130195,1.3451095472346535,1.3290966439941736,0.20868559467596828,-1.1491392583342048,0.5794732247283407,1.9162595157175022,0.24528845836189642,1.263510974971428,-0.06323060038478018,-0.293962454748432,-0.2477796217354455,-0.02741295019019059,-0.26381008010006807,0.10443798889010536,-0.40871015869303057
1.2998867992341343,0.4954369682811426,-1.2471292399243856,0.5310907789734334,-0.101976150707574,0.5721290834057979,1.7891733230121618,-1.9948775652548028,0.3566980201934899,0.13346523118405101,-0.5476056657462199,0.32095918456510597,0.8575839828623247,-0.9370632309235775,1.2944111632498003,-1.8206033676090947,0.23505343211292876,-1.4780725486205852,2.2720298041833384,-1.2287106630029025,-0.5044734380280689,1.5406249538038828,-1.0525584676121362,0.2521336458250302,0.025475776518391426,-1.3313008155385646
-0.07836258000619964,0.05358601313625482,-0.9487329673917848,0.14153237226309387,-0.8887482857787298,-0.6350472343222237,-0.3777080242355334,-0.1515682579905999,0.2969390722578289,1.1763228016158085,0.7424480242234182,-0.40058837899560357,-0.004272183761881681,0.3076516558158231,-0.725337722154321,0.6494547410960968,0.2434317078713187,0.1645726694779714,-0.15570897396451316,-0.3143176357679593,1.8001360285851775,-0.07991320893590774,0.5142831275489754,0.16741229095122961,-0.7237453356402231,0.82012469044322
-0.3117562171187287,0.018174327563284094,0.40766164999635457,0.8938536381489665,0.2669443523907713,-0.8490097011257911,1.5349805744454186,-1.1345401155485275,-0.026296405677307344,-0.48188450153580137,0.634919244788378,0.31887807577173033,1.7089583431544324,-0.3001486563733173,-0.5089685333240214,1.2867396402167672,-0.17849449380399715,-2.0120291565782846,-0.6528423992155216,-0.25356773881757205,-0.2398774545117094,-0.9920611494210262,-1.3347146426544567,2.549156987600331,-0.16557137401392208,-1.7831247553848335
-0.733446215597457,0.06702942562783316,1.3128520020956513,0.005884505903828103,0.5616981244621381,-0.5395807212649316,-0.9324923252537475,0.421848193462242,0.44762975891740675,0.4894318676129889,-0.05085718121041154,0.07219039677746353,0.16627576981314535,-0.5185369621938822,0.11852785553934701,0.046566598130136055,-0.3255293822666072,-0.2997982516038344,-0.44831317205022164,-0.6038281417408208,0.21990598036180983,-0.7708385782112572,0.007099883738126393,-0.45380201436525264,-0.10237741843894185,0.3498700904384815
-0.7416098938598211,-0.35203874888140935,0.5042719504864513,0.28787995640669317,0.024749084255021807,0.2639746605619455,0.22891402347629572,-0.1556605638089095,0.999140282944505,-1.434758154814678,1.3082408165386847,2.011651968303641,-0.845729496833195,-0.09848796546666788,-0.5089685333240214,0.6521644952090953,0.21686598406213195,-0.38287930662884195,-0.7869663731835357,-0.12936794949678077,-0.11744716408273483,-0.3073530546938073,-1.1380309602007361,-0.1561434745936148,-0.2875476316614736,-1.4019234764946227
0.7463219857838899,-0.36564952375069953,0.18744699446745644,-0.03627140643705958,0.6154816605273015,1.2948010070847285,-0.3376883773117796,1.1853158356895945,0.13355107813726896,-0.9709328912333426,-0.5190198742180864,-0.23742066742228027,-0.31769633832522887,-0.09891162238033745,-0.21018238337368406,-1.902800348083347,-0.17585170986104204,0.17871447265333135,-0.006877671648983473,0.8636215425728802,-0.3621542017778261,-0.489129302075604,0.3106052740150356,-0.8966807345081128,0.7836311211600498,0.14476661700953153
-0.7824310371279068,0.6069085895312067,-0.34575105630894004,0.18956116062257797,-1.0927396846463986,0.18993828299925777,1.6055087439379105,1.1923754598342762,-0.08564832862905696,0.6446360409938962,0.16372771066732375,-0.3339401115417575,-0.48469793016109175,0.031274869615302646,-0.467701344647119,-0.596465354177674,1.3492920884163804,-0.719611945227493,-0.297356221793135,-0.005049535735377219,-0.2511186858817629,-0.4562515112448098,0.2598820227834926,0.16130998064785343,-0.7346774089788665,0.723261834008242
0.9927843690111793,-0.13345140229036367,-1.5436253962849213,-1.6738181084226973,1.6412064841797511,2.060828953508875,-1.2377738576855752,-1.7067142338290813,-0.9920403140882866,-1.2247693663582107,-0.6803890870411429,-0.865826636236156,3.305973238643464,1.0255892091504968,-1.0436525564989192,2.071713052440394,0.889673722241423,-0.3934421725645935,-0.5789487337237883,-1.503742333332122,-0.1272464690706464,1.5309834987373594,0.24246265066566297,1.2372250021292193,0.050401833393909024,-1.8087633122469227
0.1160840934549582,20.513413002214595,-1.0942853712841174,-1.962169861865845,-2.328004949063689,0.48006034184108154,-1.9813524473945274,-1.5316055915589233,2.5053554845922816,-3.340505461372431,-0.7023840030133027,-1.2640269190849744,-0.1064875951733673,-1.3320657749471547,-2.566432654501028,3.159256461550879,-1.1359621190386624,-1.6431052533527233,-1.3234622690555917,-2.116564578629444,-0.6615254192027715,0.9718986270491611,1.23642762995058,2.687600625849008,-2.808390289710901,-3.870661120239625
-0.0799657849904433,0.20530610143357786,-0.21420990494537218,1.6894427170228477,0.2324964477325137,1.036048765327352,-0.6117522769623384,-0.11326057424806191,1.9514276585486556,-0.9652020350807547,0.6105522799800431,0.14992574022897928,-0.9714817017525866,-0.7139974953236615,-0.7633377299246799,-0.8506617938118861,-0.713690048186136,-0.88848795345512,-0.5398495546254005,0.4634573031037001,-0.09923208922158519,-0.6797923882182874,-0.9145082205108414,-1.2340419529452442,0.20053533657665426,-1.1106784287230382
-0.8532344439576894,-1.0924649017707966,1.1915756799246513,1.4508147426914968,-0.8362832283659924,-1.4942672742733392,0.18441668024391675,2.2191493432772513,1.2546123991409421,-0.05391564272750367,0.9763293044594813,0.06844651692317766,-1.5808074493314603,0.13397507516324098,-0.031978581355650036,-0.0009177845269263552,-0.13434445616874252,-0.02324526550458503,-1.3234622690555917,-1.3515970181069223,-0.3241447326240946,-0.92483028227344,-0.3828456650011295,0.37187576228189606,-1.5562695364661272,1.030013897913697
1.6839929963220583,-0.2953125516842386,-1.1245984921852938,-1.291500037690733,-0.5896679438958086,1.0552424800034486,-0.17862411246506196,0.25807595475101197,0.3673389683420333,-0.7416194167037534,0.7602272296054322,0.9513001850619602,-0.8124633633737529,-0.9320807753434626,-1.828068514239925,1.4366104981966896,0.8939642804662948,1.7000987820025257,-0.8421302657026383,-1.225130606891505,-0.4197499522151032,1.4169593483225074,1.3347356429209636,-1.2764332831280372,-1.203353243515279,0.5303857144325775
-0.7543892270893549,0.16330322867408958,0.3553529876015347,-0.28187002634758335,0.24276878116124986,-0.8357414985292504,1.101934635795179,0.3306588598204899,0.367873268823781,0.47652308221583767,-0.20591022042263568,-0.31907052812145825,-0.18964955471013017,0.6658044845393988,-0.2401165973444491,-0.34000698831923326,-0.04053253856775546,-0.04330812993139115,0.8429685264350156,0.09017940948407341,0.8379447330764571,0.2638634351463415,-0.002633415485495332,0.1363945565047968,0.442465143237036,0.3822424517683594
-0.6951722542971728,-1.0924649017707966,-1.476479533691112,-2.137427955454522,3.4170320616190715,0.04997678943849124,-1.3140738995400387,4.404202392094127,-0.9201098775506483,1.3427974345191218,-0.8377301170765289,-2.2721023719811946,-1.0685606832048393,-1.216006378401383,-1.7123547310646772,1.8736201714472087,0.3472222881618192,0.2299579883053399,-1.3234622690555917,4.207738126337224,-0.36519112189566505,1.44285581854251,3.7335844933786975,-0.9651502916435759,3.672736236039673,3.3757560517837164
0.1658589792602634,0.06363909133719384,0.7974926870616583,-0.592841661081665,-0.16706471206301587,0.7035020245858611,0.7638549117612202,-0.10854400418851386,-0.5210246326439713,-0.5136469566450973,3.851597198899153,0.42494160287272725,0.4034483009911108,-0.3734338698606961,-0.7593835743883282,-0.31560236127503516,-1.2693615220470658,0.6257112338394123,0.2472000576750988,-1.1469346444583526,-0.4266202075375388,-0.9136953894386521,0.5160614674131384,-0.2875871506414642,-0.5864251284703906,-0.17126670309916014
-1.301428443928649,0.8781669046632782,-0.7795510537934358,-0.579401754364395,0.6924001549258884,-0.42716367230334495,0.15777017012943206,0.40805684704445433,-0.31724566709009916,-0.13492907084430625,-0.5595636318536823,0.3023486949248215,0.9357450225488974,0.28084916465985216,-0.3213110701185829,1.1642054785867826,0.7458476412679669,0.2729555693057158,-0.18116239506963505,-0.7061937652896749,0.4204100525931504,0.9119781790324121,0.3106279321255445,0.6411626150724432,0.005137024846888856,0.0031267114851329697
-0.13416750632507174,2.8145268535941517,-1.3877115890192189,-0.6495230068023269,0.10625579222165427,0.3667939552323152,0.1391691038900929,0.7379998194960952,-0.5507687673676731,0.8159821424163758,-0.39174773068373747,-0.32767224939876255,-1.828437137497109,0.05682834305770778,-0.7570027455607754,-1.0387220713020298,1.3181359892429567,0.6308236347746833,0.5638157836168584,1.6699744528371092,-0.3846774346488344,0.39656887719627876,1.6759883330575038,-0.8530185336582014,1.053387669802534,1.2138513188586428
-2.0029039022565867,-0.4200370690447206,0.7307913398441847,-1.13894072789973,1.0236574593455183,0.46706424396715085,1.3641189115766168,0.6232769061084351,-0.6680663060392581,-0.6867199263222814,-0.33225381353427585,0.865275313052959,1.5311840848016764,0.09474569948372681,-0.8536287645075846,-0.597251679509605,1.5538054354981221,-0.07820029629585519,1.1126670540369077,1.1419196899455153,-0.3215946326810901,-0.5896594701928415,-0.17738781599239203,-0.8956625036193752,1.499501349428864,-0.5325076294491418
-1.0051249383368892,-0.19283449075160938,-0.6260355924488831,0.4763419077676648,-1.0668418755923064,0.47788693298161866,0.15484986621472355,0.6331311498883341,-0.2887801996931296,0.48009511156963064,1.247431517330991,-0.8029958245863618,-0.5919965279118575,-0.2475457945327235,0.8708666196155065,-0.03903047014787102,0.04169540932032893,0.9391380529529699,-0.5086476831748239,-0.3560078380867115,-0.3287037143783154,0.15953967577939704,0.35375530233819846,-0.3834414299624875,-0.9558498578624027,0.8753177378587974
1.507465785035803,-1.0924649017707966,-1.1962690493547414,-0.0324288065685103,0.2977887110127102,0.6084094014642453,1.1377868111811058,-2.0908495961289733,-1.4332909319258407,2.9706205026699886,-1.499072498713637,-1.7954155299139896,1.7225847984562652,-0.9801672652445763,2.756657659009249,-1.5417929828794437,-2.4896397819643523,-1.3495381848802785,1.9152678000169951,1.0253370685295953,-0.37112747566399445,1.9270799709331872,0.1607785007054743,0.6876625247072363,1.2590608858489685,0.7643642667023205
0.789749671203466,0.11115021434163179,1.9994523696391266,-0.6677737437382272,1.3278323012045734,-0.04334414787613998,-1.5730632902598174,-0.22396781270679167,-0.2819532239364444,-1.326852827868029,-0.10887996250165155,0.25499088664905556,-0.6342568659498827,0.16881439847482682,-0.26705208985229595,0.5230141721546968,-0.020120537332094176,0.11187992339991878,0.3117478245270448,0.5753760605304802,-0.43484860819252885,-1.2618276382890832,-0.06251675730221036,-0.6393096568343745,1.1572305068670758,-0.9103341219549537
-0.6937597628682339,-0.5789745567799748,0.37629466931775163,-0.19463642491568495,-0.568382184648855,-0.7869410545228844,0.2249997381087566,-0.6974180779585083,-0.7177337157194439,0.888768561284567,0.6598072549329946,-0.19572877679495473,2.0136458837034152,1.4901044159612225,0.8223710749570738,0.19359859728611195,-0.7409612893514425,-0.7651539577505913,-0.703356623177501,-0.5853048384319806,0.3446594682397033,-0.3630626447126543,-0.6680486256901778,1.4649290810932123,-0.8345926659595914,-0.14486072070479722
-0.4756060983714813,2.3107144582231474,-1.3589914974634032,-0.2992459523705913,-1.17144538559854,-0.15076902866865,-0.7219816669367601,-1.2152590866502053,0.28855598604037586,-2.0664283888192667,1.2489087603786717,1.192269606986096,1.1714362645766847,0.7162699165062729,0.012642088946205235,1.752775712506103,1.5721947754495633,-0.2547978192611289,-1.3234622690555917,-0.38670835804252063,-0.4489856049973953,1.2724172037714627,-1.0986707141029814,0.12919660237284508,-1.2793921304669298,-2.3530167941433406
-0.5242019375860073,0.6548286332674161,-1.8880528136698427,-1.23795718351064,3.037511434852756,-0.20257939004452996,-0.6265747896293534,-0.06400944804774106,-0.8994712829583051,3.2126665268591146,-1.1660982460821971,-0.17576364607200995,-0.2619226009561225,-0.6187900078059015,-0.3121845596129634,0.41625912474358095,0.1591411759990331,-0.4619520651394853,0.4851791980888397,0.11652254249185685,-0.36761378466302747,1.4962822286425508,2.2377999266584627,-1.0857356104724616,1.9890344902402006,2.0389363768168325
0.871586143948449,-0.5581573806316982,-1.424452607045578,-1.6948413637534128,-0.3305953245927963,0.9705752251098568,-1.0147002807728898,1.9621924926921908,-1.6902752917544324,2.068726488213926,1.2746447297985446,-1.274925032089258,0.09683819617488548,-0.648188536046183,-0.7105444100609578,-1.4843201628862313,0.22463719738628193,2.4574983062468228,2.8706306466469007,-1.1207284300212963,-0.24086501664291268,1.0418987780900049,3.4788078117834598,-0.9159569399449012,0.1256332050545589,3.658815667949163
-0.007642051261084956,-0.6217654188625433,-2.1548115582409837,-1.5516830060252071,-1.8880992579599802,1.180550017245964,-0.06530975998378132,-0.03016318538075332,2.6720669949532327,-1.4020882009879738,-0.23817905704168998,1.2417606352570576,0.2256992171852069,-0.3413038994154902,1.6844351815736087,-0.4874806631720291,-0.03472704730722304,1.3093853074832913,-1.3234622690555917,0.5152880998349467,-0.5452558652398427,2.6836951493148984,-0.9691554931259998,-0.7489757468939238,-1.257549299620587,-0.5493005733905042
-0.5979423349371473,0.14055245470404573,0.4823120207839208,0.4985849424179097,1.001011091721132,-0.03891896785219695,-0.49419526797662316,0.4296112018668492,0.29817649246872124,-0.6605730743544184,-1.0637290511273558,-0.2266103927156838,0.790705232384308,-0.1471213129618266,0.2887800292529258,0.05886406263287019,-1.7704723771791415,-0.3934421725645935,1.1582495153837529,0.02831327991118192,-0.055239012955513284,-0.6758231677440575,-0.4811050115830227,-0.0851332006799424,0.9531782933217418,-0.49414409127508374
1.3336543770001055,0.4672493611204569,-0.7690022662291875,-0.9191371478329082,-0.1414914548204043,0.5139732362931738,-0.6586405330084107,0.5117775647782312,0.5258618112728992,-0.22928840883228807,-0.5771821736333164,0.09299772904455217,0.3103357457777848,-0.8072835299551276,-1.2120368942587678,-0.16693630481348648,1.3091582994577429,1.107880219089613,-1.3234622690555917,-1.026448084590939,-0.2948957808473116,1.3067599073555327,1.196432416833143,-0.9846774791693356,-0.9883697983820322,0.7613592734522359
-1.1114675730262127,-0.18352796925830744,0.584225302616187,-0.4225719463256269,-0.6290588316976423,-0.024994910018237816,1.101934635795179,-0.7234280138011195,0.4871291363498896,-0.767089443275824,1.6011446302443881,2.392853689352347,-0.7196518938474091,-0.7581071711908802,-0.9878610442876352,-0.5669700198302735,-0.5862487170577796,2.846855521558481,-0.5002185667691608,1.9491940418948557,-0.5330168156815849,-0.37539181627420143,-0.07397977389938083,-0.7907724413397723,0.43589775852401297,-0.08782869213711775
-0.8555583778412211,0.6283719174636777,0.10813509112920713,-1.013194872556843,-0.5305408348764931,-1.2718974973575552,1.177714349053298,-0.13653715376271428,-0.31959335102505176,0.6197018447893634,-0.08948024839211871,-0.09955266320485577,1.1741440438687007,0.11162503879595462,-0.6677820081153342,2.2266962407877093,1.2870611387831283,-0.6875946733927982,-0.7733685509379306,-0.30539714398728274,0.15765014865866697,0.059360766111207594,0.07174612516968581,0.6150815778645633,-0.6961337440681779,-0.02989995656391179
-0.6717322025669342,0.6117918466901204,-0.008762059012684942,-1.0618480610084773,0.8575190209976483,0.979625862701931,-1.9813524473945274,0.4320133668994907,0.2353667493503272,0.46113183808846675,0.1705595401329941,-0.15166779864776664,-0.7196518938474091,-0.4044559102905497,-0.5932181417342867,1.3805192182967185,-1.0274660528582253,-0.7123274937021951,1.763701614518524,1.0598093436551652,-0.576297416098392,1.0217792127652316,0.7401682026668739,-0.6423767259013626,1.55892054445148,0.19154887921628494
0.5401933944261852,-0.49065734371458236,1.7377075677024867,-0.20603009925995372,-0.6406954489398757,-1.0189119606546293,-0.5523403974230424,0.2860443644669936,0.4681607373293746,0.6867998056363732,0.9435545279405207,0.25499088664905556,-1.1104983676860873,0.6371197211282326,-0.3715693882454203,-0.12170258475949026,-0.312250736834672,-0.2247681765431985,-1.0509272534584857,0.07063719068799433,-0.12565088244168385,-0.955143886426191,0.036293959013102894,-0.7853580516481241,-0.660345691564497,0.6677425278772996
0.41521432505785244,-0.8802332508620834,0.2570159586792679,0.9048314222385003,-1.5346162630151325,-0.6397387000885499,-0.6854781660539262,-0.5373665998396686,-0.28356377457791665,0.3740139264818433,-0.877614720737673,1.4907299948681412,-1.3520701439290899,0.3045550717076981,1.9303357488282662,0.7801889723592514,0.887317715229054,-1.1176174850879865,-0.5545712105594084,-0.5739005287726998,0.1330337683985383,-0.23906841219908126,-1.3166820598139204,0.44470930585937846,-1.3516153392771646,-0.3699969462559007
-0.49419928902747395,0.34009874186301764,2.633899009115984,-0.49963882971624707,0.6843927182769234,-0.1705921234559433,-0.5234938808863511,-0.07872521442469202,1.2889376079897996,-0.20637972787038708,1.293603391065852,-0.2669088080680616,0.5625587340654489,-0.50055679640477,-1.3224495921046042,-0.6002345875622564,0.2434317078713187,-1.6518633828238023,0.6227932227628724,0.28643134518586877,-0.47831139623939595,-1.0415534648917415,-0.501890728588615,-0.03053595663452951,0.73157283984308,-0.896448354332206
-0.21972962239295585,-0.46166151050893833,-0.8885933390299967,-0.49274137308086,0.6196719855814541,-0.4729177221053409,-0.440692724269103,-0.21120937151648395,-0.5583193972851781,0.1664587589147019,-0.9782298057871318,0.7887929725498927,1.116439717713955,0.7725009024696449,0.004412750262583221,0.6312800365211774,0.8900132431220131,0.16429992109367733,0.20009021124475895,-0.9879079098814729,1.4216992596774134,1.1826560539165838,0.07613263098908064,0.2716729612238462,-0.06035679737898628,0.027621258899885884
-0.36672329797298864,-0.019985067296295518,-0.2786267112307672,0.8986477337323698,-0.9915825963435617,-0.9478653486110863,-0.849512885210964,0.32127486205838346,0.29227506467572556,0.40137595898996986,-0.3798866016317882,0.8414471281033329,-0.5739731315528946,0.7019033688370675,-0.49687674599341514,1.0736299299326095,0.46852400975630487,-0.4104420833834346,-0.46002402795951597,-0.6507225804973787,0.030924200801334997,-1.0397620468016018,-0.34342916573673316,0.07044747103008397,-1.0416094149244686,0.2526074663099368
-0.9323656288269929,-0.3914231187159514,-0.046612316137932014,0.06708635428251407,-0.10039740687895235,-0.30714372278219965,-0.6496348348679096,-1.1233254561996284,-0.4958155022547839,0.7734758518903262,-0.05603431574753402,-0.9637491246052495,-0.3829634777997151,0.7731275435584241,1.0374127449861434,1.6705708069539305,-0.6472681358386922,1.0330064266485317,-0.3075445087872302,0.07851254894085591,-0.07819411625508328,0.1618228556982022,-0.10282191879009987,1.3190323632702479,-0.11366658352560274,0.16600737917566447
-1.5374133325651655,-1.0924649017707966,-2.2746487253994316,0.3627029262559679,3.6804630269869634,-0.8090891716534908,0.1995091480323381,-0.08464741308858702,-0.5014987735752205,-1.6857590195808212,0.03486718741240107,0.7275367805392645,0.3855968865486239,-0.9219943408763995,3.016320601131703,-0.3328641706477607,-0.11274718595486284,0.9411837793573528,0.13227354596309693,2.3768424333829294,-0.6137207292985477,2.020267423001788,-0.6058035529313635,0.4618767895154846,3.3697567439822254,-1.18910228561803
-0.45481459677605085,-0.7283879536649652,0.5099653751930502,-0.28001112517083754,-0.2864536754332187,0.3006280292059788,-0.49933047923151935,0.6979989517753218,0.33968818042749394,0.9700633082670385,0.8423812675333724,2.1444933967851165,-1.466758585006983,-0.4728415132270776,-0.03722952211492888,-1.678283926038494,0.6545226858285557,-0.267546664381274,1.3145562244589388,-0.08087742401610336,-0.4805156313987361,0.022619132340896384,0.1919968754484059,-1.2865223481421282,0.19047350328141968,0.9126632942254962
1.3367074368634775,0.4867882652852167,-0.7257729211129555,-0.7522758486100679,0.2213395789011576,1.1043826906867882,0.5511077494737063,-0.025296402513604665,-0.4530031758881269,-0.3104087634947664,-0.20518115770551057,-0.26254019463905687,-0.15863790212444412,-0.7203535507461828,-0.5717234302662396,0.28342755287192667,0.5297716029080529,0.17202184975141224,-0.543263989110935,-0.1899796113875373,-0.1287429266861674,0.48248669383316284,0.8497909308935243,-0.6156635965897553,-0.12792438091282657,0.05659627377290254
-0.5598831362131802,-0.4495582909692799,0.5215518416310218,0.19827714066126564,1.4272875359679689,-0.33536555524885864,0.1995091480323381,0.46019486398974957,-0.14534710416120575,-0.361961866147533,0.25972880049224095,-0.17235496521687288,-0.6319337366731206,0.5788671078225653,-0.11002122202262626,-0.5296487974968297,-0.11274718595486284,-0.2576118936108195,0.42342070896683465,1.2984247504999598,-0.14739011735397436,-0.8539463272557657,-0.10377109208438094,0.10966169303837367,1.604571877212762,-0.20260347183184613
1.3444617380074666,-0.9230614888989316,-0.7633346657126636,0.5180409113615028,0.9967321507946725,-0.20749671277460066,-0.14247686050503677,-1.689761165098288,-1.2499666135391205,2.763764831612043,-1.2657462558514532,-2.1140237019897565,1.3808935501369883,-0.9862986017461063,2.9646550183032256,-1.2371122953076854,-0.7665920496857254,-1.4856840675897824,1.1314546837779809,-0.7904897072180801,-0.18587223703176536,1.784450181106083,0.2016195644235237,-0.5962647309194704,0.5404694318208848,0.7562852335848569
1.6893197823468367,0.6802278876614555,-0.023789029190414878,-0.34644337126504293,-1.031440806863285,-1.0229573774221312,0.9468687357049363,-0.9054156620674143,-1.257540036717252,2.094997909120828,-1.0276368088946777,-1.5528906453534823,0.3790513679197119,0.28630152328085684,0.5925568485108026,-0.19764666389474558,-0.09084679615903396,0.48199596310346215,0.07268202137168832,-1.1684819763288214,0.42775130307168907,-0.5105560674674674,1.0184080912518905,0.6051836276442277,-1.157787598503664,1.4977615593159637
0.28643280010993666,0.3349270319582023,0.13038659985329562,-0.6894440230819728,-0.3269898920576501,0.801913162834464,-0.6901564125569607,-0.0059698279509211,-0.04184454319431687,-0.40138903768480605,0.7816999817569954,0.16984213665910705,-0.3509189616678373,-1.432214989802341,-0.2527139767153331,-0.3168798598026197,2.07857656378751,0.8264975507159934,-1.3234622690555917,0.8098275692659791,-0.3638728760377304,0.4768665586484111,0.6268268539800711,-1.6027599142034434,-0.195661786550322,0.0630333053000509
1.7833101750083438,0.5498510510555075,0.5977722620718828,-0.8346343753876966,-0.40941314985748384,1.5314891947569345,-1.4242476161639885,-1.011388482511552,-0.9175638079373873,0.7808957230898498,-0.4905104132414299,-0.7395764498212092,0.3111047692722657,-0.5752220954604913,0.5710398916551858,-1.1589304780593506,-0.04469223635567568,0.5733290323562158,-0.5797218526597508,-0.28000694630538353,-0.31354444752040805,-0.5893433375886996,0.8869697954353067,-0.6771025642520546,-0.5537927963293431,0.5333593959592644
0.4519511040561039,-0.09097664026387467,-0.1859973899959853,0.3539568738307176,-0.8304536602000006,0.48393151993118905,0.7364385985781624,-0.3628647460647588,0.15884322746596205,-0.2472864288440409,1.148923203583035,-0.5899339110692654,0.3778648909314375,0.16525584739083443,1.4687610360444532,-0.8308070334193409,-0.5111478939428103,-1.3124792107059131,0.49067658856648244,-0.7726398066476277,-0.27608683494671116,1.422298005260168,-0.9013459418448245,1.0656865004490819,-0.7186045583835268,-0.7920974093610557
0.7339349340317737,-0.10045308832974668,0.8477752411179081,-0.5575510673143812,-0.20888936181141585,0.303397256548355,-0.05844222346976436,-0.05418311372506706,0.30845905525342604,-0.42245797262163526,-0.4293632395911388,0.24049859556013625,0.26414968313183507,0.36368983919188924,-0.6959101658395668,-0.8840727221981095,-0.20670692282083736,-0.294993694165741,0.4735105434621014,1.0529784319943376,-0.09476865794646559,-0.5071137346668074,-0.1914867506249806,-0.40427634729148076,0.5378687641757276,-0.32003313526300503
-0.08632275114867292,0.22111505053130553,-1.2597486857048237,-1.2829205923621059,2.173355611067281,1.5548074125317495,-1.3872306838563118,0.11084416805580004,-0.09920120679527021,0.04045487650743653,1.1554400100694096,-0.637747484893635,1.168182731318836,-0.29871300836021814,-0.43719652909691653,-1.0503762236937841,0.5922852961766325,-0.15207008187109672,-0.13372469266158038,0.3316704711048726,-0.3267766804857059,1.651302483451845,1.1545738064625213,-1.3220293180960345,1.3993178229372412,0.018895744511017453
-0.8408611912051182,0.1311040458421695,0.2193100031522658,-0.5477448918579333,-0.6944029131347981,-0.7462611058173326,0.8647587063190477,-0.13089397241619102,-0.6361184364173875,1.068494010191686,0.23169565509501944,1.153215015711266,-0.38767240669548686,-0.540475626021446,-0.01643236107939337,0.9524996055215557,1.008921650836138,0.6565890506288342,-0.056933496307236445,-0.7482804274914584,-0.21437332370842108,-0.38206572680609346,0.409267906681134,-0.1753507451170705,-0.7927083662513423,0.804366268302773
1.5658148991855112,1.4066581012949797,0.5731782992059353,-0.563627971630353,-0.8528720926680199,-0.14530877501466496,0.8742268072961389,-0.21297353822879414,-0.6063538059875304,0.4512089401780052,-0.18954560009242905,-0.5537462107568994,-0.9091651340179672,1.4096832923319054,-0.19069813533755833,-0.29653167966265315,-0.16880956103101136,0.2771801880426463,-0.6086698329386309,-1.67529586607254,-0.06273982894760509,-0.6044474508977173,0.5928191860844405,0.2410773113439484,-1.508284070473512,0.5862097791181159
-0.20270534858132866,-0.2671536696965952,-0.6543070673369867,-0.5663502842574503,-0.4887075508073355,0.14018358568912462,0.7751893764976188,-0.49931542743529783,0.32025772762570964,-1.1835960820429048,-0.7038400386013304,2.34872903927142,0.5345994440916922,1.3842426636273082,-0.361298902276153,1.3269136791244924,0.1563396120784225,-0.9343886415485352,-0.5184599975520008,-0.27071799874305064,0.6839227702935965,1.467238341272732,-1.3311689761814605,0.3730625603265849,-0.5772510361448734,-1.5213798085840868
-0.5598831362131802,0.1933483198322367,0.6613618699825445,-0.541638894514894,0.07538224135657191,0.5173369542794791,-1.5451801283091544,0.7871002302367514,0.7450320693738314,-0.8583857986850161,0.03486718741240107,0.4275728652872189,-1.344205172928342,-0.1715636165269172,-1.003261742923863,0.3558820233239804,2.3838972507696092,-0.13773232631400217,-0.1588736170406408,1.1186884700194653,-0.4546454238811288,-0.5400266513425072,0.0702752053556879,-0.4913780475794125,0.5454609571510798,-0.3384593335113203
0.21732114933015476,-0.5340078881508351,-0.5447958322365241,-0.2295085896571544,-0.24031692348676748,0.5879940360483058,0.2919185376690696,0.8595919569327672,-0.4260429114112344,-0.3219955325957866,0.9114463570456743,-0.5784501809924184,-0.567260180112417,0.21743084086893033,-0.7236509654595459,0.2841723711671164,-0.11605312403315265,0.8065732482825368,0.19395726693846507,0.5375919360931188,-0.09081987919907714,-0.6278763894491489,0.7716547340730928,-0.7771751569098971,0.18157856830220837,0.5796143881539414
-1.0677671635395762,0.2906999955308171,0.8936100130312509,0.06257040157598309,0.25734783823246854,-1.0150559613946353,-0.3726809257303328,0.2813036215907156,-0.31194278760524263,-0.18730796884299206,0.9653290346393237,0.40148904656964934,-0.6571050339492208,-0.3275752013991734,0.7966112107362002,0.04993650901740694,0.41128612909974904,0.6509206591409209,1.0030960200147565,-0.017395725641354484,0.22219732599025904,-0.6604731735207057,-0.044935475961676706,0.22656071826260196,0.44674822022379457,0.07672317903367032
2.718473698213724,-1.0924649017707966,-1.4518728948351611,-0.4266863541433766,-0.6929572476162769,1.6503608722171659,-0.39878031619981075,-1.4732719776776215,-1.2053973532430375,3.0637049564169265,-1.1259228506103702,-1.5465259398081042,1.2875672472510844,-0.5087778161608536,1.7548489215403542,-1.3646773689492944,-2.101225055912406,-0.49984641749966824,-0.6192124942382911,-0.8122836052311619,-0.2890321212736484,2.1416621072484885,1.0798338091004145,0.6040837228182643,-0.9937385903918499,1.7010453671358339
-2.0089809961452505,-0.8039450786221299,-1.0663081125889864,0.1416927853734216,1.608804300568448,-1.2413308601768065,-0.7285983260284821,-0.6209019835229568,-1.770795879105028,-0.10273757679856747,-1.325722783149501,-1.841331075121864,3.211872838264363,2.3625090775767497,-1.6043609901327955,6.81565618384753,-0.040329193865109324,-1.5760771871730122,-0.800825067516483,-0.890517621586488,0.8029411480711265,-1.5934507400343076,-0.384139829421865,6.7466187547404655,0.26522626683120193,-1.3554478494181752
1.9778253867211155,-0.5610300017130913,0.7245018827864577,1.562745958217302,-0.5896679438958086,0.42870479379087045,-0.8997154464368481,-0.462521895578401,-0.5158597279870759,-1.4255367968797212,-0.7267608568902818,0.4553920993630133,0.8697445217912281,0.9288663838296491,-0.5359312687829944,-0.3527013306123844,-2.2016734787787655,-0.8763451441750373,0.6018657443562222,-0.036551977907587,-0.3998541731744127,-1.4657331679608365,-1.0637721206102206,0.9673791140782984,-0.18196603229988276,-1.2766267272975305
-1.1256240437049823,-0.34995304140848166,0.740128083138332,0.14385452148555442,0.10077013421312407,-0.6249374559807042,1.5448857378872216,0.3788522141724205,0.6998860831100828,0.7683930976115243,-0.6555529766918954,-0.7131349814459135,-0.5129829736767758,0.5718208099413493,-0.8900340712603261,0.1618690109375745,1.0916200247185617,-0.48555191593575386,-0.31469885921165536,-0.24831986039556675,-0.23559931110054433,-0.5678814463519302,-0.2022235789415919,-0.46761110448633547,-0.15812681368801404,0.3916137157444469
3.559335017398394,0.11889406159603161,-1.2877544076239775,0.45942397660579276,-1.8751608552804595,2.43731090547237,-1.652619633377978,-2.09976259963567,-2.013833987447232,1.5233540247025406,-1.19691150188525,-2.046026627030204,1.2160814393251946,-0.09891162238033745,2.3143714785484693,-1.3095525759648308,-1.3518905644761996,-0.7247896191057688,-0.4457392041178529,-0.4910085125190851,-0.38542483888655116,-0.4605017384782777,0.38542688654003604,1.6240186652330337,-1.4780119893883275,0.29602659001078474
-1.0371906191660651,0.15089222289251394,1.1722400238959698,1.4071686083355224,-0.9723207437755308,-1.4824321735871187,-0.5754511044306677,-0.7185833958526892,-0.33070276858893977,-1.1003534387583178,-0.7641693622109287,0.435119127306138,0.859164597985159,-0.07638319970690922,-0.26310804085632905,0.12506231950416052,2.801967427673943,0.1457564617589743,-0.19732701592792687,1.591202716817244,-0.2846849855139926,-1.3973431479313956,-1.3434938232268634,1.1915315966057276,0.15023717566055877,-1.3235308451486423
-0.02602413070293774,0.499864203978313,-0.31003197012524725,0.11667549613750076,-0.15300655066988866,-0.46568357611853434,0.17924091759156802,0.14422685200379987,0.8390349263567124,0.37959829577803744,1.5562357220046252,-0.21472904989931818,-0.8399790313838862,-0.3617285274680189,-0.43917537307963445,-0.6931482922952196,0.9284881216474672,-0.057069866534359165,0.451561326952326,-0.47287963445837483,0.018579090609858687,0.9070777700523184,0.33836718709016733,-1.1074259118309184,-0.18522058528304314,0.33009360594895504
-0.6705469320266124,-0.9681291893044656,0.811723598587012,0.5379870184465457,0.3446296270758231,0.3743260512139294,-0.6316871581492218,0.0962813430732756,-0.009270287073775547,0.6277638358297127,0.9173429519521499,0.6284920915409477,-0.8200809085141224,-0.04413198409021263,-0.14794181017409413,-0.20476851732147985,-0.5779238616653185,-0.47249036329379396,0.027900034697606046,0.10809579863856911,0.008456465729195733,-1.122553663241968,-0.1540964468036148,-0.639669535363575,0.2640305397133103,0.21708161716426674
2.6465953225978334,-0.884585003956426,-1.7079109133120292,0.037222861711249826,-1.5508844852842671,-0.13063326677114714,0.5572530059572499,-1.8412051644263152,-0.094227542778437,2.5450674506781685,-0.17793560099123262,-1.302187504052655,0.4738684705820559,-0.5550644914310693,2.0547485892782427,-1.647348231697929,-1.417184835268713,-0.15361542355837565,-0.19377453878872303,0.44056673041482175,-0.2987069772181461,2.0690324684622303,0.34812214453679596,-0.2020819327410287,-0.7536482839130074,1.2371491844639089
1.9876197997344176,-1.0924649017707966,0.08348041946291714,-1.166456879774762,1.7777815012375902,-1.150170175464826,-0.7891481085611743,-1.668322298462952,1.1249271834154473,-0.17442393607781723,3.932468480796289,-0.6322996352700102,-0.48947944942207644,-0.8052606726442578,2.9269965490415792,-1.7169160461528785,-3.2335527318604522,1.3327903658602889,-1.3234622690555917,1.813668754544045,-0.627732285583029,2.212020824800072,0.12950540140388495,-0.16836135098882624,1.5339644825419838,-0.20569110505183408
2.5407616990202997,-0.7662375373789378,-0.2305615122072024,-0.06735461527473006,-1.006836041788525,-0.13993502042846592,-1.2436022377204228,-0.7895258705628705,0.9104721600339717,-0.7655452392445629,-0.38813980749026783,-0.7500082475586843,-0.23063040507246568,-0.0572240617167923,0.07754454742404439,1.268040466919746,0.9893194589688932,-0.9836152137087059,0.055403007876301515,-0.6573195291838415,0.07193333495206658,1.5718202402381354,-0.5509857398131035,-0.17222127732435466,-0.897563107201381,-0.9192910361717146
-0.49419928902747395,0.34009874186301764,2.633899009115984,-0.49963882971624707,0.6843927182769234,-0.1705921234559433,-0.5234938808863511,-0.07872521442469202,1.2889376079897996,-0.20637972787038708,1.293603391065852,-0.2669088080680616,0.5625587340654489,-0.50055679640477,-1.3224495921046042,-0.6002345875622564,0.2434317078713187,-1.6518633828238023,0.6227932227628724,0.28643134518586877,-0.47831139623939595,-1.0415534648917415,-0.501890728588615,-0.03053595663452951,0.73157283984308,-0.896448354332206
0.45004170166591967,0.043706263869814826,-0.855886861339645,-0.8542908809166427,-0.20432230235613094,1.984246635422099,1.101934635795179,-0.8334700500583204,-0.5738694945768367,0.8371179446285545,-1.5325179480948559,-0.3031274110287257,-0.0003630050182447065,0.22706419846004117,0.8162207959562425,-0.3086296106909789,-1.657776532573147,0.6193396208511187,-0.14739983721783348,-0.11998668462197544,-0.1896199900866529,1.6804260522684953,0.353430464597251,-0.8775660459105084,-0.2236553062270421,0.4581424322376674
0.03239664808999554,-0.36831185114271453,-0.9264805948668914,2.300578256479243,-0.29767099012349607,-0.569624486437962,-0.998766453850555,-0.5456678013856409,-0.47703780726931283,0.759992589440844,0.31903296218362753,-0.920616599966482,0.01939767874079826,0.5039614769122231,0.7034656809410003,-0.5761418686754554,-0.9486772428938595,0.2561576805183972,0.972121131550802,-0.9018633424151098,-0.2200864656186735,-1.2159532848435513,-0.202259463833701,1.110814429123751,-0.32306819020719224,0.35284817242985167
-0.43123138728286975,0.8375999235433799,1.1036061437639297,-0.6812976161706452,0.24884847162749027,-0.10345901500056609,-0.4848616455116572,1.1007834826467058,1.0780860363781504,0.3497868125812428,-1.0565113530587873,1.3299747693299842,-0.4126750458952135,-1.7435956220679527,-0.8425531973223856,-0.2608195896883733,-0.5567111548284613,-1.4037408110720218,-0.8240047927730291,3.125116906513023,-0.4003356872036512,0.44493716563004376,0.10567703671269593,-0.25832017887089753,1.431007674831662,0.2636033064514548
2.226388703741112,-0.46961114366913814,-1.6733863161372124,1.9455730834223584,-0.23242396308761074,-0.2807395805783812,-0.4601087258207781,-1.3350037918657147,-1.2471282137945425,1.2765186370858228,-1.1680786821829605,-1.9233730565180407,2.258122523044594,-0.9125371168770359,2.279692666834605,-1.343756842599263,-1.0566581261153434,-0.37431884475989446,-0.8721566477643535,-1.2807399094762915,-0.012533327186176784,-0.7333241758530438,0.03932925984509601,1.2866127169402901,-1.0298580893552778,0.4382817886995892
0.13249339646769595,0.5368794621423878,-1.5563939094177082,-1.4035191113134975,1.0558849825032999,0.3908371314373631,-1.2444129522365481,-0.5456678013856409,-0.8781976546861977,2.157889652218097,0.31903296218362753,-0.07593799245728655,-0.5536621502714479,-1.0456917130219183,-1.0572488073739381,0.42129669323809404,1.5119578990701625,0.7962744122952653,1.6280021031526288,0.5152880998349467,-0.24126754134606412,1.1479946245451924,2.2309156457149513,-0.324021989328868,1.3669508374553312,1.5892162492962225
-0.19755534142634398,0.4341280157694841,-1.424452607045578,-1.6037405906536455,1.9521585319453667,0.14567425600372158,-0.9456536974427728,1.0134516936098366,-0.5908804666714019,-0.06615198099328039,-0.4339562529857203,0.8143989181605132,0.5800670249635905,-0.5887915096015328,-1.5059250862495595,0.3224514303457601,0.9656778965105823,0.7305845395115929,1.4418737193196778,1.013206174139021,-0.3813129708965274,1.1622177628044892,1.7169890318496193,-0.5941808136375747,2.0816488682315355,0.7503545849487916
0.6842462045984371,-0.8245871472701646,-0.4105150140457961,0.636745902247138,0.4258762066261934,-1.2828127880581228,-0.8909216496810947,-0.6294896901669235,1.4276561024173595,1.7616294008183657,0.03486718741240107,0.22759692178585497,-1.4798759226912412,0.5371765120253715,-0.5194231274356933,-0.6608385487295423,-1.153015701256726,0.7413845005293241,-0.3529717257097993,-0.3192017738244945,-0.38845850058258713,1.0099465179108607,0.42150943015351505,-0.4324781430516879,-0.01351425065925033,1.329891816355559
1.0772786911019805,-0.0390344426866063,-0.021050133409967683,-0.598881263922641,0.1879743144424235,1.228847949007288,-0.2343389846280683,0.7514870938309206,-0.46670598171417077,-0.5688786503431448,-0.24870607242185452,0.02158262830309976,-0.1575078244249712,-0.25998026196537005,0.1981705562812196,-0.7147242147554121,-0.9608524231192591,0.15014897916609873,-0.47536040879603597,0.7630468777365674,0.02683103635175091,0.4760235383706982,0.5330177616725463,-0.6900863356142137,0.3410381271095739,0.24446717196958623
-0.7122255044758273,-0.6332458940554275,1.620059207250129,-1.1053844451253012,-0.18212352904559895,-0.2676907529053398,0.1995091480323381,2.8730678053366696,0.13448635037837728,0.08718359662447506,0.3560980632407441,2.441616296265241,-0.413891460268461,-1.8153642508162593,-0.6523458239983773,0.01853694872557645,-1.4502352770572577,-0.5144966806754276,-1.3234622690555917,2.2484593758968616,-0.33473020037848294,-0.5074649931158549,0.6257153748034153,-0.6766989494562275,0.5958948104873534,1.3350378717222073
-0.3905252154744262,-0.4024342461984881,0.12749739872053448,-0.5734910100489461,-0.7157851387359616,-0.2634389328628149,-0.26482787577582473,-0.08084397659938374,-0.5621004974283904,-0.6172491007974082,-0.2830000143234979,-0.23308064439529785,0.3172287731209849,1.317510962156087,-1.1283621823694554,2.135529381669312,2.1257363731501933,-0.50971464857184,-0.28183629321324905,0.9700061018732964,0.043392235453547895,-1.0754147793798676,-0.33045860621856993,0.8678912268839101,-0.02968741043331617,-0.752051305879494
-1.1780629374829652,0.3479269584948966,1.8814526638480182,-0.21233807254517628,-0.8135755206738728,0.3739255425373119,-0.7598316084259279,0.5435587096629378,0.4107749698008419,0.45953384006431264,0.30519262390182583,-0.4239640416714582,-0.7904016206174906,-0.07109611517958227,-0.8153395568326196,-0.47803315766756577,-0.0871668126277677,0.23697320643889072,0.30728003738610865,1.7089699157504892,-0.22252912732352306,-1.176296205946151,0.14121767241506045,0.42060545259224064,0.45430796812938096,0.5185866612565126
0.12522059257027243,-0.21046587069988215,-0.5624436936757172,-0.25900260149455506,-0.44389644414532,-0.03011725940113201,0.9250730440252154,-0.8972228932436587,-0.7466509743190931,1.9780963907340625,-0.6272492258628438,-1.0963355913565405,0.633656455307271,0.4746007611634276,1.1098583994949804,0.138403028450631,-1.154010221825848,-0.24729720808814892,-0.18225445995872303,-0.425737618851174,-0.010621291251109444,1.3200667089762728,0.2544143643401225,0.557959702237531,-0.5251253521018342,0.8731326649691165
0.6669905965427972,-0.7725720493088768,-0.654843218931952,1.3032290623033331,-0.23524971954119245,-0.0011527773323220542,-0.1004475438953051,-0.5289848041039293,0.021490935151670103,0.4469360303981711,-0.5727685631431527,-0.879066066522664,0.5420134062995394,-1.5089007865650454,1.0632603197922263,-2.009354559580362,-0.9560716619520043,0.8015182640600901,1.187564233873085,1.5799534228383405,0.14430332661439796,-0.4228468327404457,-0.01650901681720575,-0.7688756350416416,0.9976110613737443,0.44816768906835563
-0.7314503863946739,-0.7847360870609312,-1.4823297188309295,-1.1655574191731097,-1.5062998556077958,2.038308949631188,0.10639697851444664,-1.6977294849189122,-1.2837732042260837,-0.6475408551345174,4.121078221631769,0.558444380013595,4.96652110990549,1.8639609499874226,-0.5813709565342197,1.0288093063315378,-0.7154644678358955,-1.4512093198316314,-0.925295701905717,-1.3299935312965239,1.2200337593652568,1.2295485853764998,-0.94695647804269,2.3550754069859314,-1.81863853486118,-2.078321084918827
-0.8014476510799956,-0.6550892760595878,1.2113225567281358,-0.05381814565981528,-0.4658672890819142,0.1320696945663314,0.06280322206531479,-0.5507366766659249,0.0868343676396712,-1.164074577201829,-0.24206415023017444,0.358112194646258,0.33381988580946437,0.8904397463245995,1.1471686999095347,1.4913119056743598,-0.3555532221591692,-0.5360931893224524,-0.6192124942382911,-0.6492484835563768,1.1489545611080656,0.3764417680658887,-1.5968024450649978,0.8079388649547959,-0.780250155177846,-1.490852399418043
1.1779483239681265,-0.6043321046807562,0.4231670068651352,-0.01791231817621308,0.8653845122817503,1.0366784004119647,0.22643336525983057,0.6041408483042731,0.15144595368380673,0.42863921159734697,-0.6202851667461442,-1.209267264853575,0.004965060824934209,-0.14685807827672853,-0.6448627684881818,-1.1989594727674282,-0.23218542289692828,-0.706050274980395,-0.7339791242085179,-0.4789673564738232,-0.18853431408488538,-0.7639187867650328,0.6022423571961752,-0.9814971823890593,0.05077334634037966,0.5866870646258409
-0.07486815387997041,0.5929040907395732,-0.041621546229971135,-0.10092732596438805,0.9797258229181597,-0.021569093231468005,0.7628519130914517,-0.6643261528957174,-0.8817885996119244,0.5635957983532984,-0.32744180552953994,-1.013941704427856,1.1493954489925677,0.05682834305770778,-0.22481747822540682,1.3342690171720366,-0.45196518007503567,-0.3633879824021286,-1.3234622690555917,-1.174213235956772,-0.20715699060915257,-0.8599528467344689,0.36821420958051587,1.8163076110584846,-0.40214084217094104,-0.10564705066812885
0.021274787159139934,-0.04646605086356715,-1.6088866856302764,-0.6421213190449897,-1.3504367466110034,1.9204611895351031,-0.5620615678310118,1.2817824246634317,0.6150084440322069,-1.1867085053897009,2.908098910099241,1.6321898582835297,-1.1649259678845107,0.2691655390434137,1.7934317927550094,-1.1918446846714743,-0.6948021885642388,-0.1339266257648972,-1.3234622690555917,-0.3619961263198504,-0.5637749025269105,2.17676178457745,-0.2915906940207365,-1.5112799569737592,-1.3724264099976486,-0.20167228086073943
-0.3401856930936685,0.12786709095430462,-0.0545172566692338,-0.3300168186106013,0.5232356414233105,0.533127741492967,0.08844675196893301,1.6659106438205125,-0.4231783833105645,-1.1418377354733937,-0.07964567110048014,0.5747773792535006,-1.578802511060022,0.438740383059776,0.612635171623166,0.7558285565959305,0.6168855921388049,-0.9791092893787008,-0.21818137246732794,0.27159803701416957,-0.4355059910545011,0.5471533743027059,-0.12018901732090491,0.2490762108530553,0.3746629769868131,-0.3352144597106846
-1.1731453265485277,-0.4177996588001751,-0.47951945172291915,2.644442120133818,-0.9566071201301929,-1.4909989793472842,-0.2191358984406971,-0.04560061565271962,0.8758884096461161,0.7662897453929503,-0.06642701249046996,0.1517166207260205,-1.538908498733455,2.7229183062711164,-0.26988772681919426,0.3565367968456181,0.008666288060404863,-1.015335444774091,-0.8957211081542724,-1.0037361617307563,4.905115167570158,-1.1482306558672997,-1.3692332926790198,1.220671328940586,-1.3264843867152945,-0.05055235354187376
1.0685332596753845,2.469585239156525,0.12479365306588969,-1.831492523403064,-1.4957509388674837,-0.07929873557067905,-0.7730372391174806,-0.1509120143548711,-1.048961643789331,-0.3608437942274036,-0.9678940601058031,2.29829376919018,-1.594462704585582,0.945631673551929,1.4546585417857905,-0.8846589013394066,0.6569109385421236,-0.2657118643741182,1.9027630507155555,1.8667800158031465,-0.5292389234705973,1.424807970835338,-0.027871011451304592,-2.1586179093545486,0.6146371208488023,-0.2595786496952745
0.3895839923009489,-1.0924649017707966,-0.4092886102883266,0.76727689870609,0.10305281756206856,1.180550017245964,-0.334228031901079,-1.9113028367670097,-0.16877813504370628,1.4800321993204961,-0.5154520235461539,-1.7866344565074883,0.8059976966691869,-1.228091083703162,0.6862556897018316,-1.7310707298385137,-0.3714455404180892,2.0484924141253216,0.2472000576750988,-0.37123069712148,-0.21616271917364477,-0.5381649815625579,0.550183977624407,-0.8275395809210904,-0.046805017883408885,0.8536921034272266
1.2699564462142958,0.030795227896626014,1.5860145574892055,-0.21652427299809648,0.12146992185468765,1.4895470124917118,-0.9652692040706468,-0.7409347013874923,3.110607646333963,-1.991322993207113,-0.6422728974302979,-0.5251534337235407,-1.6841529038683336,-1.2986309733624086,-0.7456938086298988,-0.042159608257090676,0.40147645513185354,0.09657773703886774,-0.6452217188764299,-0.02304540257822447,-0.5006353310291578,1.4748479194450717,-0.9340681789900758,-2.4815331436712715,-0.13553934088100264,-1.601810078232911
-0.6115093004292437,0.9502951962696138,-0.7690022662291875,-0.36692469868493194,-0.06534421870247882,-0.830844561614668,1.3037111728121864,-0.26355084735311557,0.16960791692506869,0.33992799943215773,-0.9965015201122366,0.48129774563086847,0.5719299914899193,0.41775281912755596,-0.7268802040227345,1.4915168417589342,0.035052158211159964,-0.09451512294867427,-0.5011637374950925,-0.6359585941890867,1.6650670959761864,0.8218983033902072,-0.017341282194952585,0.874457910790401,-0.5026048911265626,-0.03978310718125831
-0.9042590968473764,0.12992498638891686,-0.5570837059376399,-0.12738573485471688,0.6838282817643996,-0.34575072727796524,0.581987404228618,-0.07913467504057665,-0.3123119677313508,0.034563377323946556,-0.03717953515955436,0.3203345009812595,0.23373944952480524,0.4215255338021285,0.44430004558556113,-0.6837912244300379,0.5424640964485875,0.3094406970596226,0.4882291836995386,0.49309709917335787,0.10949669302873735,0.9491495739789713,-0.07247876278955247,-0.33108899161651273,0.7919319638433435,-0.06009852478656263
0.9466136166063294,-0.375208546862982,0.1458718334755695,0.19100661272680572,0.18574185724321665,0.6256166380291092,-0.2782033919183085,-1.2306693999771696,-1.0405718786406513,0.02864834834341127,0.5457772470631935,-0.3478440584935803,1.190622814988684,0.6180052181627875,-0.2619328752371224,0.5004584838661535,-0.883395086066243,-0.5128656661543827,-0.6738277828975918,-0.5123877079463868,0.2515540722393857,-1.2328488162427094,-0.1412868550606647,1.082654110083957,-0.3467379244881785,-0.6862276547585473
1.7068794387903268,-0.2646014896206023,-0.6692923697048124,0.11069355637464044,-0.1616352139800994,0.6144621982458556,-0.8580443391972725,-2.1517625849184565,-1.4567548215638155,1.688177506835992,-1.7504662229702457,-1.4995822384803226,1.8249680947743576,-0.7554414581690184,2.609537072454947,-1.981800679546366,-0.9831226020240095,0.4502197223377239,1.0759414863520955,0.2904564639862293,-0.1863370516492655,1.470425599145962,0.25329803933444445,1.0419028308938167,0.3738211221159616,0.5042473151178812
-0.3244700200391985,0.34009874186301764,0.14163328632797104,0.5210010428222959,1.3059985861408592,-0.9547371158275857,1.3508957046241616,-0.7377813228781457,-0.9784876165404187,-0.0220193906055612,-0.2095476094135117,-0.3623942158734487,1.080804144650437,0.2957076885416271,0.41912669525038876,-1.0387220713020298,-0.3526227675112707,0.2561576805183972,1.0861873874815546,0.17200296786133026,0.18963090970806504,-0.9091641554459451,-0.17687350302006064,0.5274975483063005,1.1810919674054903,-0.3843758915048387
-1.457735074527957,0.39795672423918155,0.7304763589576103,0.3713359440779833,0.45782753740890764,-0.1937841836255035,0.7632213536354052,0.6230314088354557,-0.3360809949701651,0.44081738501566564,0.0203365500566767,0.01276008426015674,-0.6080982051113836,-0.01881035115044745,-0.12589464000310063,-0.5116870343030133,0.6939230682372121,0.08033615959264735,-0.9377745894706727,0.5025327556743758,0.14118968785202732,-0.9895320885878881,0.12302413598661413,0.2052851335368026,0.23149188795670836,0.4417940609477938
-1.0121466514652828,0.22789430347275527,0.7851281245888104,0.06395115734756075,0.47649399239893353,-1.4303660456267786,-0.35265799543639514,1.235280143403558,0.6435061381110018,0.11969292692769377,1.6486281264553304,0.5281072193971942,-0.7144111733459213,0.4426322647257253,-0.3150272432130742,-0.2208510633793926,-0.9028964953917971,-0.658302250604735,0.41599619114888864,0.8364795924708552,0.06220581364416476,-0.5365140668520372,-0.01457054776565575,0.27453385944025716,0.8168299967783005,0.3479513390444206
-0.8979762868311603,0.4930491459201617,0.38804903260362805,0.22238468065447414,0.5429585086657771,-0.5426641603221639,0.16999372794385412,0.893610750567855,0.9016852472739807,0.4853180788600506,-0.6887476276114439,0.03964960646502399,-0.9035302564052405,-0.47624977528535367,-0.15703388101742818,0.36180035796605753,-0.4435995032275606,-0.4459940707915322,-0.42594093949519723,-0.011082435857931682,0.20424623311809384,0.2521665287930771,0.07447034425329728,-0.1366370131368772,0.18446074379672525,0.5243600368200784
0.16036844031971428,-0.43706055848082365,-0.17497008984898746,-0.2289920345640272,0.40052402107323676,0.7731305742766276,-0.041056055079847456,0.6444362849909229,0.1272409502320707,-0.48808765732568243,-0.04645708494920452,0.007460654866405456,-0.008167224426879375,-0.5035805855881105,-0.4554856278232629,-0.5312501190534674,0.6999038061073524,0.16727771199815272,-0.24416446768549713,0.28208596376848155,0.777692219205103,-0.12954602778624155,0.32529488352420216,-0.5671677305452719,0.29983532333930824,0.09121860876246013
-1.6626118258196891,0.7279198387583597,-0.7568216220251665,0.27867317394928315,0.7343219613820166,-0.34321732789644926,-0.993337801952522,0.2043297062457794,-0.06368801973755038,-1.278929093283989,0.3330262323801444,1.1252789886082757,-1.2362682228407311,1.227029188338048,-0.2901498353535387,1.4420026985848635,-0.0524001173876275,2.176406945150524,-0.6639576456769593,-0.08087742401610336,-0.4831014631254768,-0.6397489250269351,0.048245610374842415,0.8287250238112996,0.19047350328141968,-0.2938165924245318
1.2859045207369657,-0.018572748172707702,0.6779319474167989,-0.06784903824571513,-0.4119712722564253,0.5187405798095667,0.6679905277907017,-1.2711928165036308,-0.930199857129127,0.22761816237229304,-0.8479228491232659,-0.5411994832304999,0.3139928797293158,0.9420385201003395,1.2993138220659919,-0.22281054600254074,-0.6744921842178688,-1.4342076467092104,-0.6160824952391031,0.17607153238842493,0.1909591463157259,-0.4377753168249405,-0.8311072878285103,0.15011755210063252,-0.342361653616672,-0.8489708972398645
-0.075324444560218,0.700188188739417,-0.10447456388205326,0.07106633156677887,-0.5185996037187292,-0.23123914554947256,0.3537594240962623,-0.7812629468938593,-0.1570702684699911,-0.5167229724282612,0.043431013808259956,1.2742610003947346,0.17965488881277578,0.3940493849958337,0.04877439288731891,0.5434590996240726,1.082599443162403,-0.9013612566247402,0.23523636204167675,-0.7132916597528921,1.8037449387425386,-0.37539181627420143,-0.8523343289315715,0.43078069220429954,-0.5836619198134793,-1.1574112079819725
0.29787063291781046,-0.3496541235903002,0.5339343723223802,-1.3748884070213796,0.15133469483804968,0.6738717144827486,-0.10953404101365895,-0.5373665998396686,0.24550211114580076,-0.6638664907127334,-0.13531793037749384,1.1936642816958256,0.5289687537497554,-1.0992297239755795,-0.5760597546667501,-0.19422765817357762,0.7842959540518165,-0.7218797830614563,1.7521019649291418,2.2740946401935966,0.12470876350877066,1.330863545021845,-0.3048951028440103,-0.8762333194616707,1.7367475556423593,-0.9978654213285124
-0.8141005449806841,0.30220023277217595,-0.14297730547189488,-0.6123970809083814,1.0391744149400055,-0.3746336504358387,-0.2466635945946752,0.7302136997199304,-0.2863630649785714,0.7277776777060597,0.3878245694953945,0.22230655291015727,-0.3187783685034654,-0.36391387861767227,0.25940541316492216,0.12439111308001413,-0.18705207990499587,0.039444177027678155,-0.6918731852908697,0.7427321584676712,0.06328159231426371,1.08405026346349,0.7499953731346384,0.09424311271261092,0.7655642553532006,0.8063827870724001
-0.7683773389316108,0.5972255496947281,0.7007954677227176,-0.24598868387826606,0.23811158237461064,-0.08939367750029968,0.8845233671087256,0.599898011958554,0.29185190027971625,-1.0572735921695846,0.4456720574621082,0.8813644293864679,0.11490765024283933,-0.6934978062187045,0.5148177000501138,-1.4996960926694833,0.4573999810855814,0.21114795287032456,-0.17567056875239484,0.9539302129123448,-0.2921973255575056,0.7642089358847188,-0.42000433741460175,-0.5925621049008428,0.5550789516174535,-0.49255400296142887
0.31594066915990826,0.160347410152311,0.7315326826912932,-0.20778577851652538,-0.2204719802778613,-0.34076924669073677,1.0784875857329,0.11423037626320136,-0.6166048264276588,-0.24493417102462794,0.5906088166971758,-0.40160495367946347,0.06254058602004726,0.7519702660375287,0.7407649014973731,-0.33847589955030083,-0.3144722592643496,-0.4513336278357136,-0.8695826613311337,0.12501336804745103,-0.36897764095275554,-0.40630255979033353,-0.28889312815442075,0.9576982488297532,-0.33176209260849765,-0.22879552397554698
-0.6943394683857769,0.21943871062280346,0.14258744625246855,0.014588609893524042,0.029835661752513228,-1.038333678213772,0.8257136643302513,0.02799226134567866,0.177534654327457,-0.8729566900177906,-0.6607231011347293,1.6359267382895262,0.2695080175899408,0.06536410323324368,-0.8138072067143356,0.4197692222397574,1.763081568666797,-0.2814776573911965,-0.1352429897218077,0.7047170062481573,1.0999215570403136,-0.6380628844715105,-0.7013466287895863,-0.17484499775612147,0.32258271478485917,-0.8455380746466177
-0.2717606333845929,-1.0924649017707966,0.6036097334569526,-0.5614286250248062,-0.4062772643015746,-0.7992345941948504,3.59880159023558,-0.5380080002562964,-0.43799476119827885,-0.9210842151273431,-1.2548294344125337,1.3827328510006427,0.3833289876855738,-0.11543927805402375,-0.5257828760676672,1.6430230744229422,0.18866791134656835,0.8351981292212366,-0.7913508121542583,0.7303726426515013,0.19468831291413674,-0.38311950215323487,-0.8061769891675536,-0.18151601211943572,-0.11995865755829921,-0.702845932121026
-0.20651351549074332,1.3942493475558246,-1.1485844640304461,-0.9645311567578719,1.1580401502487176,0.6400134945653955,-0.9269264401716325,0.42292970824618425,-0.8185913566030286,-0.020280142140798516,-0.582971914564045,0.04837319883651918,0.5967824875946462,-0.41905236563431314,-0.6230025117383131,0.870353152715945,0.38775936386018434,0.2809979547392673,-0.338093922568885,0.3166577090074451,0.40711179174568096,0.7120175882105556,1.2150229075242107,0.09425678081624374,0.7334281664308966,0.2879915899935914
-0.40922225104394006,-0.39420871520491085,-0.08861245428721307,-0.3271231345006136,0.608584035257756,-0.388698677625539,6.190379279046008,0.043805468129881654,-0.2514850188872366,-0.0606007591987293,0.1063463756761912,0.41565376931693876,-0.5557874052664601,-0.5426375287880297,-0.9293179911936285,1.161265463010899,-0.43722829238345706,-0.6505945811070082,-0.37482383065930724,-0.1644619297022139,0.3221978277615525,-0.22255926509387466,-0.26031580616840727,-0.3371229839299649,0.16319906878444898,-0.3339607950451127
0.6117444947609297,-0.01720734174728108,-1.7711370848327592,-1.4933154111387759,1.6916461211613396,1.189604874249503,-1.1476431195390357,-0.38945428138415983,-0.9207449112304128,1.1666535531578637,0.7948889565633744,-0.552029571235197,-0.5050388920522273,-0.9773874401873558,-1.2859130266356185,1.6269547529248427,-0.2509646809949703,0.41164583057537424,2.293820665233271,0.6318503396736953,-0.1596679466157504,1.263293678109339,2.1274584143395674,-0.05804946628547266,1.9995782809653682,0.8938086070337026
0.7459895962019912,-0.4383911786228515,0.15554792125668815,-0.13098243495889458,-0.6469757572529915,-0.19783289242170757,-0.3172955228442516,-0.6010984052571342,-0.9687821363609782,-0.015614813132341442,-0.26922606104544644,-1.203992648937309,3.0695548331608187,0.4357949143051495,0.5574156312190237,0.3104701863588108,-0.6935422627362999,-0.5104596161971587,-0.4348493397886006,-0.5622694484197046,0.3556519472550937,-0.793389370640072,-0.3059532969659615,1.7901712997155783,-0.7880639378562733,-0.40453315209488727
-0.23756124904986417,0.05959676968297021,0.09951457656057451,0.5495504098863113,-0.5335178641418011,-0.16862367628126085,-0.9392157875751628,0.7561115319600348,0.1854837589191786,-1.3241448496088783,-1.0317840541201717,0.5946856292621349,0.12706346479764444,0.2777035731477341,-1.2325580421412263,0.3574874923075976,1.3148940457094076,0.5835011543225599,0.6243054647922572,0.11652254249185685,0.44086681578076264,-1.24542386871859,-0.2309975836601954,-0.5897905977683462,-0.06700470116741501,-0.3691701282658401
0.06293463912048075,-0.25477938134085437,1.3983265956998927,0.7702837930902935,0.020644079710347294,-0.5641981496138079,0.6707970351796694,0.007698735568758101,-0.1166738765388909,0.3966973075891289,0.13014753193775683,-1.2298548698342553,0.8469349233483132,-0.43442635612956076,0.7311766837837292,-1.5961214150390293,-1.0648573525023308,-1.380212926347964,2.217183314930541,0.693718789900328,-0.3946143606260957,-0.9543008661484786,-0.6108354855961409,0.8163523359796329,1.0249031179982133,-0.2115916244679973
-1.1517667713971438,2.01592790988748,-0.8106003153032981,-0.9247819986836808,-0.003974882855417743,0.22773987557174177,-1.1378116416162116,1.5293193322189382,-0.21590545376209558,0.4997551488231917,-1.3440011946809554,-0.5317456938679094,-0.1903638435768918,3.6325065962132252,-0.40706582920912254,-1.2703758362966266,0.9913113798136239,0.4548798742853582,-1.3234622690555917,-0.7261518428369358,-0.5904363485253845,0.9425758546154315,0.8097674671511477,-0.007974131963348206,-0.7601097367614292,1.1784715645765853
-0.0424048931164451,-0.0813956153794222,0.07865184206979021,0.46658203267861337,0.17326387219385922,-0.5303276212059999,-0.12525814731552526,-0.0059698279509211,0.8147837952428215,-0.34015744552464755,0.032837750471247325,0.16984213665910705,-0.2003097358480124,-0.6454366882506124,-0.12876476183395644,-0.35328856783877427,0.11539834583065399,0.07238150012139402,1.6931166400445068,-0.32082394242088885,0.83137561272677,-0.07253678150592181,-0.2734259126142269,-0.3720906141035369,0.45752033923982344,-0.23116965246189788
0.1658589792602634,0.45201777652190944,-0.7345538818396898,-0.056925380730511524,0.07772929915971676,0.6342874720793726,-0.5842379878241917,-1.216897770142005,-1.5217249099174506,1.606496921900403,-1.0133158527253934,-0.19032155389082386,1.2096906985849845,-0.30314955951180894,1.0100186498886903,1.304445419932383,-1.5674976878223121,-0.9506656420455439,-0.39088151255924425,-0.19750533391582614,-0.2156247133774178,-0.6200784518803065,0.24580723194433068,1.994760825829294,-0.1698066607377962,0.17046142011551366
-1.6060955516951445,-0.884585003956426,0.4620112932794269,1.6322048513128562,0.5861967901091432,-0.2531737606045219,-0.006881539232033966,2.5278455243217346,1.2876858748216833,-0.8792658799694529,0.6945558314636653,-1.108204530466947,0.07905374926888711,-1.0403588084394093,0.17739370899291357,-0.6292826543084242,-1.2153661800918536,-1.3940096845475254,0.18278803796689996,1.3704326609763726,-0.2732289000879638,-0.7442834394633081,-0.6530766592638084,0.46419190284075196,1.07278905457401,-0.0427575766481742
1.780895167623875,0.30961866433889396,0.3098918150759343,0.13328724340902254,-0.5136639644788357,0.029812551668623517,-0.6642690943462239,-0.3628647460647588,1.2428283470817998,-0.12038513520185157,0.954922887411745,0.24396156528023805,-0.724360822743181,0.5968807204092413,-0.6933321350170512,-0.6138700412301052,-1.139395164231497,-1.7261856435562806,-0.5419870688491598,0.657433989179177,0.10476591546903666,0.40605285532054586,-0.4768887488456938,0.195301216559583,-0.14327893194521987,-0.6233857227790568
-0.6755165000751895,-0.6954894342578117,-0.38384442630805576,0.22650686891095842,0.0835262491554357,3.9652458298221074,-0.9040593701354733,-0.9183217406662826,0.9064803412015701,-2.4209249839310094,-0.26991511947292374,0.8766152323964559,-0.02202833299502693,0.607497998912204,-0.498123466420227,-0.48400898946255755,-0.7284482801018993,-1.0339404167679187,0.11473456023998037,2.544668478409897,-0.2859083074165906,0.8700657379994177,-1.7741870746094197,-0.3951190980790367,1.3334139609319107,-2.7726303228691336
-0.9009378975939712,-0.6472086341548813,0.5121052180937564,0.2182748713417026,-0.6634969286712789,-0.3417672257408133,-0.16887963497895658,0.7547042029510127,1.910947500664981,1.0143846675318406,-0.3449666184657063,-1.0256306971162739,-1.0306957376654262,-0.7867815977503668,-1.3291738248743148,-0.33951229993320237,-1.0721840260812432,1.3947821421020663,0.28965039082998195,1.8667800158031465,-0.5270383179141365,0.019282177074950366,0.5656847707005132,-1.67062363094164,0.6146371208488023,1.519565681389736
-0.6788170903831418,0.7655593728670452,-0.8187322647463574,-0.29716371330171854,0.450346784222891,-0.0023342910846999806,1.7162737914683157,-1.1722836880081235,-0.8412487213714845,0.7403729815422158,-1.0006797149289657,-0.6538759870688416,1.0569375796892864,0.23703556859820848,1.1337154619202146,0.9229324612180082,-0.7081640335289553,-0.3905610377933798,0.022819725285000134,-0.4543418343361447,0.006253117418602329,1.2455247154660731,-0.25113007011837946,1.504454318870229,0.04842206045546947,-0.3727367053106612
-0.7358633139365339,0.32181776729228445,-0.014494728788679415,0.10519154510417211,0.45840464887859433,-0.6986269362737563,0.4044392979506399,0.0683129477617116,0.025808149962640636,0.33900178027961964,-0.28859963418736806,-0.3816685325302207,0.3342481834046032,0.5340327896044698,-0.9201033301601462,0.9512582493360126,0.4031632436176972,-0.2325790373307417,-0.07713624645258409,-0.5350104168608197,1.661771186130289,-0.848396443760824,0.1166984364920927,0.4725248797573451,-0.01675656624979461,0.06974404607066129
0.6436473501121981,0.13406166959757906,-1.4218312089743232,-1.3740618226017784,0.9024361666555918,-0.07485764436644672,-0.3171078119672578,-0.7521022499831989,-1.4792586443438143,1.3661422013207936,-0.9657860146180192,-1.023521607987907,0.6653747651840444,0.34353745032774713,0.1446505677774725,0.8250352199912193,-0.20251655021949036,1.0699883905815126,0.49436011924185674,0.875998873025497,0.07086252114026424,1.4469195723308796,1.5150571150563772,0.17507916434703924,1.1102603789888232,1.0900124943661318
-1.1813592875362968,1.525995797851274,-0.6959990675229678,-1.1753859621712959,0.11915253787084762,-0.9032064464358681,-0.7970435015335805,0.3988550049809303,0.6188458818662167,-0.42004237039584785,-0.9926461438795815,0.1713123019261987,1.4334512700650563,1.5628756073006942,-2.263263272407065,1.4818549875464677,-0.6914396050631846,1.9534119138172332,0.257601794938216,-0.1644619297022139,-0.530718472417932,0.46963063459804416,0.8011889292789376,0.03890807302825666,0.06734134754266577,0.4390108008620957
0.972968203520965,-0.6753894105862683,-0.4341116433034373,0.18752355552743513,-0.11919578276236782,-0.16346584634253664,-0.47223303114977655,-0.19039739091813745,-0.5879068790237684,0.8818907861949785,-0.4632439808024339,-0.06667147608798765,-0.30993037489408776,1.072821508660199,0.23436634167927467,-0.06923919586050589,-0.9390364180458995,0.16727771199815272,-0.5679538080965254,-0.2509474900977241,-0.08462658965435715,-0.7026593132512435,0.3338354205517988,0.90882697383529,-0.3654340184012629,0.7680598222121624
-0.46765424299471287,-0.16633186512969264,0.3726730546837245,0.6555585822205852,0.33520788356416786,-1.150170175464826,0.5319431858217307,-0.2354361946367537,-0.2300534471569713,0.7301707854349294,0.07862404184955904,-0.27774769219732154,-0.6698848788365263,0.4882745699281233,0.0565560643076043,-0.04513313517385197,0.5704561903109552,-0.2258600082186895,0.8703709483887889,-0.2842260651904523,0.5878421648978401,-0.9444305037302596,-0.13265710554379245,0.30549072334276955,0.3212347713722559,0.23567354631348544
0.6950128677794728,-1.0310502441686014,-1.9586754553598769,-1.226771874378746,-1.6392430095909671,0.1922203921915282,0.18528171917121225,-0.3070527414765754,-1.601818236862694,-1.1591085909957002,-0.5812494411567775,0.19218645648738378,2.3519060638555085,3.848917362699915,-1.969135288474339,3.2227387678763053,1.297868554738717,0.8680047331510006,-1.212213120097966,-1.567137738018052,0.6289759760320395,-0.882819771767424,0.0515378569668203,2.1830828083596434,-2.1001777220088926,-0.5682448536873932
5.263964841207317,0.440045042581656,-2.440469921816354,-0.9469675752832293,-1.4686542966750489,2.535619896728982,-1.5654672129177765,-2.264016521401933,-1.6030841696697316,4.232845695478473,-1.3561372097791655,-2.2721023719811946,-0.023781713026636064,-0.9801672652445763,1.053268758685961,-1.2916171782031078,-1.1505964721513726,-1.654348247464434,1.4525920758637683,-1.088305857741031,-0.46570626249337527,1.9499883868970378,2.255037711278719,0.7291452761470361,-0.9569987201457184,2.125974614005193
-0.2902327855222505,0.7458893018622955,0.10152171353631814,-0.20008490212074867,0.44736572013138165,-1.036801811298636,0.7049448825947876,0.5163159569076898,1.3996327235650405,-1.3750501919911948,-0.23535277680371497,0.23510674799030526,0.5275271236932879,0.4682886176823697,-1.4858224749772673,0.4969250820527124,1.1596842598006352,0.33149585125980574,-0.5549837057624641,-1.484016295393367,-0.09516174991708258,0.4589523777470167,-0.2716716602691525,-0.3122254133762767,-0.6341067842910031,-0.6419750042006181
0.5365202717376883,-0.236647660119427,-0.44259263959830997,0.11179344823807813,0.711343462198297,1.6345864184233905,0.5733711358198009,-1.103573229962359,-1.5237003182570033,1.064988312228609,0.42034423840641205,-1.6332181888469668,0.5507804292794262,-0.9739722265456278,2.546499288190143,-1.4305134853448398,-0.4086157636835744,-0.7013219803587794,0.22680184563963518,-0.39389737090729765,-0.20244884263940274,1.2405047843157329,0.1897713833158522,0.2683148914915044,0.2932916904697306,-0.003471178708980582
-0.08199963577023403,-0.4200370690447206,-1.6576299778276609,-0.4510369310239357,0.3428510326373981,0.9625404754107703,-0.3846502078855722,0.24336987617286063,0.1390291012637602,0.46709987152561033,-0.5674407047657408,0.865275313052959,-0.3489979256242173,-0.9953782977643164,-0.3475730697367946,0.9120997951320633,0.19376050158943595,0.2561576805183972,-0.7144299382824668,0.3272986228017756,-0.2068628495348856,1.613613159100883,0.6835149537992966,-0.40091001489642714,0.14559254855636788,0.5558043144430781
-0.8433428066895178,-0.810448093180973,-1.0929448481058912,2.9668930611563678,-1.0980261265768578,-2.0944277143091403,0.314618818547023,-0.6706831861514482,1.5713953936276053,1.1598855390208704,-0.3725140516908748,0.7981416963974497,-1.3250448245310136,2.4358530752570426,0.6334963870299722,-0.5483166686601149,-0.7694074113772228,-0.9408057186476023,-0.982890694643231,-0.9602013475780425,0.29595624610304827,-0.5582218390031385,-1.8713650211151867,0.8172636276346528,-1.414624492625456,-0.024379644470395718
-1.0109058424541348,-0.6928817126420117,-0.07717983612499407,1.9647949983781725,-1.3321598272119386,-1.5655149563117208,0.23256920253602992,-0.006458829617011842,1.1303381452785326,1.0647657001127115,0.022368563138130355,1.0837344565586218,-1.504727184333005,2.5691453940962625,-0.530801149061625,0.591148535261776,-0.4856984298187699,-1.0690251346117627,-0.9012326794544157,-1.446299924791115,2.097612518572523,-1.0015451275452938,-1.3462090490763061,1.0902590304166855,-1.7661373757037688,0.19641266415212738
1.0075966520866049,-0.6031238551830085,0.28968867580052604,-0.7626369182226247,-0.49869415437500025,0.46902652607187767,0.01057311872555541,0.7218270465471684,0.0671097085337884,-1.1573870121770644,0.5246647604575965,-0.2933800102319311,-0.7125302216807836,-0.5226314553933827,-1.206672950653848,0.10308197051539941,1.5171784828225616,2.4634168987451552,-1.0279911382844718,-0.2925082668224408,-0.2021646238082841,-0.5691108509235945,1.056974067811569,-2.0103175747852684,-0.7482797335678256,0.651631528822869
0.8843651552742418,-0.33790847878810054,1.6208215301964295,1.3448645844838634,-1.1526844003133228,-1.3696018475521012,-0.9575128434345869,0.29383080992002847,0.36509164341498723,-0.2331190134278814,0.9531951492270138,0.5443527101563356,-1.043606431564361,-0.6069280062258533,-0.1202491669184423,-0.17513603462369787,-0.5475158975027787,-0.6282319299101401,-0.4122383237767178,1.2586358029126745,-0.3659517777960566,-1.3126196100212717,-0.5891121451243976,-0.6807115886567056,-0.1841937034257623,-0.08827854867496024
0.8752673984480182,-0.47659641946093245,-2.4379781977727064,0.9504866925174031,-0.025694790016242756,-0.16269993805464686,1.3612765399887057,1.0763249156390833,0.7883028329474965,-0.8042585786264121,2.094347381975419,-1.6974051511711998,-0.20875511299678765,0.7027700000048783,0.8562646685784779,-1.2846029033056408,0.9518266684895674,-0.9578430109987704,-0.2078516444618303,-1.427855466507921,-0.5862211078510147,1.7653266338666949,-0.1627456514551619,0.534962300621164,-0.7792525456674999,-0.19622621069523552
-0.9050239373393432,0.001276635277426844,2.4968761011203773,0.2825368274701692,0.7385575449372664,-1.2533279156677932,-0.4972806563156645,0.7020957919871854,0.14134760067829183,-0.3846202199148045,0.46406362731582945,0.5346139304808947,-0.7733747154197116,-0.4704903780935158,-0.4769540501106865,0.5551162513371459,-0.8443883201609451,0.2124552893580279,-0.828149668094876,1.2469649855491127,-0.392573328056633,-1.3130059943152232,-0.15771066168363707,0.10937773242582467,0.795223629171161,0.030160512984514668
0.42256968768470654,-1.0924649017707966,-1.4696201364948915,1.514402488621192,-1.7893449191407806,0.46706424396715085,0.625508351803767,-1.4824934883916079,-1.2179554846413143,3.8791098451615174,-1.138608869185013,-2.0928236471221,0.5176088770249142,-1.1261931774340816,2.238315920026034,-1.2637185644163154,-0.9953073549135864,0.7576946457397752,-0.279406844873092,-0.827493878973416,-0.26209807017681186,-0.33973908369593614,0.6923399113086125,-0.24512567155441792,-1.5423976447392176,2.3601230989121182
0.10389432550263898,-0.3079657635903745,-0.14658791970873783,1.5553491431971322,0.39522075776879206,-0.6560152139717218,-0.004483008002487713,-0.3644813717240593,1.194461556967707,-0.10981002739833554,-0.33225381353427585,-0.4942550171285075,-0.38447305789640407,-0.3413038994154902,0.7813204032134292,-1.0774998759864995,-0.5134628640430807,-0.6633267557207959,-0.511419161358092,0.7659407358791737,0.10990249857402694,0.07776670884126685,-0.9471619465389518,0.4559469556606886,0.4532990942092077,-0.5109782141397007
-1.2761871753712273,-0.20124392379017392,1.3585211839899782,2.0170984101931166,-1.1521233881182154,-1.0043070183500695,-0.7009420596260098,-0.09591702263833779,1.7255116652427234,-0.7767674379920331,-0.7468712765167153,0.6141852612514987,-0.2996375387156615,-0.37772809025432735,-0.19920315151594783,1.2510407316159269,-0.07798881074191252,-0.7130016580040589,-0.5637465215199833,-0.6509346065331247,1.0409472089440395,-1.1012674012297223,-1.864330000865479,1.4059109153130225,-1.167484548406114,-1.1062434251619861
-0.45481459677605085,-0.7283879536649652,0.5099653751930502,-0.28001112517083754,-0.2864536754332187,0.3006280292059788,-0.49933047923151935,0.6979989517753218,0.33968818042749394,0.9700633082670385,0.8423812675333724,2.1444933967851165,-1.466758585006983,-0.4728415132270776,-0.03722952211492888,-1.678283926038494,0.6545226858285557,-0.267546664381274,1.3145562244589388,-0.08087742401610336,-0.4805156313987361,0.022619132340896384,0.1919968754484059,-1.2865223481421282,0.19047350328141968,0.9126632942254962
-1.746856125936536,3.2620237066315463,0.0565449191402746,0.1580761225973628,-0.4288526262371061,-0.47936083953044284,-0.4057519995971445,-1.4767554338173763,-0.03081374791793224,-1.0989436514564839,0.22307734814002034,-0.10496219130562033,0.7822993541923435,0.7639953922435828,0.861918904244358,2.5387176638788502,2.121309647567861,-1.7389431106485826,-0.7976017543792374,-1.7919307680699597,-0.42342597514966335,0.38546911020639485,-1.5246541850693598,2.7823987695744745,-1.37369157641149,-2.5685738366670994
-0.00282257819104742,-0.1772159072269708,1.0070033289626978,-0.6421213190449897,0.8083597004720103,-0.1862303426770299,0.502406591841625,-0.1956338028638036,0.7598717222660821,-0.5136469566450973,-0.5064663255575831,0.5747773792535006,0.159478970277125,-0.036069180186038254,-0.6589919588265115,-2.0456192561859528,0.024510465369688587,1.7514808546043568,0.3344590758268037,0.6127641249632574,-0.4329062724223025,0.12631062649955532,0.14219525913808273,-1.7092846091627516,0.8772503348864533,0.17174346689522446
-0.5967606049735871,0.8608278042135304,1.3187525493140408,-0.6216714141803341,-0.5985785191395934,-0.7041457184094068,1.3664912497974162,-0.10334714802731298,-0.2320236414912937,0.5756417339440622,0.23131415047747184,0.6058665497038018,-0.466049259096409,-0.4127316808264387,0.147429926552262,0.4169742865735354,0.2597046459667874,-0.647547771635568,-0.3923363967347456,0.642569586624956,0.1652034680895298,-0.38125783237328564,-0.19523516259601978,-0.701428109289105,-0.15510539246850183,0.016290937553359454
0.41764706013880454,-0.7710115963700382,0.38174181327949896,0.5271287118506696,-0.9760996544522921,-0.33536555524885864,-0.8909216496810947,-1.3922688780765946,0.923107904080839,0.6308859989274327,-0.1899944256674384,-0.7722827957209649,-0.12316842506224845,0.7039388952141453,0.11328890820268275,1.9301590381165314,0.3553736459309754,-1.3365279992821744,-0.7411679430481163,-1.397619456707464,-0.178384437288846,-0.12937039856171806,-1.0418617855068393,1.0295572087058027,-1.4845016396338033,-0.7367640188897799
-0.050109876723423104,0.9754616967801067,1.703209821840544,0.44697974104823157,-0.9107355676835404,0.7092049294592633,0.07632240519441887,0.07265014807628851,1.0780860363781504,-1.2824578470521129,-0.47789255789518315,-0.08512696475655024,-0.15084185205363468,-0.8853624366194512,-0.1721556306418023,-0.9359802341077732,0.5140254759843349,-0.37548510831689513,-0.3245473164904665,0.1959419589334093,-0.07831386450190853,-0.7637431575405093,-0.9296280425644621,-0.819935315323793,-0.537284237277385,-1.0420521386451678
1.4337511253778066,0.17480293682834686,-0.13908895167837107,-0.19968746678085697,-0.8052544798585441,0.6042730465207686,-0.2618269586925757,0.1907673643356275,-0.17616792170664933,-0.4515181982994418,-1.2006361811581465,0.09299772904455217,0.01939767874079826,-0.05954877397292001,-0.05112624262254444,-0.686968375554739,-0.06987897790670895,0.3911868634626144,-0.3396408116528516,0.5152880998349467,-0.24566423725293277,-0.24198385732617084,0.20680837017418663,-0.8381442367951598,-0.32306819020719224,0.17200108383055093
-1.029173628922491,-0.5801389339795004,0.36869831209218473,1.4161305176389352,-0.17336482937205563,-1.0807091266376823,0.017240831990831342,-0.5707166165462283,1.549228768969034,-0.9998995857381373,0.20531622356621562,0.35731892595219167,0.923038960135619,-0.5281822989437266,0.992640363667166,1.4413529096168038,-0.9331338722206177,-1.5350457667008104,-0.279406844873092,-0.7558788401036367,0.7362856074174091,1.105763457724879,-2.1173763476145786,2.2142545727267064,-0.5577366986501278,-1.795054055809904
-1.407913457275001,0.0575861908497175,0.8277675232735363,0.014768781345712485,0.896434671591765,-0.06006020749538144,0.3593628775400664,0.6208900556585781,0.9032181075341573,-0.7948527764870834,1.1650616824733755,1.3766733510672524,-0.19242443606686963,-0.20386837138547487,-0.32943414229635937,-1.4550173438228613,0.33930667147997823,-0.50971464857184,0.13481409712368816,0.8413989901856821,0.08914345074878714,-0.1292650210270041,-0.6411235877127996,-0.559051214877417,0.9807500002130803,-0.670307159374749
0.9648768829769971,-1.0924649017707966,0.043254376217918014,1.033387051708042,-0.16706471206301587,1.3849991569574365,-1.9813524473945274,1.6550244189861019,2.841328298994918,0.23026317617788475,-0.5963233054432893,-1.193284782039626,0.7694022970620887,-1.2730730423264496,-1.7632997300064948,-1.377203637697644,0.13363219924821032,-1.5300178271998444,-1.3234622690555917,-2.116564578629444,-0.6615663251012511,-0.3847704168637562,0.16240763641554604,-1.0672963408695775,-1.538695911859181,0.6782386999265012
-0.9185224614981621,1.26103251277047,0.09712854127818478,-1.0099587659855187,-0.40341755048496436,0.07068325881225469,-1.9813524473945274,0.12939776719218793,-0.8155164285273093,-0.16028964355418077,0.25571341454438634,-1.1740201822192406,0.6354369949289628,2.405808573649579,0.09035974304561993,0.2689102462790795,0.7649793738310843,-0.8409544309033675,2.939764046356283,0.8442696846429953,-0.4202758024538473,-0.29562102249563954,-0.032315841617188555,0.06992255513146259,1.0687121855148873,-0.518782627189373
-0.13287937830109203,0.6758158032512641,-1.0253623361045199,-0.2836757210505758,-0.014368577248119853,0.562082226097305,-0.38179385325317705,0.7730649372315135,-0.19249419456663872,-0.18494247935122127,0.2601310574029384,-0.07200925474794163,-0.44171557902254416,-0.33802767702662323,-1.0104524090134082,0.526968478867178,0.5432360906889776,0.5262160464068315,1.239049433946894,-0.13914396153634193,0.025728375701780173,-0.42368985301815804,0.9442957567608724,-0.4815962759707031,0.2988403165523413,0.4659989224076793
-0.7745780224594331,-0.8008811512966574,1.8454167118622542,-0.4266863541433766,-0.6929572476162769,-0.2976353557122066,-0.39878031619981075,0.7012755175642348,-0.02085160910055457,2.0630470786373394,0.23385976535916203,0.17671808660298557,-1.050652090476759,-0.5844111979168242,0.6745285275300088,-0.8291793799573592,0.44651221497069615,0.007608388019307073,-0.26708760682964056,-0.4862133618815916,-0.41855090281467294,-0.5711481499280666,0.47455571230355087,-0.08623368197400814,-0.7268780463743415,1.7570599521002201
0.29343326640831296,0.938003455872649,-1.0469051991192537,-0.248712284883996,-0.43037255606729935,1.1043826906867882,0.5232785165410884,0.11375453654778196,0.17189724002270668,-0.10981002739833554,0.11045092290142279,0.13937224082937028,0.6463925504836089,-1.310873007556103,-0.642963045417482,-0.5326804934286782,-0.54546392131152,1.2887337853859397,-0.654720886245886,-0.4652060352792382,-0.2597548987018902,0.8781932455761591,0.857808785025197,-1.1001825697945646,-0.6797850091947812,0.5152150344038086
0.36174723952630133,-0.2953125516842386,0.4933643359149891,0.4754141502523362,-0.5896679438958086,-0.35446731397485176,-0.8997154464368481,0.7985243424980712,0.9561380992281062,-1.0151863687741407,-1.0985078785142102,-0.28847002918540715,-1.148904940406749,-0.1049931490443018,0.7562059766739359,-0.6780307540322161,0.37802465392545187,1.3037227933598234,-0.8421302657026383,0.5577373365843719,-0.3897632929948443,1.1069985201507548,-0.28677610193489583,-0.031019855205676936,-0.32787849104494177,0.25218747128486174
0.44874109424072217,0.2718814254995028,-0.24407450410350728,-0.4211280702902054,-0.16035371753816932,0.5934465870600162,0.9806459099554181,-0.2290362567035497,-0.014831896115076,0.24135251977276181,-0.304985768174106,0.27417516949579984,-0.25799649936078173,-0.3678460489137041,-0.2917207689761391,-0.28702924203384705,0.07786102026504392,-0.20176737468373068,-0.829175160022331,0.7822876469255365,-0.07593450411756147,0.4972746745380392,0.18034542920481686,-0.5107608458679009,0.03856418485103082,0.051688374664852064
0.6814516643001188,0.772570785224169,0.9919818112414912,-0.8187842438191718,-0.5849823994074856,-0.6273461490076885,0.5492699699404202,2.2317889347413216,0.01368917589159349,-0.9936795329195502,0.39549430272912495,0.6284920915409477,-0.8463191195531737,-0.7214075120408461,-0.26310804085632905,0.2519203336678686,-0.6181606627288809,1.073126699338126,-0.5727054336371485,-0.9578872988023539,-0.3032288695128796,-0.1844477233722807,0.912650907285838,-0.8964553949462841,-0.9876964648669253,1.0291874112516914
0.4966586094371521,-0.9642588169319727,-0.24141922748575093,0.9281164983155712,-0.6505435588627769,0.6212980903309235,-0.5026943423239776,0.03937310523469211,-0.6132292340674578,0.45430459361173253,-0.42010572621217745,-1.434654476287253,0.47962938577631453,-0.6263479951939672,0.6843806712010659,-1.2622312556207465,0.002613330333475999,1.144092774587374,-0.16227222205624875,0.24903063041831547,0.677961024251999,-0.9965923834137321,0.40803220453385025,-0.6893474012250648,-0.30914265003876684,0.8659158555452268
-0.05221552042817154,0.7279198387583597,-0.7568216220251665,-0.28001112517083754,1.0745805069870948,-0.34321732789644926,-0.993337801952522,-0.0425049165189918,0.5413762805100161,-1.0915130598214033,0.3330262323801444,-0.5734116916864593,0.6076546744892808,-1.0394650804154526,-0.7959904618307587,0.5504922344067615,1.0079840874366472,0.2755541377369033,1.3145562244589388,1.140534868751901,-0.48445651943430385,0.874049810340957,0.36279045771402485,-1.0366980920966724,1.5899432733445056,-0.7239528998388903
0.4519511040561039,-0.09097664026387467,-0.1859973899959853,0.3539568738307176,-0.8304536602000006,0.48393151993118905,0.7364385985781624,-0.3628647460647588,0.15884322746596205,-0.2472864288440409,1.148923203583035,-0.5899339110692654,0.3778648909314375,0.16525584739083443,1.4687610360444532,-0.8308070334193409,-0.5111478939428103,-1.3124792107059131,0.49067658856648244,-0.7726398066476277,-0.27608683494671116,1.422298005260168,-0.9013459418448245,1.0656865004490819,-0.7186045583835268,-0.7920974093610557
1.629018784005057,-0.8477186525334504,-0.8447439321849265,-1.3567449941343135,-1.2986991537235353,0.03719145783816386,1.2565284171250246,-0.9780470986227952,-0.417999891006011,-1.4821806504653259,-0.9297202335986102,0.9252845798233431,1.676642008770085,-0.696702541860925,-0.611173111302638,4.399011292512649,1.7562589209245287,-1.6116833292336432,-0.7692824323261003,-0.6796756511112807,0.646702394742163,1.6932946059316654,-0.8717482136517655,1.324741164674734,-1.3300274765019353,-1.9379106791293863
-0.4756060983714813,-0.16432507631790289,0.5248337671791796,0.6502550630354352,0.2742540687328962,-0.6978864447979434,-1.5615621872419383,-0.1665016518984778,0.9741061478232211,-0.6330916821969568,-0.4824200915036622,-0.25121871758360853,-0.5913280545257741,1.9200124712139717,0.22756498423347493,-0.1411608369802406,1.8725539946564391,-1.1778142059596277,1.4786583138442317,-1.4246220903946745,-0.43347422929294294,-0.47360367862772823,-1.2268728138427385,-0.21552401443344035,-0.09017133994383987,-1.0752005108478135
0.9939320794757877,2.402122168305629,0.9346269253968843,0.5495504098863113,-1.8614383069839981,0.23884488887796823,0.05081403925323385,0.10522186528719685,2.1426575599530704,-0.2566598198517032,-0.11844754877839847,-0.4086901711730305,-1.5261273146558658,-0.6187900078059015,-0.8323956584332858,-1.8758345402597782,-2.2642116153291707,1.9583437443000435,-0.419141535483376,-0.44174923778846814,-0.556317867218283,0.005056209888548378,0.3447298989832856,-1.9819713370962262,-1.4376974954391601,0.7754043505993711
0.10389432550263898,-0.3079657635903745,-0.14658791970873783,1.5553491431971322,0.39522075776879206,-0.6560152139717218,-0.004483008002487713,-0.3644813717240593,1.194461556967707,-0.10981002739833554,-0.33225381353427585,-0.4942550171285075,-0.38447305789640407,-0.3413038994154902,0.7813204032134292,-1.0774998759864995,-0.5134628640430807,-0.6633267557207959,-0.511419161358092,0.7659407358791737,0.10990249857402694,0.07776670884126685,-0.9471619465389518,0.4559469556606886,0.4532990942092077,-0.5109782141397007
-0.054960514130543606,-0.5932381774741643,-0.9761101287405924,0.44740711883505646,-1.114931679656493,-0.11429453426003025,-0.7620525554058709,-0.5717033880525544,0.2620688206987658,0.9768784367565879,-0.3978210680594118,-0.3155195611326224,0.5598104629487106,0.9351321991804001,0.8322798577917464,0.7524328622774069,-0.7132658288791204,-0.573658025575156,-0.6000056821978191,-0.7767123059566636,0.17451211030656036,1.5399078207824053,-0.5299855509177575,0.3655950160373108,-1.2183866483556793,0.17121066823352615
-1.4554491943008772,0.1871065080768822,3.1480800441571994,-0.5512170956174979,-0.5342147523301204,0.3131298808002008,-1.9813524473945274,1.2060469131940743,1.2619706575038816,0.2822646611907534,0.4714916788295656,-1.0780712530167398,-0.13304736315178006,1.3122977834003762,-0.3441716498316887,-1.2260371128996026,-0.1278967274398416,-0.39145801243736295,-1.3234622690555917,0.02980071254539863,-0.5925958389269197,-1.0518804632937222,-0.2987168537924259,-0.845667125719113,-0.7004510798794042,0.4727488467420458
3.283094160960483,-1.0924649017707966,-0.4260494616404097,0.4814548825188083,0.40918601780383057,-0.28694047446082954,-1.9813524473945274,-0.6754985935646496,-0.17304778956007358,0.12710763775976397,-0.9845054585495389,0.4609021892041128,-1.4165629061352214,1.4738252309356512,-1.3456706092693376,-0.8204527460626757,0.7472081200280108,0.022107096748420752,0.26814222203150784,0.17607153238842493,-0.43358789789266416,-1.3800963580831904,0.5107736082148354,-1.347858875156911,0.40816880084678814,0.2978675660924399
-1.476712252314794,0.3479269584948966,0.15865695929783433,0.6165296171330354,0.3643140347404287,-0.3690180525890786,-1.9813524473945274,0.17735324474143271,0.11154918197349355,-0.9307244409491303,1.3127692508169544,-0.9280017681195678,-0.5624302788027831,1.1898735445879907,-0.3150272432130742,0.5139549203011011,-0.0871668126277677,2.1170516662305046,-0.6711653464789115,0.7022503119662963,-0.4787217817605902,-1.1938240025535936,0.1933034930176507,0.0021283031227828098,0.3554383239524016,-0.045201666863165735
-0.06216114978459144,0.2098656833508527,-0.028293922043939237,-0.5162926271702559,0.34968186635018855,0.13648563579449044,-0.744381542478499,0.47311602471097497,0.45926610537760604,-0.6589005557022333,-0.39174773068373747,1.2521772251994638,-0.17947446745396545,-0.5512281727195406,-1.2093602227958384,0.1571528843518972,0.6859570002008168,1.0193661058552765,0.3279060270328022,-0.22329506289616727,-0.04721520158047779,-0.35417580595176607,0.4846524662462326,-1.3706141737328363,0.1952147899106574,0.15182142997954973
-1.0051249383368892,-0.19283449075160938,-0.6260355924488831,0.4763419077676648,-1.0668418755923064,0.47788693298161866,0.15484986621472355,0.6331311498883341,-0.2887801996931296,0.48009511156963064,1.247431517330991,-0.8029958245863618,-0.5919965279118575,-0.2475457945327235,0.8708666196155065,-0.03903047014787102,0.04169540932032893,0.9391380529529699,-0.5086476831748239,-0.3560078380867115,-0.3287037143783154,0.15953967577939704,0.35375530233819846,-0.3834414299624875,-0.9558498578624027,0.8753177378587974
-0.6233031970097449,0.6493305415901407,-0.44849571190927906,0.9005273571108854,0.11376232314191766,-1.334984992507972,1.169848448200239,1.2786583727285723,0.7732731709132686,0.6943057964762739,-0.9953357976229877,2.603963034538847,-0.32039903044443696,-0.3655075335394117,-0.7514230057534704,-1.1932551052191303,-0.4152041111087087,-1.5224205441653444,0.7799797896498262,-0.16876171527253828,-0.40928939062981806,-0.5393592602893178,-0.34439780013249705,-0.38408902277727663,0.22041810503229858,0.5349056066746404
-1.6140222821225312,0.7254089632541817,1.3748751181213499,0.5072842204857918,-1.4785318903806657,-0.8286915281943721,-1.3646950307565862,2.357749001400508,-0.2681580246487969,-0.06524871106765842,-0.9421177521758678,3.6651144333524037,-1.582798560442406,-2.1727122147922033,-0.356432400202278,1.3805192182967185,-1.9099007244591157,0.13509703374082283,-0.5002185667691608,3.4738535245914677,-0.5303765996992061,-1.3707880091834463,0.06104531332164564,-0.43257687212134477,0.6854583776190053,1.0253163187240932
2.0136682118234135,-1.0924649017707966,-1.5905916161728133,0.8288698653079719,0.1486758855684499,0.8368781389642124,-0.06359747876178765,-1.545350568794583,-0.9120757651248891,3.0256102061100374,0.2579202620492394,-1.7775237985763466,-0.5923782566819269,-0.9354068649934594,1.4836827100411085,-1.278538282248179,-0.3177330730183664,-0.0920945285763401,-1.003434556370518,-1.1287378360422733,-0.23061000716634747,0.7283921255342821,1.1486240927924567,-0.9067460942465585,-0.7710924743107557,1.6633368891611502
-0.630539193624613,0.43795144976150263,0.08034806363646263,-0.35048268749154493,0.28017906649654983,0.32085814288542674,0.21738506274895186,-0.8602289058694976,-0.885870110784335,0.22782412656207185,-0.19859568955573825,-0.9280017681195678,0.5774264302707561,0.41928097473002934,-0.3775662824155175,0.7343967154052499,-0.6989640747007896,1.2441580956129694,1.2857254212511293,0.09821854969578048,0.27458990119531523,-0.9363164335572753,0.4512690774885797,-0.05032086011215235,0.6026124343948486,0.04559246573279505
0.6643507460566735,-0.10891374345504343,2.159624561869011,2.0130960727102547,-0.48959310564520564,-2.1242024948066485,-1.3140738995400387,1.0700929353460964,0.9868962627818559,-0.30268736674007285,1.2262981223876712,0.9401977652328795,-1.846895674848338,1.6541111307710772,-1.1999079770028669,-0.6853142485863915,-0.8463693851789378,-0.6870312391516571,-1.3234622690555917,-1.0166858473308926,-0.5463624332557137,-1.4744092516522957,-0.6631500214289139,1.4742232787672254,-1.18810865827326,0.22982647323916777
-0.7636108271041012,0.08428380549983665,0.3408450022651079,0.15087889124238452,0.39522075776879206,-0.35872947510554953,-0.08051644797910482,0.09140706419863075,1.1634194259175903,-0.10981002739833554,0.9220762730335371,-0.02364836437338441,-0.02972173517453722,-0.254093979635647,-0.6979193199627262,-0.6315551221150976,-0.07824848519230075,-0.16178979049941797,0.8081508886503453,0.5152880998349467,0.9377458707510755,0.08995537702319664,-0.21134199648035437,-0.05976219325307992,0.7302349852967644,-0.2224840489931975
-0.35157576610485036,0.1788777530296304,0.34397961912667613,0.6825665927665618,-0.6447645232970876,0.16882260240365965,0.3187202320267328,0.6809348219057317,0.6522723098158405,-0.06825767454979424,1.047105960119075,-1.4812007304806232,0.05514481920008296,0.13568669076301038,0.3775272616525663,-0.6524019087788855,-0.6621494484575347,-0.4098705080231758,-1.131548544246054,-0.22095364623065475,0.13275936842792016,-0.2518893455892944,-0.25420364645179644,0.7256601217571942,-0.8303615885238981,0.11241950529622839
-0.8597700222329896,0.009507131793675948,0.3812742212114338,0.41632003025424,-0.577209723600769,-0.30050963698497274,1.0091266633914755,-0.6950894292131446,-0.2066909535753254,-0.22056129227537374,0.5612990574989826,0.09299772904455217,0.35326731825228136,0.9143439422307513,0.7253379106095087,0.7152278636570626,0.9388285958176725,-1.528575867961691,0.07384936609612631,-1.0074895368685302,0.10472330313406214,-0.4379158202045595,-1.3379504234818955,1.7275835235056125,-0.811488011500963,-1.2647957689040248
-0.4118924280426063,0.15257016773011642,0.9715476818717524,0.30556441101894233,-0.0008385399860410821,0.02200489221428468,1.7593696683781395,-0.5155213326134253,0.7721880333709862,0.5507167718554767,-0.8451580189729364,0.3004626501871614,-0.8070149167821256,-0.30423085659409926,-0.21881333674777687,-0.34282290682433303,-0.7297485523181135,-0.13708520314370917,-0.19580726524894226,-0.3264785463135835,0.3033403156818607,-0.3761294590172009,-0.4960542519201032,-0.08015076827443515,-0.22016713485931866,-0.006832525037381585
0.41262281242225046,-0.626755166031182,0.5709546785043516,0.28426659743870714,-1.5663307842551477,0.2471638387752118,1.3361772940587082,-1.3957343059873404,-1.4437905137651272,1.0945658322633864,-1.7250920810393477,-1.4029489779646656,2.1905452005320716,0.2734798106933001,1.4776112232541307,-0.7257380723075626,0.2704612688869012,-0.30209017829691776,0.7855542827382681,-0.9447856475816941,0.04094387275611791,-0.7494469386642983,-0.6706565634583898,1.0645750130179192,-1.1461225618166877,-0.015801662022568573
0.579078889229746,0.4672493611204569,-2.069207953955873,-0.9856209467420087,1.6806031237156664,0.36073719469483156,-1.2759060930552653,0.9964400242700058,-0.7701930803816516,1.4099549844415495,-0.39534142143857415,-0.21022023262541553,0.0634792040494324,-1.161283559357332,-1.4829160463072197,-0.08736855628477057,0.173480541628194,1.3017682766505414,1.0309822443868635,0.20901727531936648,-0.051925433395670226,0.6751250783279031,2.73068177776079,-0.49844324413475183,1.4026375137558975,2.163370085561802
-2.03441938581209,-0.9664650401892374,2.2872215113476706,-0.6457018678071434,1.2046984976582527,-0.4014875896609776,-1.297487625884,2.3489119736322435,1.6963588039271362,-0.42176054253350154,-0.2746937330799216,1.4903513260176986,-0.9617070457287339,-0.9961286699230341,-0.553225648741309,0.29267013554072296,-1.2763362518278838,-1.093101420947146,0.045987101860650824,2.674111807408987,0.025309048204239664,0.9401455704870917,-0.41301680230351046,-1.1202244180938006,2.034898971884095,0.22927553500373052
-1.2230721427324431,-0.5666835644796626,0.5327068970846007,1.9676035462893633,-0.8538528990884955,-0.017869939998945553,-0.5545121482588654,-0.8381526898990522,2.6692930172849247,-1.7165654692950265,-1.4781644112365202,0.1810599668487026,-0.27200934069308885,-0.1269901603820451,-1.105414249303526,1.4989076218302735,0.5097539202763055,-0.9016457391947841,0.8988578315314489,0.23530377233873487,-0.20766338498071207,-0.8356457620604198,-2.4105195434677937,0.26734567920882885,-0.11366658352560274,-2.2614800042303718
0.3827352674119483,2.2024314785869765,0.30185036850720043,-0.8293840193056227,-1.2282407213044177,-0.622983465208814,-1.0233311036891544,0.28895871976512955,0.9771666396168947,-0.31172849202171643,1.0788675338545146,0.14367844549510397,-0.07229189390116118,-0.3413038994154902,0.21298093062469575,-0.4874806631720291,0.4222480504860955,-1.4992216977564259,0.3818282571091579,1.5680291712207022,-0.3431426806905658,1.3740907299275433,-0.2248360449839638,1.3525443547732117,0.16405494129553655,-0.5606035164279616
-0.28547816094729744,0.24330390107694927,-0.16569002070501063,-1.375988657904227,1.001011091721132,-0.27615010319827965,1.7946325784712447,0.30189609429807057,-0.7406377745753403,-0.24624142241413427,0.9008882648144865,-0.40239485968381383,0.4491925504999829,-0.4402989434899074,-0.7878730869126276,0.27377762664877786,0.8730478091200449,0.8136092398354013,1.0962067207727695,0.3730257928909253,0.08638408314957292,0.19101243281400346,0.9934452793920356,-0.2341450624847329,1.1036410366430491,0.2418748907367382
1.8777973389256917,-0.9172044560070852,-0.5344600746411178,1.250427247418854,-0.5262635546495638,-0.2244940705584129,1.823555016967238,-1.0757966618161992,-1.3113649367374085,1.7117522917572716,-1.2329695671866951,-1.6179257482932219,-0.16105520358646216,-0.5361345712640768,2.181877162390854,-1.6124876085359878,-0.34099759157295795,-0.9016457391947841,-1.0059879689717288,1.2152489185754753,-0.2067468317824421,-0.4948899406399742,-0.16188121908320027,-0.41150941884235265,-0.017426451161842358,0.6407309867488282
-0.873958840645076,2.5183804465664887,2.2611971715757666,1.025286286015441,1.3278323012045734,-1.284975909594217,-0.34819581885568757,-0.019962941837277638,2.0517346555572145,-0.5523710457509511,0.7330676298520861,-0.30658539304655574,-1.5867398694222918,-1.2361015694853914,-0.6851212834247924,-0.21380497860437422,-0.020120537332094176,-0.7858483431150597,0.3117478245270448,-1.1070868389444724,-0.42187113124897474,-0.9786782025123377,-0.4883438918991638,-1.6231815749529899,0.33105950757999736,-0.8583096170154285
0.9927843690111793,-0.13345140229036367,-1.5436253962849213,-1.6738181084226973,1.6412064841797511,2.060828953508875,-1.2377738576855752,-1.7067142338290813,-0.9920403140882866,-1.2247693663582107,-0.6803890870411429,-0.865826636236156,3.305973238643464,1.0255892091504968,-1.0436525564989192,2.071713052440394,0.889673722241423,-0.3934421725645935,-0.5789487337237883,-1.503742333332122,-0.1272464690706464,1.5309834987373594,0.24246265066566297,1.2372250021292193,0.050401833393909024,-1.8087633122469227
0.5566657559296354,-0.7662375373789378,0.7153479205341227,-0.011732031038898343,0.41596124296934434,0.3728747029402447,0.6745483074322495,-0.05228054514333888,1.3321533857840628,-0.6535904469781338,2.806676180327257,-1.3588458973276882,-1.3321157001771924,1.3813078823744869,-0.9800463333459847,-0.7956002981393828,-0.38311400305064375,-0.5780820240082515,0.44936451557112816,-0.2925082668224408,-0.4534068798176559,-0.1257173106916301,-0.2916716664089985,-0.6426518505254661,0.23699053241364468,-0.6236985588489297
1.127470052411625,-1.0924649017707966,-1.6871676835732083,-0.5814127129754574,0.129323599745057,0.3958935932660224,-1.5353907246389091,-0.8156328122610185,-1.9181120222419377,2.5810934013980433,-0.1445735013296159,-0.7386210097201118,0.33865345380647366,-0.38240782669327206,1.0867205980626344,-1.0824614711763212,-0.3617890250296229,2.138484694628557,1.0579908348153806,0.08867856342550659,-0.18825645017274154,1.5734935506215812,2.035829304043628,-0.22723207455777006,0.44025417830871166,2.4221388596623914
-0.7271610307760867,0.6131285186496976,-0.14131217514149108,-0.6112780507667677,0.1354669211170785,-0.053360673012689555,-0.29824043962979374,0.1538012069974616,0.20870955543272657,-0.4670869342142943,-0.47834637655805673,-0.24646369722031958,1.375594328200839,0.24043756546887712,0.1264247982159365,0.9091940917584203,0.22870565612657248,-0.8259820773827876,0.3617660156248668,-0.38263810811172794,-0.1485207884739364,1.3075168811004243,-0.37824605790502835,0.8377715331261648,0.0013686805703771092,-0.6897230186558447
-0.4026852343007277,-0.5673818132675659,-1.6034491868990939,-0.7689526299784861,1.597846636881757,0.39126230258294753,-0.912643378719211,-1.730027676137906,-1.1187337384959235,2.606033544587856,-0.3772297927339188,-0.06718833357472162,-0.32991767519893767,-1.1512095687653516,0.5341083966352378,1.2253407929479543,-1.1944606620257245,2.032517688812441,1.0544328869510309,-0.06141268628274861,-0.3904026137870303,1.6505853504303654,1.7135454122788711,-0.296011151463034,1.2283272940567185,1.6296546670158865
-0.23970750905227461,0.09702837633670272,1.7858988489254781,-1.2978787892717552,-0.5493248983916545,-0.7406814292123887,-1.335754429975744,2.252076865500091,-0.30542249348266737,-1.25863132792703,-1.2152659683383322,1.7238068239756625,0.4021271674312877,-0.5065934585650131,-0.4179795965571683,1.139468461643558,1.1547279906313421,-0.23813687365285274,-0.8925224248984347,0.8098275692659791,-0.3587189844352743,-1.0137689215721282,0.10415944196974204,-1.1711557874953786,-0.195661786550322,0.19785252477931292
-0.49419928902747395,-0.6149436872261917,-0.27374433413669763,0.7827035742424351,-1.2123021093079065,-1.4372878803639813,-0.6854781660539262,0.973452081527313,-0.16599357775042398,0.7154219584537436,0.4585195019106498,0.40148904656964934,-1.2513002029820086,3.4011391798325747,0.41912669525038876,1.007552852816912,-0.9155631053726049,-1.1176174850879865,-0.4584598282473854,-0.7815668431764923,-0.34299167476211495,-0.8355403845257053,-0.667566175878429,0.987199973383833,-1.235073343242465,0.5552426775219617
-1.1678288488127158,0.34456155695221946,-1.1879633025425813,0.9504866925174031,-0.40941314985748384,-0.8887809949738961,1.0827241243734362,0.24123955637882916,-0.007768266132115953,0.2525109558510959,0.6583152735216139,-0.548010709551211,0.5710347104067923,0.38327197613853586,0.8562646685784779,0.6004834753887108,-0.04469223635567568,-0.804725806663272,-0.5797218526597508,-0.5095766503458911,-0.27938923921587683,0.5274829011560768,-0.5664206283556991,1.6755793596040092,-0.6665226709984217,-0.18636694574044443
0.4418833459987717,1.5505001092113744,-0.8279513732058684,-0.17146105635783718,-0.022616835258158,1.450597811410315,-0.30780357603754777,1.080790612747427,0.8412120656594344,-1.3450759286237248,-0.24170057199061015,-0.7923338595747114,-0.3734700756943352,-1.350047516975926,-1.4648091511168153,-0.5275441490813314,0.7008317999429845,1.8707312263112825,-0.046774174600698895,-0.7373048861721699,-0.24232097192595503,0.3990628121845119,1.2338643661963984,-1.1027106531585167,-0.3895206527607665,0.39376380333467065
-0.12058140131743396,0.5334636458658403,-0.5610120208586343,-1.0470871004504225,0.5323397478080293,0.45325706886741585,-0.1644953272566161,-0.38355943157278266,-0.639772462353521,1.435203246178537,-0.87567548383978,-0.30862304282774444,0.5665076287034334,-0.38649104217514824,-0.10807657647639717,-0.5092277513143793,-0.16936557394299037,0.8828969070141979,1.6218145468167624,-0.2983325395161641,0.21204149161337912,1.173811413318367,1.2066570069560192,0.04449637505986589,0.6579306460497468,1.141265360209459
-0.8933042884572684,-0.5816282536533124,0.13680331399698634,0.0982195889621638,-0.8957538617492892,-0.5960971580762143,0.09807372498922823,1.5456558346031792,1.3965963638056718,-1.7627239703618263,2.0743097246481565,0.11133183835482907,0.4289799751355976,-0.18513729887949187,-0.7920692166642687,-0.9163534711886044,-0.753842898873453,2.841600175651858,0.5272406275573149,-0.4028000438154222,-0.5553826578113895,0.6373959132535266,0.1777530437491217,-1.4963163370970833,-0.5642792962985608,0.47732208537901183
-0.14628072518234891,1.019084180434452,-1.7491944799928412,-1.0746506534253566,-1.259075232363089,-0.5257404665142716,-1.2650748072409777,0.7184311902418317,0.34965141100566943,-0.940128947344949,-0.9828642789970201,1.1760809528787723,1.350824533810372,1.5928002093468323,-1.4051603484561954,0.9775007511275813,3.428887946247741,0.48583348702164486,-1.3234622690555917,-1.2310814344732004,0.25303809404325733,1.4930551300459032,0.20527385318861352,-0.17311021500263493,-1.7455086142595975,-0.13115506199361765
-0.37588179031365554,-0.13544105685360117,-0.23841138301833398,0.07274044128605746,0.7385575449372664,0.4391037595371372,0.4302642131086249,-0.4101963255337339,-0.31307828456988057,0.3895402004669558,-0.6835703315563811,-0.8687442207501496,1.8232283272415866,-0.896045837268188,0.5677852520844843,-0.19813610662246448,0.35019388568880844,-0.807267171050583,-0.33283706713416034,-0.4347997965401652,-0.07129440061442266,0.06350561580996093,-0.1422110850357756,1.2369279977130856,0.11954601938077364,-0.30995958206790364
0.665950184880619,-0.7048300334934116,0.3981900519090902,1.0542584362572154,-1.9657296740371053,0.952048037568435,-1.9813524473945274,-1.2127914220978484,0.2946049580561066,-0.746447068799113,-0.8579656880516681,0.6216671633914838,1.2774325504312114,-0.21202801833007542,1.0689249066668738,0.4108659631788674,-0.03472704730722304,-0.797069946446497,-0.9723730430804962,-0.816119725741157,-0.2816403478191318,-0.9008744560484379,-1.6485844433168722,1.4665368332326842,-1.8505179134786478,-1.395292615793998
-0.0593834565055818,-0.8969220898801277,0.7683974406492886,0.08581380659723344,0.778747409472887,-0.5138904789384382,-1.4506976971719667,-1.336006233440612,1.2924699469894383,-0.622694910833392,1.616238175540651,0.10001583023453946,-0.4251062954544573,-0.19457385634376578,-1.3438593896176585,-0.39855636803802824,1.512479441067187,1.7042154465729986,0.09339632835132179,0.28880819575344086,-0.2672087577966039,-0.9276052240209111,-0.056903940012575004,-0.969131897257454,0.627696572605921,-0.5651850654455169
-0.5763398735255032,-0.6043321046807562,2.3339040610026123,-0.14275411834996835,-0.5032109711520094,-0.40203776792802925,2.3238298872814704,0.8799252107760237,-0.7949941307775104,-0.5764660345279269,0.17644672157378205,0.9164029494016638,-0.9221183958882109,-0.8432454377039227,-0.5318292457815438,-0.5515137560356151,0.5576480794618932,0.9323038114094403,0.002874806850324701,1.4315627360410672,-0.3555544876374965,-1.2091739967769457,-0.041473734383209004,-0.7340977222672235,0.40816880084678814,0.3147466276950431
-1.2493506976617492,0.30367763227910727,0.6696556852237364,-0.6579910394060601,-0.370797425085325,1.081790687046355,0.48135778642436927,-0.08695606680502065,-0.1166738765388909,0.46856659160762104,-0.6511512931701607,-0.5784501809924184,0.9353221173146088,-0.32578348996314566,-0.6266624555099942,-0.05769922632491025,-0.5226835076628001,0.2859098733705129,1.4584735469335126,0.5375919360931188,-0.08454977011832564,-0.5401671547221262,0.17128393200591582,-1.0727563367301303,0.4882420409189362,0.18267035470293536
-0.5112943233140628,0.5668354336611756,0.11922082479210763,1.3652270506553204,-1.2203287484428402,0.2303763175796948,-0.0515252802182364,-1.1390544097365907,1.3945604736648576,1.0523106323045763,-0.8872271971596034,-0.9449238980243008,-0.20735261331440702,-0.8815034744546646,-0.9197212625518053,0.5448802081034819,-0.011713912885976363,-0.4257882649984409,0.3940965342758107,-0.5260924563919707,-0.35412591879182925,-0.8910743453200284,-0.5187419813993871,0.7914172327210847,-0.8558926403166184,-0.11142943908766628
0.4120428739189328,-0.35037112241093776,0.25389750807517864,-0.3890636159900801,0.5848840866230294,2.107938682513771,-0.37026550302513145,-0.9559042075156565,-1.295620739160524,0.09756569302567797,-1.7984639822925983,-0.19464958053966022,1.788139096935353,-0.7867815977503668,0.9391340294413264,-1.611521036547679,-0.3517277908215069,0.17708653735286456,0.28965039082998195,0.7049711757603077,-0.13531128349894245,-0.6658825536360284,0.016225019285291287,-0.8214486400411616,0.7776384261135535,-0.31945369929909634
0.41972754398631595,-0.21088727491921855,-0.8648586401825726,0.07811983580359876,0.1437059574721981,-0.6253034208075465,-0.48611289200152596,0.42557277949313344,-0.4508752085247334,1.0841426329833952,-0.05537827603101219,-0.626815345180675,0.492794928794393,0.3998345827269251,-0.1167429316280705,-0.3641259424716089,1.045812732424804,0.03306598695838605,-0.924230373297958,-0.8842589766728731,-0.3261469082644446,-0.48431706132366126,0.8276412736602079,-0.3065024412492159,-0.6299514407546067,1.1093515037528456
-0.5486697126817551,-0.2609453105133145,0.31734981283999686,0.6964820840799133,-0.38520378961513446,-0.9148924273047462,-0.8530833570159598,0.10372707766152556,0.3894421533816051,-0.45122421363850007,-0.2942677919852192,-0.33227263612411556,1.5530287088380512,0.5772889149217252,-0.1403125015169113,0.5923960385589809,0.5606379854645138,-0.4327041322809339,-0.4197120848420967,-1.1402053515398152,1.463198446267724,-0.9513502951764846,-0.7518962814571193,1.2380346284234574,-0.9134615510306232,-0.5279640399090737
-0.3523193453221831,-0.8136302292440457,-0.6290708881731177,0.19514632527970247,-0.7644473445766009,-0.019327091836459583,-0.21574658593469548,-1.4448319411967048,-0.8405712374037959,-1.1396226763096835,0.1268416130727023,0.9369615168576887,1.3134298173142909,3.6134015037463545,-0.3711271429771842,0.9057132585679941,0.3758415525437557,-0.2043508728795114,-0.9867335332825805,0.37794176823666364,0.23898749648469672,-1.0270113651011976,-1.5208110208344772,0.7515875207610172,-0.5626967074456576,-1.765159271876098
0.13800330922243187,-0.48789675858588416,1.2334285914942795,-0.19543964869852568,-0.3504472551112381,-0.5657082311153312,-0.340704274688078,0.8100935740400574,-0.10532088443348378,-0.5395814383398438,-1.3679392061132043,1.6769638517498684,-1.2013774799440051,-0.2908981659647552,0.37347594066703377,-0.016925549559806033,0.8750307161895666,0.35278406831334164,-0.2283215641791471,0.5877244120862599,-0.4320917678631283,-0.7175175456459305,-0.29466690190868694,-1.006417643196386,0.013476343633863795,0.21067198562701428
1.2727259214658528,-0.872070495057902,0.09370509935127838,-0.2600803586470428,-0.26824586028378306,0.5439542009537195,1.607222485548676,0.5749944073206366,0.0374933013740829,0.28997502630414457,1.7946537245589724,-0.626815345180675,-0.623425955542504,0.3998345827269251,-0.26984853930763025,-0.22920671670552534,-1.9497430925748753,-0.4600840724900594,-0.12576658178269065,-1.1307200970641873,-0.3283068657562614,-0.10130484848286661,0.4261430716040227,-0.758284441963587,-0.75097582125218,0.5779997735371748
-0.03655888968130952,1.1041326851343851,-0.171284521088746,-0.04288067821096425,-0.5488308205998014,0.4899662564427667,0.8004576765499634,-0.47693385258498927,-0.17304778956007358,0.5040221050567428,0.24473802628691801,-1.042250319447806,-0.3967711037507619,-0.2354891967492805,0.3837422881422241,-0.6411600860446355,0.03635796790507068,-0.8516817493261579,0.002874806850324701,2.1411881989751693,-0.10368915561313724,0.23281218825059097,-0.043954458451548044,-0.19347059878610567,0.729824709902558,-0.22116357818755172
-1.3497405903606943,0.337707149803529,-0.6769865483273572,-0.4889348029720178,1.6818198813641043,0.21428037697354424,0.7055855449677877,-0.3993643210503639,-0.7586533595878439,0.8502296841999762,0.5566662561619456,-0.3215857611185586,1.0455478834128107,0.13871464067489983,-0.04440756105492278,-0.570221253950686,-0.02938677070529752,-0.6288582998472066,0.6693647231235814,1.2051059137229414,0.11841908645916584,0.0038970570066941047,0.3592904723679297,0.05702869825997216,1.7828584956427302,-0.07127854437669487
-0.3135517629697775,-0.16758170728440425,0.043254376217918014,-0.2675959185237236,1.3455934538374554,-0.25059396073434553,0.2148134399300706,-0.22611523240015508,0.663804495647828,-1.436095521345596,1.021102332499417,1.6116409518084525,-0.25526889193665037,-0.3734338698606961,0.32484587367929163,-0.24482894284686144,-0.7642837823807666,0.7119403962809828,-0.48577569479922356,0.4691152458267989,-0.33311282990437147,1.4226565717709077,-0.49744487892820594,-0.8026880313602621,0.873723406059086,-0.9585860896941848
0.15012702053423396,4.0291356894589025,-1.785675828315091,-0.24430936512343748,0.22481564179720973,3.334151577004639,0.7983986016987831,-1.106579559732928,2.0681447479740838,-2.1101628997294464,-1.2583783593162106,-0.36041524369095373,-0.6451141851604489,-0.5785329558114378,-1.6176538628701804,-0.28443272103464795,-0.2501919897900832,-0.9626031313408069,-0.0864639599205403,1.3198440999872725,-0.48093056201976186,1.2956045047992228,-0.5293626508926313,-1.566223962825168,0.7539905683549343,-2.480428888905004
-1.1428772423447326,-0.24033652754033805,-0.13230109268536672,1.1175023299557858,-0.20432230235613094,-1.7830812622785317,-0.0542980204009603,0.7208737120746435,2.28093614372177,0.24180660927341396,0.5679442873861589,0.7760223271856082,-1.0792963382619911,1.142768356148398,-0.6918788673726238,-0.27136897475742666,-0.6138248005453074,-0.6063994277718178,-1.0661986120910822,0.424534559198243,-0.060726302390631884,0.9913010593524566,-0.8932356073835352,0.39008750004546233,-0.23479640529378212,0.14926028198993838
-1.2629730367978969,1.8147966103095916,0.3981900519090902,-0.03627140643705958,-1.4223167614972303,0.7235460578909074,0.6485100647378694,-0.9499851472718273,2.012513010523708,0.6503536041249814,1.853600822616987,-0.4634964123732705,-0.9312074493853983,-2.1727122147922033,-1.8932182913217868,0.17356685433146057,1.4706026866001787,1.0822185644124318,-1.3234622690555917,0.050843509517701134,-0.644918471410458,-0.05810005925009296,0.4365707735824446,-0.683068543963124,-1.2119363293238121,0.13313123447097336
1.0255721694184396,0.48592857384969323,0.26262223394834733,-0.4098450868996365,-0.5894555111687928,-0.5108337553371439,1.3841516742051863,-0.31488871751690023,-0.6584004927781442,1.15731902005857,-0.24212231030784606,1.3574866624415511,-0.7664149011622221,0.32765362895564415,-0.4909283218252495,-0.23901692559356408,-0.0046268911651484125,-0.26940500758783753,-0.20021701230036748,-0.98187360348312,0.8621790484333306,-0.6806705343409053,0.4287897342142739,-0.25761997516665874,-0.8891858708366587,0.7457595059861629
0.22106385260796468,0.10567923654112063,0.5003685040020031,-0.8804556648312498,-1.5814983217361835,0.5919843120159664,0.18629180502975112,2.3390752013083773,1.0364288898034801,-1.079018657590564,-1.096254866261944,0.33667470915023495,0.6230206986336977,-0.3080055664086415,0.20802653920735945,-0.34777209692420535,-0.1316611589603511,0.022107096748420752,-0.6000056821978191,-1.6699471544051836,-0.5151692711197087,1.6537726083035966,-0.06628097506660356,0.2619011011625907,-1.9311469013769864,0.5538666670652279
-0.5975127571072936,-0.46961114366913814,0.9272387859024533,-0.4757442507604953,-0.34884512897517067,-0.5744661329048828,0.21599959487866638,-0.82826957575505,-0.41902508831394114,0.44288928597530497,-0.12240842097992541,-0.5284557946654267,2.0215322269079694,0.05682834305770778,-0.9222115633335809,2.5454364914404635,-0.21008800165891245,-0.18849418467787196,-0.6465038371187346,-1.0021316864252408,-0.023896887632552637,-1.1029885676300522,-0.17056012493945175,1.441999910861886,-0.893047920097154,-0.30954998126443795
-0.49677932134651376,-0.4485112117985933,-1.4799630593622755,0.3399403989342257,-0.1213119057421547,1.0919775886413197,-1.1075870524840894,-0.08109795200012858,0.5715966472976254,1.1898345527182796,1.3898964519000347,0.33181891188428553,-0.9352042644411649,0.1657635494673128,-0.777042034454576,0.3610099614829138,0.5175132174527807,-0.6930051103403023,0.6206800246175757,-1.3964485363134542,-0.31738124666653106,0.9334921696767217,0.4097308762927272,-0.4750218918539453,-0.5688479261711413,0.47593158621282483
0.7731125860849812,-0.26874080668135336,0.6089331093507234,-0.6889369941101479,0.4947232355184402,-1.2472835168277754,0.25403068791800976,-0.4024720747176165,0.15144595368380673,1.7478398471367695,-0.293055998329032,-1.5034448391478268,0.6230206986336977,0.6049237301958112,-0.2775038196916083,-1.784150793659644,-0.03472704730722304,0.4316956183458794,1.163419748268001,0.032781775449807996,-0.3966365426773771,0.12820742212440908,0.8568346157481987,-0.001997853180313711,0.65946247979661,1.3450726796871675
0.9167639769467428,-0.06896064980780849,-0.4397465014550153,0.10290232715322764,-0.34133408601468307,-0.33706348935783575,-0.3789272607905581,-1.5167298618010605,-1.3227326110531759,2.252418892066594,-0.23109816139171047,-1.537423726501273,0.6329893379531939,0.3391835391533955,0.8792666667174533,0.19553899403955394,-0.8640522247839858,0.7385199947396746,-0.18252714999673894,-1.148093103161066,0.4056533428233232,-0.7811655766132377,0.8769481787588671,0.9193879082065732,-0.8196575186671684,1.2361376965395539
-0.044197299830048165,-0.5398617352537697,-0.45008388999434035,-0.6774539039998261,1.287152931704733,0.8792339895370216,0.6429967261380111,-0.4844268616785609,-0.5220316266336804,1.282030458307486,-0.860808000955933,-0.4672880391229727,-0.40901560223565203,0.5148890865991993,0.40869497145670824,-0.255511722986963,0.11951402343643391,-0.6785726383113829,0.1780514017812944,-0.10819062692915452,-0.07448557760907248,1.401979236318318,0.3806814136760202,-0.39850946682901567,0.7571351172752183,0.40418442266480054
-1.1041020586877097,0.17051679983195764,0.1929115833300916,0.25935751986470895,0.3104373019754642,-0.7770447331142823,1.143647651576776,-0.35000464386405655,0.14595846084428213,-0.2809968204048549,-0.44679804917350086,0.5702839952042011,-0.41798845907350923,-0.09147255086917436,0.2205381928430231,2.3465792687768503,-1.1418741557151613,-0.6502276128861902,0.9643570388768237,-0.12264687859779765,0.5236902418534749,-0.23927916726850976,-0.83391351146457,1.843854177556916,0.41451488698937694,-0.8325189395385183
0.290881780665352,-0.4141038822853728,-1.2034571846473243,-0.48239725117562626,-0.8789038489573551,0.038040118858321835,0.5170169391312497,-1.6727024030433857,-1.0475107079342065,0.40092491253139284,0.09108259068236105,-0.10177522045168591,1.9522947725973985,3.2568747907952282,-0.6814324375991532,1.4193871757803456,-0.03472704730722304,-0.8693502737872252,-0.4457392041178529,-0.9244901301485141,0.1782311952283393,-0.517405607223884,-0.6522257550092403,1.789081218221335,-1.1055060652980073,-0.9066065491745635
-1.1498571688599593,-0.8178902034076487,1.1662314168074874,1.6986624342129224,-0.4461861593422692,-1.4091390857660249,0.6265945438034325,-1.0850383718351992,0.25285024844751924,-0.5136469566450973,-0.293055998329032,0.29008940413003115,-0.246120042034876,1.3171380750645325,3.3466335020899725,-0.4394558435243398,-1.189858544507,-1.1383937144443794,0.002874806850324701,0.032781775449807996,0.341000965550201,0.5827358551911612,-2.7451051721326687,1.3501043433895095,-0.24519476442274088,-1.5982136872664479
0.11914716335066924,0.17480293682834686,0.11287637414195564,-0.48366826497830023,-0.03823942870336016,1.3299551578043474,0.19671317162794494,0.4280631399569245,-0.17616792170664933,-0.6441173491709744,0.5047703019253996,0.01416105901036062,-0.9815468226005918,-0.6606263749170711,0.25071052680287326,-0.5687534348835036,1.2776116950735887,0.5892296651141327,0.2069266646820042,-0.6994131363793875,0.3238892638073984,0.8791892636615438,0.38454291812202085,-0.9331677523799733,-0.3031856134111606,0.008543138365798937
-0.8621687803248894,-0.8330242419001058,0.18578760031437275,-0.3251017871076976,1.430244459184529,-1.5569756684182838,-1.1012803468777805,0.6382338757909383,0.8796405743492072,-0.0684723889715014,-0.5804037617627508,2.6908832730846437,0.05910576138101699,1.0574882784706603,-1.2147030276450714,-0.2515161949818069,0.5445878404465114,-0.9325244181558929,0.3214045770482022,1.2198785806836805,-0.00347673435840967,-0.3045078612565267,-0.4983078615351018,-0.4208477351776129,1.5368137966970048,-0.1952247577982531
-0.7848916172834872,-0.87058635763896,1.1758816039495956,1.23050568356134,-0.7727828087980531,0.1734486994079684,0.2766103155474292,-0.9853799317601803,-0.3770855220543315,-1.9127991458535758,-1.748126411250974,0.005401429006561772,1.9855524456211986,-1.1367640768013354,1.9035293798069297,1.1463334032261328,0.9669254397751013,-0.9377367114395636,0.08325887205674377,-0.13159824874384307,0.09151466881535165,-0.8545083407742406,-2.3834160366617785,1.4511821187456084,-0.4934424593852915,-2.4229860155753786
-0.006505581628849032,-0.8047010257570173,2.783543785047579,1.753859955032105,-0.17650113231192688,-1.3469413125495795,-0.8099726384971279,-1.09343835405459,1.3842387773614302,-1.1185206104950511,-1.0059769604680793,0.1446374692416207,-0.15427198123059827,0.2904919823083541,2.2313221084182793,-0.5025801697861497,0.39830175715194793,-1.7521802981191736,-0.8021944226296857,-1.151168836310628,-0.4054884054753207,-0.7755805672733911,-2.863057789338203,0.503069467259043,-0.9121654983340965,-2.0736283044576225
-0.2205751341736487,-0.19385679803685857,-0.2378708123692948,0.08990560015566629,-0.9283050228246164,-0.32029253109052935,0.660463985247562,-1.4517062173942314,0.20675738719128625,0.5913977315664969,-0.11844754877839847,-0.595031391253847,-0.2619226009561225,1.4401569164509485,-0.6936726987478665,0.8746778577442533,-0.4709305497462996,1.1019313809599027,0.03301883130273195,0.22817689854792178,-0.12768871264017795,-0.46949395477387934,-0.22826531764087132,-0.34486122025138405,-0.42338482767806673,0.001461014616456054
-0.6717322025669342,0.42242998575001844,0.9795502103687682,0.2941921822581754,1.211466128782241,-0.4714930312272014,0.8449940455293702,1.4590723719667,-0.18423722898227643,0.46113183808846675,-0.35928678953789206,0.9085494880189475,-0.8395333753189363,-0.2571012182487451,-0.9878610442876352,-1.2856862862819018,0.25941784322640743,-1.136039757423704,-0.9804440597695789,1.6950841281120868,-0.23966470298478687,-1.184585905343659,0.33820207130164676,-0.8511455578145446,1.2469697705827385,0.6007933685034955
-0.022495117149388868,-0.7654280401968241,1.0089788635513426,0.41268346902358805,-0.035692414776374304,0.18772876063218671,0.9030128884926172,0.11949944507227875,0.11823164373638717,-0.352312600295895,0.4170761327218057,0.16929128069054403,-0.8124633633737529,-0.3912927119940113,-0.1241512674835329,-0.5403913825853646,0.5764629718257762,0.09934959709930624,-0.7310536495442643,0.26059267933839225,0.38635738243832984,-0.8677859101482152,-0.3289659310032354,-0.41820263147771686,-0.11462182057139596,-0.15715856750341206
-0.024992154313219696,0.9158528919710839,-0.025704555059223998,-0.10708503258603819,-0.3337658160602105,-0.780214589320256,1.3397882107840986,-0.6045826146433427,-0.0571571669729736,0.600942968075966,-0.721096140370298,0.18760173308558195,-0.21135441240813282,0.6598659796571124,-0.2121058529827676,0.8187944312451235,-0.49170214510054155,-0.11832325351356505,-0.755032093667342,-0.2918133882274666,0.7199962448947618,-0.2350289400350408,-0.12393736412745968,0.6715423564951198,-0.5682866373582225,0.054728702531158586
-0.29345858189399315,-0.8335339485010306,-0.49612233330491473,-0.46184877851903644,-0.9970525634061035,-0.4144746071042491,1.7076884831801904,-1.1229519489746111,-0.48925387334978765,-1.674380605933924,-0.22136019094969536,-0.3391325448167337,3.5791237443025277,2.3608329273976945,-0.6777290972908977,1.2493383546563932,1.039927553986691,-1.2267757824642629,-0.15086564006214898,0.6342126805907047,-0.037890226150487934,-0.30324333083995786,-1.7685892964551344,2.881756517547652,-0.3201385374376407,-2.348071802175728
-0.38994802849912324,0.6023380775357733,0.4951127288565278,-0.7299449757481609,-1.116766888838652,0.998370677926664,1.1299221131009856,-0.6418537357889738,-0.7358799781063802,0.6111091503795446,-0.6795191778941999,0.7048466205353278,-0.5803644842102942,0.4649590654477822,-0.4887362840234913,0.8691296733811585,0.3475834354154773,-0.42899796183395444,1.20480507684676,-0.4442829977594834,0.16123692496456207,-0.6565390788913797,-0.11442601787784361,0.21784379472267004,-0.5091101531170907,-0.13789396654214173
-0.30454874433634926,0.3925588189538335,0.09424513526087491,0.23880462302615693,1.141673741331758,-0.7343609392065628,-0.4701075108452065,1.3856593515340787,0.4942210345752292,-0.3782762676863235,-0.13615432112719517,0.49939521119263824,-1.4531239438647539,-0.15042472288326972,0.2705495632909286,-0.29267576093914816,0.7311889616703106,-0.48555191593575386,-0.31469885921165536,-0.04073711392513627,-0.23146735075497923,0.4604979149228235,0.148276123931818,-0.04557372760901235,0.5554056606258394,0.25610575639961847
-0.0677001002877052,-0.6316402331892899,0.03270558865366983,-0.1575954512377574,1.3327487041769621,-1.074109376635103,-0.41814745766548034,-0.5456678013856409,0.3982200416402539,-0.13805037210090648,0.042729481576031826,1.5980614296972997,-0.5536621502714479,0.33746981187797637,-0.32552330573656124,-0.11268556718027103,-0.3255293822666072,0.010650075165274896,1.1808105316059287,1.2330661030525074,-0.3251717059648748,0.10516486786692943,-0.3171690504235239,-0.3465720748154374,1.7465273035613564,-0.4097447955797853
-1.4130003984840038,1.614693205333968,0.0008539522569725369,-0.3283297672569019,0.5349488460112567,-0.016306297929846857,0.9186040524703859,-0.18713666304710666,0.006739284399373547,-0.07662991213049425,-0.6190546927873488,0.9853436049991311,0.6831558417718474,-0.5095954743419991,-0.28987640798787556,0.12931377727613344,-0.05201799695345682,-0.8103538984983065,0.09607687164371344,1.1497779888052804,0.5697874141048588,-0.02659217637058097,-0.3479385692873045,0.05636684479651125,0.9080394703253516,-0.7072729491615701
-0.4301751613875547,1.4947516555540137,-0.1936426452018255,0.6769346527677828,0.08995242928925841,-0.6406054836019587,1.3226780528364743,-0.2004106682645847,0.6685375999615834,-0.1284630033450684,0.7670955348548354,-0.1418736435746329,-0.3276145318065713,-0.3962884446808422,-0.34622454683369275,-0.2771918454999296,-1.3127798034913076,-0.41680531438603874,-0.22073398423773982,1.2872171764284277,-0.11821517883481275,-0.33285441809461613,-0.27030940190591174,0.7155967150916804,0.6180251387411433,-0.4346109416829582
-0.6073521350196572,0.5447506909535624,-1.5495470255638952,-1.0492141456985398,2.26231530593153,-0.29122981459004194,-1.4259777553914128,0.5109565668231351,-0.9218019859271634,2.137630274496688,1.7946537245589724,-1.126277478316547,-0.3443707344582799,0.37533413703626645,-1.9977546831198059,1.9680492457707,-1.2467044805851546,1.6299328461247802,-0.5820316055057007,-0.7434240507349794,-0.5188650775074388,-1.0867604272840834,2.980493834103107,0.7610687912080862,0.7877627307883813,2.3411076774400525
0.33837420847183075,0.7796353143415743,0.12039238528148205,-1.1741176266036062,-0.7533425320447326,1.3791909427610882,-0.4572275824087066,-0.360164246383882,-1.3488766802065768,0.32156123793343216,0.6672904741994502,-0.5251534337235407,1.3973460857747906,-0.13318931812268237,0.684886713125989,-0.6151830245079307,0.2197249957822382,0.37584263812804425,-0.9843419939660107,-0.23239732018334647,-0.26802687825734317,0.45565054832597573,0.6643074423150483,0.1257237416497434,-0.8551530578736669,0.23414751014663443
0.1658589792602634,0.5549832884080899,-0.7445056373299893,-1.5784348203481546,0.5802604532330504,0.8568388793694651,0.005654783994394619,-1.2711928165036308,-0.6597884044258937,0.051724744300369274,-0.9332869800146865,0.4609021892041128,1.08656242699027,1.388359509551405,-1.1676428110063826,0.7931811940996892,-0.7455771994301629,-0.3874814248490383,2.655548958662157,0.9539302129123448,-0.24410753620128664,0.921340749035027,0.1534062236776941,-0.025153382004807195,1.6143784598059256,-0.7806341408904441
0.23815107531082483,0.08428380549983665,-0.47154320102463565,-0.3746031758155141,-0.9838486706912465,-0.39176122386845763,0.32499523189618573,-0.7570519693241531,-0.4714661427218561,-0.7155654212684784,-1.2991332552636319,0.7781259329131216,0.9044567479930451,0.37091044545323115,-0.2048394122373409,0.32894127083869124,2.224760936226407,1.133847369655809,0.09761316941503294,-0.3619961263198504,-0.05246566876950543,-0.17956523093052787,-0.29619093782878386,-0.7121297829287347,-0.7262426641266818,-0.4741987963194067
1.6732767562016222,-0.9374109544598425,-0.6808144021920733,0.26114582338865144,-0.7339937389467217,1.3176512050524811,0.9640935661937572,-0.5820563625153977,-1.5950938996582544,1.1292566919846698,-0.9121970182650412,-2.1274138952125603,0.3939765505045675,-0.8454798356486091,1.2035677793027215,-1.5587166402546075,0.37923862951731274,1.0243943025398488,0.08089463484479036,-0.03585281400818468,-0.16410550358043186,-0.5568870568967608,0.9255821024293998,-1.0088409196119337,-0.42435237553284894,1.1734275164783605
0.6584254642149382,-0.4542283147765548,-0.19780968439073549,0.5050327527695417,1.101768235812683,-0.5406840233758052,-0.8988424545071002,-0.31683201542705475,1.1649978393608174,-0.712143074410455,1.3579028285359132,0.7057476341529173,0.9732023433001641,-1.179406009842122,-1.3471485294209498,-0.5460872227420903,-0.755043726879742,-0.27938179081968456,0.9887960715067806,0.38146508228590936,-0.15916653080380488,-0.7786365157800996,-0.07455621590548626,-0.012224779021930516,1.1344257867899026,-0.6832500271496479
2.8254188205645487,0.8697562676730384,-1.1245984921852938,0.32904256071859095,-1.1054382641104545,0.9588520667399746,0.015515862065803755,-1.8205716904299865,-1.738750230596612,0.9523913249628746,-1.7562141475411606,-1.0514055456453253,1.7755487676492945,-0.3912927119940113,1.1821852883630337,-0.9908475073205157,-0.5347916084160403,-0.815364222845391,0.7499678992340542,-0.65369857372616,-0.20296953495586684,-0.686255543680752,0.21438792821027344,-0.33162650244391845,-0.7431677967039477,-0.12653123798256186
1.4769747212681772,-0.3436248153258481,-1.0195359708800804,-0.7910802851614024,-0.5783800412648484,0.3859863151854673,1.5749389042390542,0.27445317862213475,0.4141752628443347,0.32156123793343216,-0.11844754877839847,0.872405716882582,0.21215416668128098,-0.4245497319326138,-1.00579935804006,-0.5005783412577627,-1.7795410570635297,2.0514320446631014,-0.6452217188764299,-1.6978607434191997,-0.5035818112583602,1.4621785693989764,1.144405614282155,0.24776264829932657,-1.3691628557255724,1.4083691606969226
-1.058022646844443,0.2639246887709966,-0.22066434661591247,-0.02861916210192102,-0.6378012645485824,-0.5718210824765564,-0.7543840026260678,0.9545714756097154,0.5981118695555284,-0.5475886539574326,-0.4742534459759151,0.9976586596255836,0.13165056462964672,-0.5015128601088222,-1.074506484299348,0.6670920163854579,1.5948633957670635,0.2862671038164216,-0.09495108382541195,1.0434643663535286,0.07377727036968594,-0.5491593710177278,-0.01720329109684145,-0.061463941279172984,0.10885777055046969,0.05205477130692858
-0.890234250000116,0.34009874186301764,1.0762329323734758,-0.3164470577221498,0.014971014423454287,-0.1705921234559433,-1.9813524473945274,-0.07872521442469202,0.4953387794042231,-0.20637972787038708,0.29150272407960953,0.7356879738885049,-1.2513002029820086,2.00767633117638,-0.07846652970818047,-0.6002345875622564,-0.10426673610185848,1.2864890547231849,-0.674710438449437,0.28643134518586877,-0.4777251132372635,-0.7156207500210762,-0.17707351362041263,0.037555588927683854,-0.055085633391138374,0.13211946207631547
-0.46765424299471287,-0.16633186512969264,0.3726730546837245,0.6555585822205852,0.33520788356416786,-1.150170175464826,0.5319431858217307,-0.2354361946367537,-0.2300534471569713,0.7301707854349294,0.07862404184955904,-0.27774769219732154,-0.6698848788365263,0.4882745699281233,0.0565560643076043,-0.04513313517385197,0.5704561903109552,-0.2258600082186895,0.8703709483887889,-0.2842260651904523,0.5878421648978401,-0.9444305037302596,-0.13265710554379245,0.30549072334276955,0.3212347713722559,0.23567354631348544
2.2254254080014406,-0.6316402331892899,-1.570710121112045,0.9031233404483454,-0.1746204471574236,0.6915877390548893,-0.10550645971967103,-1.4829489213945275,-1.0058394243188429,1.1666535531578637,-0.6019786398416902,-0.552029571235197,0.6132960469898534,-1.2762186338385677,0.15467155471296745,-1.2411009099511556,-0.7729175898964297,1.2136373413955739,1.1808105316059287,-0.5705811870839279,-0.351739955619266,-0.9348762739161824,0.9555865161609455,-0.9882656715071517,-0.024829538266744878,0.8694638066453368
-1.5040884395077114,0.14312124086336825,-0.4658564836016072,0.22396866966043782,1.52116984809376,0.20941660361646822,-0.3048150959101245,0.24906848162189416,0.6838185011932975,-0.5843184192632809,1.8197062412336287,1.5711852921856437,-0.3330341161017332,1.032252337117044,-1.7080843414474955,-1.5320204905092742,1.5646857949693915,-0.18268716405030877,-0.5773976638585138,0.6468807337581658,-0.5097217416549138,-0.8717902564673506,-0.1296109981573867,-1.7716867645013232,1.0364029982213407,-0.6171182316152427
0.5839455482930824,-0.4974497540763907,2.331507852005699,1.8983952239942976,-1.076805917933502,-0.3364349087847608,0.6425735805118367,-1.1546536908722276,0.6019282383226018,-1.1198581484037806,-0.7569705471351156,-1.0228169913039376,0.3844484321206083,0.026631405479605335,-0.2930044664284668,0.3945282141498697,0.6656930235768925,-1.2575103160978163,-0.5150852701964553,-0.9521331452682238,-0.12698079060976245,-1.3122332257273204,-1.9348619341377384,1.739590095423122,-1.2563823763774795,-1.8211087445468503
1.1779483239681265,-1.0924649017707966,-0.24407450410350728,-0.9096394622744653,2.559836063199739,-0.85420570654917,2.2765201912960196,1.2817824246634317,1.194461556967707,-0.10981002739833554,0.7130212586055683,-0.31995625684883233,-2.1582296715057376,-1.3587529635136644,-0.3865004308730093,-0.8716792203535446,1.843948354731975,-1.6942638508980734,0.5713049822385744,1.392572325989743,-0.6460788507178887,1.6374777524267021,0.5896115643207471,-0.16495792887089042,2.361079677256817,0.20021013824881848
0.8609082882765066,-0.4970017005013196,-1.0744722772011197,-0.5857168912556423,-0.6584833502966025,1.8591733665292263,-0.09608956219118278,-0.11090487222489216,-0.0831278366129741,1.2573969258346778,0.2854659730736682,0.13574050195465584,0.3549483738009811,0.4530418759286257,-1.3254471416525475,-1.213060468451578,-0.5357479376589336,-0.2937201970134752,0.11473456023998037,0.10307021043690939,-0.29448640922342123,-0.08721938467608417,0.8477301974807064,-0.6584578441142742,-0.30150876958499,0.8936086223645772
0.37729825740257467,-0.5417858409867676,0.21973353530113307,-1.1063658962927985,0.24525953928669486,0.0011233644814508947,-0.23787813573015273,-0.023940752689886616,-0.9603292669010755,0.43913822182846085,-0.6729144916411332,0.46851501527983785,0.5145596814137754,-1.0299950486518588,0.7490074404875464,-0.32053087230763805,0.33059844870024896,0.7157834787296324,2.0016167513213574,0.14140373604195489,-0.23806426110804582,1.2841303764555894,0.6473829950713886,-0.050980919622670276,0.8203184336201995,0.6392023127719743
-0.850718566532779,1.1723197499163645,0.07670175142163124,-0.7210124788000236,0.19828272268488054,-0.5506944717964184,0.6951595106293526,-0.28277187748070937,-0.015837406192473195,-0.8583857986850161,-0.6806015814779978,0.7957103976420025,0.10808853476087545,0.3287235330394043,0.2756962756392712,1.5455345401842606,0.5965268017509527,-0.5845561680566845,-6.607358405655243e-05,0.33438470065003273,0.5262782408791218,1.1853652231088307,-0.6866291226319495,0.238432208734853,0.2806832271356602,-1.146998196254557
0.8665362179041683,-1.0924649017707966,-1.258934844213156,-2.0826036287421665,1.6198666377644642,0.11811346216412244,-1.9813524473945274,0.9817532830732854,-1.3462174766725632,1.878310239662646,3.302087206521183,-0.1697911710694201,-1.801659111231451,-0.638712087382649,-0.6100832230399856,-0.034323390598959724,1.9611214567302615,0.5262160464068315,0.7170563092612023,1.347583391315138,-0.41448707786262795,1.736481950113952,2.9273217852716344,-2.141911853242327,1.8308776293626936,2.2563797075583882
-0.2336499725981044,-0.22538690693980365,-0.3338647792039524,0.7377091039280956,-1.2475348305633525,0.36275345840007267,-0.02049004799756483,1.6550244189861019,1.0000397888117167,-0.21608290351590423,0.41456771827090255,-0.5190237883261454,-0.6029251882040799,-0.14852407674425747,-0.7593835743883282,-0.6694694534159047,0.8351290598958477,0.0867789685795981,-1.3234622690555917,-0.1773047102872618,-0.11149054606963996,-0.482314888164093,0.18105072974289416,-0.35234909673669124,-1.2212723173962508,0.7490308168453051
1.1386438833969474,0.4003684097181621,-0.37658054114494094,0.2123783811734324,-1.3314548397672619,-1.1954268782359092,-0.5345025216258948,-1.1073287098699307,1.2619706575038816,0.2822646611907534,-0.7219485977106838,1.1109857984180935,-0.2680595170420436,-0.34723078716751876,0.2484312847468021,0.7322565038022966,-1.1631153955800448,-0.39145801243736295,-0.550838729692922,0.9837408419564398,-0.3066525378925283,1.4304653535603233,-0.7430795631212037,0.49196523411884824,-0.4662356121203494,-0.3548167949388951
1.0110057516451798,0.039801895603008605,0.7689819605349192,-0.7772593501609103,-0.42325865768680654,0.3662663302164213,-0.13773749043573366,0.8065722566340531,-0.4005279394629997,-1.0090757667519497,2.2216656926218383,-0.15895451539461664,-0.2945051966700335,0.2943395365056365,-0.04939750969341875,-0.8518751710142913,-0.37549541920120955,0.7990585191600945,-0.5030475829282207,-0.09067110792145967,-0.3398667411339543,-0.4401287484335557,0.5762481985736589,-0.9835958441654323,-0.4457115762857942,0.18539849238988249
-0.369953026761547,-1.0924649017707966,0.9601715384201123,-0.5319667894799113,-1.724212824019383,-1.561473738884377,0.6485100647378694,2.116088059031753,1.2967179886622073,-0.34736116224937175,0.49781756728265947,-1.669233718778553,0.29581477273494067,-0.16175406457463665,1.4728535245744188,-0.02418240304137828,0.5297716029080529,0.11848086653605777,-1.3234622690555917,0.050843509517701134,-0.591808054422987,1.8436136553779405,-0.35773799060703676,0.38135193231889825,-1.3893201027001545,0.8964123290003742
-0.6842960702943421,0.7903330298622165,-0.5170369404088612,2.011658661791409,-0.3924199082073717,0.1816699346556256,0.31789877749836853,0.03366119564842342,-0.4048290347342735,0.24556647033881493,-0.6332930343105512,-1.217943469809719,1.1792707726615845,-0.5610728972606961,0.31107788068795666,-0.4874806631720291,-0.6744921842178688,-0.16513337026756061,-1.3234622690555917,-0.22163065013508246,-0.25075127764874827,-1.1652666906460771,-0.2640301222285248,2.394497577375333,-0.7406023029238146,0.01675081392530585
-1.1813592875362968,1.525995797851274,-0.6959990675229678,-1.1753859621712959,0.11915253787084762,-0.9032064464358681,-0.7970435015335805,0.3988550049809303,0.6188458818662167,-0.42004237039584785,-0.9926461438795815,0.1713123019261987,1.4334512700650563,1.5628756073006942,-2.263263272407065,1.4818549875464677,-0.6914396050631846,1.9534119138172332,0.257601794938216,-0.1644619297022139,-0.530718472417932,0.46963063459804416,0.8011889292789376,0.03890807302825666,0.06734134754266577,0.4390108008620957
0.9628390052204402,-0.11204940070790988,0.19394173268829334,0.637473965413959,-1.0190400871185417,-0.6399381247757473,-0.08092045137961817,-0.2699285275041742,0.47214646507255115,-0.240273817505684,0.13762010305993666,0.21112706458993996,-0.07450861842571448,-0.15641145524887215,1.1308806599626464,-0.9063836596313648,-0.37806540452281917,-0.6952169028186487,1.4673426303001091,-0.5503185638153542,0.5947036974649695,1.0435720884734485,-0.8284085650375771,0.1040221886717192,-0.42417141015299725,-0.4163654711756952
-1.2669031982112597,0.03537249003870995,0.3899458247231094,0.20491045475004918,0.6835743543357824,-0.994408923792222,1.2979382156556492,-0.29778864617546663,0.8416893684079527,-0.1888001358084602,0.0403650263630086,0.5845221999178735,-1.0362093510338382,0.5855946856284694,-0.4397995072453325,1.5471747765716448,-0.10511685454678044,-0.1301116203244734,-0.7397442405395405,-0.31480724373939667,-0.15589802607889758,-0.13853824408184431,-0.6993765007487447,1.025918838726233,0.0228108657921994,-0.5706131153721341
0.7299087721606929,-0.3110665506978069,-1.840850811344312,-0.8493685762504333,1.9319513481856618,0.5971022746701403,-0.9210916717522173,0.47311602471097497,-1.2722222479000154,0.5478216518493564,0.519252875667392,-0.9353066627057726,0.2327662000568206,-0.145857162201375,-1.571246204583889,1.4327528370494191,-0.19909358445817937,0.6308236347746833,1.5074548099530836,-0.22329506289616727,-0.05771583203845729,-1.0155954655071724,2.122993842057633,-0.252949915767209,1.4824741097484704,1.0224607735129403
-0.15263067466878485,-0.4012278988985365,-0.034103399253234856,1.1388386274897013,-0.46173838074492574,-0.5760922414404899,0.102920872244202,0.7561115319600348,0.6109563243613292,0.2968509363186842,0.25763218871527266,0.09299772904455217,-0.7967784413675525,0.33746981187797637,-0.32552330573656124,-0.8649624623608607,-0.10183527845169645,-0.333060572329096,-0.9060834689453384,0.6318503396736953,0.47860154243100206,-0.8666970089561699,-0.22799509352906716,-0.515087627751944,-0.235705352770089,0.4828978853270174
-0.8991007043502498,-1.0924649017707966,-0.5139813907487266,1.6357757065134564,-0.719394586072516,0.4848126462875193,-0.8136149886491721,-0.5136090566092176,0.37393000338926535,0.013752018117464114,-1.5257395302312624,-1.2395773278766706,0.48810930008215775,0.21905237618484708,1.0206946239316446,-1.0616281338854505,0.10850395349366808,2.4307321342021324,-0.20993300756741565,-1.0166858473308926,0.010031714624520998,-0.654361276507288,-0.44014118727164075,0.27784627348335494,-0.9855734543435523,0.4778164174938051
-0.03185149738034282,0.056917556493542784,-0.30755414045358936,-0.08468816478077976,0.17843445373651057,-0.17451986223705335,0.40998765084679134,-0.0821132629626413,0.1797448266411219,0.8011709525304067,0.14468332403278805,0.15900052256154962,-0.2663326173992613,0.3912594267351946,-0.49042743223201946,-0.07201013040597153,-0.5554661122344927,-0.797069946446497,-0.21304053108784793,0.8825233572950938,0.4687541981418351,-0.1493570043124908,0.09467763308845047,-0.21272258656846826,0.47362203815464976,0.234440239643906
-0.03002928100577482,-0.738174968398993,0.41631848695783263,0.20358119826109472,0.9831131560179875,0.7419736368971594,-1.019897335432146,1.939470938852975,-0.025193785582015293,-0.33126898859817266,1.5037212728532894,0.7033461422124868,-1.373199325095413,-1.3456245884930427,0.14090252645635012,0.4606222279371945,-0.6538545991562351,-2.1975984396507107,-1.3234622690555917,1.8453641846502828,-0.21645851810701827,-0.8607256153223717,0.17443543856222193,-1.2637142999700959,1.082608610157275,0.004616557657997929
